z6-25818,Port1,Port1.1,Port1.2,Port2,Port2.1,Port2.2,Port3,Port3.1,Port3.2,Port4,Port4.1,Port5,Port5.1,Port7,Port7.1,Port8,Port8.1
# Records: 10192,TEROS 12 Moisture/Temp/EC,TEROS 12 Moisture/Temp/EC,TEROS 12 Moisture/Temp/EC,TEROS 12 Moisture/Temp/EC,TEROS 12 Moisture/Temp/EC,TEROS 12 Moisture/Temp/EC,TEROS 12 Moisture/Temp/EC,TEROS 12 Moisture/Temp/EC,TEROS 12 Moisture/Temp/EC,TEROS 21 Water Potential/Temp,TEROS 21 Water Potential/Temp,TEROS 21 Water Potential/Temp,TEROS 21 Water Potential/Temp,Battery,Battery,Barometer,Barometer
Timestamps, m3/m3 Water Content, degree_C Soil Temperature, mS/cm Saturation Extract EC, m3/m3 Water Content, degree_C Soil Temperature, mS/cm Saturation Extract EC, m3/m3 Water Content, degree_C Soil Temperature, mS/cm Saturation Extract EC, kPa Matric Potential, degree_C Soil Temperature, kPa Matric Potential, degree_C Soil Temperature,% Battery Percent, mV Battery Voltage, kPa Reference Pressure, degree_C Logger Temperature
2024-05-22 10:30,0.43,6.3,0.379,0.222,5.4,0.072,0.216,3.3,0.137,-0.9,5.8,-693.9,4.5,81,7643,64.76,16.2
2024-05-22 10:45,0.429,6.4,0.367,0.225,5.4,0.067,0.214,3.3,0.133,-0.6,5.7,-391.1,4.4,86,7684,64.89,16.8
2024-05-22 11:00,0.429,6.6,0.366,0.228,5.3,0.068,0.212,3.4,0.136,-0.5,5.6,-247.6,4.3,91,7726,64.92,15.3
2024-05-22 11:15,0.429,6.7,0.37,0.23,5.3,0.068,0.215,3.2,0.157,-0.4,5.6,-187.2,4.3,96,7767,64.92,15.1
2024-05-22 11:30,0.429,6.7,0.369,0.23,5.4,0.068,0.216,3.2,0.156,-0.3,5.7,-153.6,4.3,100,7805,64.91,15.3
2024-05-22 11:45,0.429,6.7,0.37,0.23,5.4,0.068,0.216,3.2,0.158,-0.3,5.7,-132.4,4.3,100,7843,64.91,15.5
2024-05-22 12:00,0.429,6.7,0.37,0.23,5.4,0.068,0.216,3.2,0.16,-0.3,5.7,-116.7,4.3,100,7878,64.89,15.3
2024-05-22 12:15,0.429,6.7,0.371,0.23,5.4,0.068,0.216,3.2,0.16,-0.2,5.8,-104.1,4.4,100,7909,64.88,15.2
2024-05-22 12:30,0.429,6.6,0.372,0.23,5.4,0.068,0.217,3.2,0.161,-0.2,5.8,-93.9,4.4,100,7933,64.86,15.2
2024-05-22 12:45,0.429,6.6,0.37,0.231,5.4,0.068,0.217,3.2,0.159,-0.2,5.8,-85.8,4.4,100,7953,64.84,15
2024-05-22 13:00,0.429,6.6,0.371,0.231,5.4,0.069,0.218,3.2,0.162,-0.2,5.8,-79.2,4.4,100,7980,64.83,14.7
2024-05-22 13:15,0.429,6.6,0.372,0.231,5.4,0.069,0.218,3.2,0.161,-0.2,5.8,-73.7,4.4,100,8001,64.81,14.6
2024-05-22 13:30,0.429,6.6,0.372,0.231,5.4,0.068,0.219,3.3,0.163,-0.1,5.8,-69,4.4,100,8024,64.8,14.4
2024-05-22 13:45,0.429,6.6,0.373,0.232,5.4,0.069,0.219,3.3,0.162,-0.1,5.8,-65,4.4,100,8045,64.8,14
2024-05-22 14:00,0.429,6.6,0.374,0.232,5.4,0.07,0.219,3.4,0.164,-0.1,5.8,-61.4,4.4,100,8062,64.79,13.8
2024-05-22 14:15,0.429,6.5,0.375,0.232,5.4,0.069,0.218,3.5,0.164,-0.1,5.8,-57.3,4.4,100,8077,64.79,13.8
2024-05-22 14:30,0.429,6.5,0.376,0.233,5.4,0.068,0.218,3.6,0.162,-0.1,5.8,-53.1,4.4,100,8091,64.78,13.7
2024-05-22 14:45,0.429,6.5,0.379,0.233,5.4,0.07,0.218,3.6,0.164,-0.1,5.8,-49.4,4.4,100,8102,64.77,13.6
2024-05-22 15:00,0.429,6.5,0.381,0.233,5.4,0.068,0.218,3.7,0.164,-0.1,5.8,-46,4.4,100,8115,64.78,13.4
2024-05-22 15:15,0.429,6.5,0.383,0.234,5.4,0.07,0.217,3.8,0.165,-0.1,5.8,-42.9,4.4,100,8127,64.78,13.2
2024-05-22 15:30,0.428,6.5,0.387,0.234,5.4,0.071,0.217,3.9,0.167,-0.1,5.8,-40.2,4.4,100,8137,64.76,12.9
2024-05-22 15:45,0.428,6.5,0.39,0.235,5.4,0.072,0.217,4,0.165,-0.1,5.9,-37.7,4.5,100,8141,64.75,12.6
2024-05-22 16:00,0.428,6.5,0.396,0.235,5.4,0.073,0.217,4.1,0.166,-0.1,5.9,-35.4,4.5,100,8152,64.74,12.2
2024-05-22 16:15,0.427,6.5,0.4,0.235,5.4,0.073,0.216,4.2,0.166,-0.1,5.9,-33.3,4.5,100,8159,64.74,11.9
2024-05-22 16:30,0.427,6.5,0.408,0.236,5.4,0.073,0.216,4.4,0.166,-0.1,5.9,-31.3,4.6,100,8162,64.73,11.5
2024-05-22 16:45,0.427,6.5,0.413,0.236,5.4,0.073,0.216,4.4,0.166,-0.1,5.9,-29.6,4.6,100,8167,64.73,11.1
2024-05-22 17:00,0.426,6.5,0.421,0.237,5.4,0.073,0.216,4.5,0.167,-0.1,5.9,-28,4.6,100,8164,64.72,10.5
2024-05-22 17:15,0.426,6.5,0.43,0.237,5.4,0.074,0.216,4.6,0.167,-0.1,5.9,-26.6,4.7,100,8164,64.73,10
2024-05-22 17:30,0.425,6.5,0.441,0.237,5.4,0.073,0.215,4.7,0.165,-0.1,5.9,-25.3,4.7,100,8163,64.73,9.4
2024-05-22 17:45,0.425,6.5,0.449,0.237,5.5,0.075,0.215,4.8,0.166,-0.1,5.9,-24.1,4.7,100,8156,64.74,8.3
2024-05-22 18:00,0.425,6.5,0.461,0.238,5.5,0.075,0.215,4.8,0.168,-0.1,5.9,-23,4.8,100,8151,64.74,7.5
2024-05-22 18:15,0.424,6.5,0.473,0.238,5.5,0.076,0.215,4.9,0.167,-0.1,5.9,-22,4.8,100,8147,64.75,6.8
2024-05-22 18:30,0.424,6.5,0.488,0.238,5.5,0.077,0.215,4.9,0.168,-0.1,5.9,-21.1,4.9,100,8146,64.76,6.4
2024-05-22 18:45,0.424,6.5,0.499,0.238,5.5,0.078,0.215,4.9,0.168,-0.1,5.9,-20.2,4.9,100,8145,64.76,6
2024-05-22 19:00,0.423,6.5,0.514,0.239,5.5,0.076,0.214,5,0.168,-0.1,5.9,-19.4,4.9,100,8141,64.78,5.8
2024-05-22 19:15,0.423,6.5,0.527,0.239,5.6,0.077,0.214,5,0.168,-0.1,5.9,-18.6,5,100,8140,64.8,5.4
2024-05-22 19:30,0.422,6.5,0.54,0.239,5.6,0.077,0.214,5,0.167,-0.1,5.9,-17.8,5,100,8139,64.81,5
2024-05-22 19:45,0.422,6.5,0.556,0.239,5.6,0.078,0.214,4.9,0.168,-0.1,5.9,-17.2,5,100,8137,64.83,4.5
2024-05-22 20:00,0.421,6.6,0.57,0.239,5.6,0.079,0.214,4.9,0.167,-0.1,5.9,-16.6,5,100,8139,64.83,3.6
2024-05-22 20:15,0.42,6.6,0.583,0.239,5.6,0.077,0.214,4.9,0.166,-0.1,5.9,-16,5.1,100,8138,64.83,3.8
2024-05-22 20:30,0.42,6.6,0.598,0.239,5.6,0.078,0.214,4.9,0.166,-0.1,5.9,-15.4,5.1,100,8133,64.84,4.1
2024-05-22 20:45,0.419,6.6,0.61,0.24,5.7,0.079,0.214,4.8,0.168,-0.1,6,-14.9,5.1,100,8134,64.86,4.2
2024-05-22 21:00,0.419,6.6,0.621,0.24,5.7,0.078,0.214,4.8,0.165,-0.1,6,-14.4,5.1,100,8133,64.86,3.8
2024-05-22 21:15,0.418,6.6,0.634,0.24,5.7,0.079,0.214,4.8,0.166,-0.1,6,-14,5.1,100,8132,64.87,3.7
2024-05-22 21:30,0.418,6.6,0.644,0.24,5.7,0.079,0.214,4.7,0.166,-0.1,6,-13.6,5.1,100,8131,64.86,3.2
2024-05-22 21:45,0.417,6.6,0.653,0.24,5.7,0.08,0.214,4.7,0.166,-0.1,6,-13.2,5.1,100,8131,64.88,3.1
2024-05-22 22:00,0.417,6.6,0.663,0.24,5.8,0.081,0.214,4.6,0.166,-0.1,6,-12.9,5.1,100,8130,64.89,2.9
2024-05-22 22:15,0.416,6.6,0.67,0.24,5.8,0.082,0.214,4.6,0.166,-0.1,6,-12.5,5.1,100,8131,64.9,2.4
2024-05-22 22:30,0.415,6.6,0.678,0.24,5.8,0.081,0.214,4.5,0.166,-0.1,6,-12.2,5.1,100,8124,64.9,2
2024-05-22 22:45,0.415,6.6,0.686,0.24,5.8,0.08,0.214,4.5,0.166,-0.1,6,-11.9,5.1,100,8126,64.91,1.8
2024-05-22 23:00,0.414,6.6,0.691,0.24,5.8,0.08,0.214,4.4,0.168,-0.1,6,-11.6,5.1,100,8125,64.9,1.6
2024-05-22 23:15,0.414,6.6,0.697,0.24,5.8,0.083,0.214,4.4,0.167,-0.1,6,-11.3,5.1,100,8124,64.9,1.3
2024-05-22 23:30,0.414,6.6,0.703,0.24,5.8,0.081,0.214,4.4,0.166,-0.1,6,-11,5.1,100,8125,64.9,0.5
2024-05-22 23:45,0.413,6.6,0.705,0.24,5.8,0.081,0.214,4.3,0.166,-0.1,6,-10.8,5.1,100,8127,64.9,-0.1
2024-05-23 00:00,0.413,6.6,0.709,0.24,5.8,0.082,0.214,4.3,0.165,-0.1,6,-10.5,5.1,100,8127,64.89,-0.4
2024-05-23 00:15,0.413,6.6,0.709,0.24,5.8,0.083,0.214,4.2,0.167,-0.1,6,-10.3,5.1,100,8095,64.88,-0.2
2024-05-23 00:30,0.413,6.6,0.713,0.24,5.9,0.08,0.214,4.2,0.166,-0.1,6,-10.1,5.1,100,8108,64.88,-0.3
2024-05-23 00:45,0.413,6.6,0.713,0.24,5.9,0.08,0.214,4.1,0.165,-0.1,6,-9,5,100,8110,64.86,-0.7
2024-05-23 01:00,0.413,6.6,0.715,0.24,5.9,0.081,0.214,4.1,0.163,-0.1,6.1,-8,5,100,8112,64.86,-0.5
2024-05-23 01:15,0.413,6.6,0.714,0.239,5.9,0.081,0.214,4,0.164,-0.1,6.1,-7.2,5,100,8112,64.85,-0.2
2024-05-23 01:30,0.413,6.6,0.713,0.239,5.9,0.084,0.214,4,0.163,-0.1,6.1,-6.4,5,100,8112,64.82,0
2024-05-23 01:45,0.413,6.6,0.715,0.239,5.9,0.083,0.214,3.9,0.163,-0.1,6.1,-5.9,5,100,8114,64.81,-0.1
2024-05-23 02:00,0.414,6.6,0.713,0.239,5.9,0.084,0.213,3.9,0.163,-0.1,6.1,-5.4,5,100,8110,64.8,-0.3
2024-05-23 02:15,0.414,6.6,0.714,0.239,5.9,0.083,0.213,3.9,0.163,-0.1,6.1,-4.7,5,100,8111,64.79,-0.8
2024-05-23 02:30,0.414,6.6,0.713,0.239,5.9,0.083,0.213,3.8,0.163,-0.1,6.1,-3.1,4.9,100,8112,64.78,-0.5
2024-05-23 02:45,0.414,6.6,0.714,0.239,5.9,0.082,0.213,3.8,0.164,-0.1,6.1,-2.2,4.9,100,8110,64.78,-0.6
2024-05-23 03:00,0.415,6.6,0.713,0.239,5.9,0.083,0.213,3.8,0.164,-0.1,6.1,-1.4,4.9,100,8111,64.77,-0.5
2024-05-23 03:15,0.415,6.6,0.713,0.239,5.9,0.083,0.213,3.7,0.163,-0.1,6.1,-1,4.9,100,8109,64.76,-0.4
2024-05-23 03:30,0.415,6.6,0.712,0.239,5.9,0.083,0.213,3.7,0.162,-0.1,6.1,-0.7,4.9,100,8110,64.76,-0.9
2024-05-23 03:45,0.416,6.6,0.715,0.239,5.9,0.083,0.213,3.6,0.164,-0.1,6.1,-0.5,4.9,100,8115,64.75,-0.9
2024-05-23 04:00,0.416,6.6,0.716,0.239,5.9,0.084,0.213,3.6,0.163,-0.1,6.1,-0.3,4.8,100,8111,64.75,-0.7
2024-05-23 04:15,0.416,6.6,0.717,0.238,5.9,0.083,0.213,3.6,0.163,-0.1,6.1,-0.2,4.8,100,8112,64.75,-1
2024-05-23 04:30,0.416,6.6,0.719,0.238,5.9,0.084,0.213,3.5,0.163,-0.1,6.1,-0.2,4.8,100,8111,64.75,-1.2
2024-05-23 04:45,0.416,6.6,0.72,0.238,5.9,0.084,0.213,3.5,0.163,-0.1,6.1,-0.1,4.8,100,8108,64.76,-1.3
2024-05-23 05:00,0.417,6.6,0.722,0.238,5.9,0.084,0.213,3.5,0.163,-0.1,6.1,-0.1,4.8,100,8105,64.75,-1.6
2024-05-23 05:15,0.417,6.6,0.726,0.238,5.8,0.083,0.213,3.4,0.162,-0.1,6.1,-0.1,4.7,100,8107,64.76,-1.9
2024-05-23 05:30,0.417,6.6,0.729,0.238,5.8,0.084,0.213,3.4,0.163,-0.1,6.1,-0.1,4.7,100,8106,64.76,-1.7
2024-05-23 05:45,0.417,6.7,0.732,0.238,5.8,0.084,0.213,3.4,0.163,-0.1,6.1,-0.1,4.7,100,8106,64.77,-2
2024-05-23 06:00,0.417,6.7,0.735,0.238,5.8,0.084,0.212,3.3,0.162,-0.1,6.1,-0.1,4.7,100,8106,64.78,-2.1
2024-05-23 06:15,0.417,6.7,0.736,0.238,5.8,0.084,0.212,3.3,0.162,-0.1,6.1,-0.1,4.7,100,8108,64.79,-2
2024-05-23 06:30,0.417,6.7,0.741,0.238,5.8,0.084,0.213,3.3,0.162,-0.1,6.1,-0.1,4.7,100,8103,64.8,-2.4
2024-05-23 06:45,0.418,6.7,0.744,0.238,5.8,0.084,0.212,3.3,0.161,-0.1,6.1,-0.1,4.6,100,8105,64.81,-2.3
2024-05-23 07:00,0.418,6.7,0.749,0.238,5.8,0.084,0.212,3.2,0.161,-0.1,6.1,-0.1,4.6,100,8104,64.82,-2.4
2024-05-23 07:15,0.418,6.7,0.754,0.237,5.8,0.085,0.212,3.2,0.162,-0.1,6.1,-0.1,4.6,100,8101,64.82,-2.6
2024-05-23 07:30,0.418,6.7,0.758,0.237,5.8,0.085,0.212,3.2,0.161,-0.1,6.1,-0.1,4.6,100,8112,64.84,-2.7
2024-05-23 07:45,0.418,6.7,0.765,0.237,5.8,0.084,0.212,3.1,0.162,-0.1,6.1,-0.1,4.6,100,8128,64.87,-1.6
2024-05-23 08:00,0.418,6.7,0.77,0.237,5.8,0.083,0.212,3.1,0.159,-0.1,6.1,-0.1,4.5,100,8142,64.89,0.3
2024-05-23 08:15,0.418,6.7,0.775,0.237,5.8,0.083,0.212,3.1,0.16,-0.1,6.1,-0.1,4.5,100,8159,64.92,2.2
2024-05-23 08:30,0.418,6.7,0.781,0.237,5.8,0.084,0.212,3.1,0.16,-0.1,6.1,-0.1,4.5,100,8172,64.95,3.8
2024-05-23 08:45,0.418,6.7,0.788,0.237,5.7,0.084,0.212,3,0.16,-0.1,6.1,-0.1,4.5,100,8187,64.97,5.6
2024-05-23 09:00,0.418,6.7,0.795,0.237,5.7,0.083,0.212,3,0.161,-0.1,6.1,-0.1,4.5,100,8203,64.97,7.2
2024-05-23 09:15,0.418,6.7,0.802,0.237,5.7,0.082,0.212,3,0.16,-0.1,6.1,-0.1,4.5,100,8215,64.98,8.3
2024-05-23 09:30,0.418,6.7,0.812,0.237,5.7,0.083,0.212,3,0.159,-0.1,6.1,-0.1,4.5,100,8228,65,9.1
2024-05-23 09:45,0.418,6.7,0.819,0.236,5.7,0.082,0.212,2.9,0.16,-0.1,6.1,-0.1,4.4,100,8239,64.99,9.7
2024-05-23 10:00,0.418,6.7,0.829,0.236,5.7,0.081,0.212,2.9,0.158,-0.1,6.1,-0.1,4.4,100,8251,64.99,10.2
2024-05-23 10:15,0.418,6.7,0.837,0.236,5.7,0.081,0.212,2.9,0.159,-0.1,6.1,-0.1,4.4,100,8260,64.98,10.8
2024-05-23 10:30,0.418,6.7,0.849,0.236,5.7,0.08,0.212,2.9,0.16,-0.1,6,-0.1,4.4,100,8272,64.98,11.2
2024-05-23 10:45,0.418,6.7,0.859,0.236,5.7,0.081,0.212,2.9,0.159,-0.1,6,-0.1,4.4,100,8282,64.98,11.4
2024-05-23 11:00,0.418,6.7,0.871,0.236,5.7,0.082,0.212,2.8,0.16,-0.1,6,-0.1,4.3,100,8290,64.98,11.8
2024-05-23 11:15,0.417,6.7,0.884,0.236,5.7,0.081,0.212,2.8,0.16,-0.1,6,-0.1,4.3,100,8302,64.99,11.9
2024-05-23 11:30,0.417,6.7,0.896,0.236,5.6,0.081,0.212,2.8,0.161,-0.1,6,-0.1,4.3,100,8311,64.98,12.2
2024-05-23 11:45,0.417,6.7,0.908,0.236,5.6,0.081,0.213,2.8,0.159,-0.1,6,-0.1,4.3,100,8323,64.97,12.3
2024-05-23 12:00,0.417,6.7,0.921,0.236,5.6,0.084,0.213,2.8,0.16,-0.1,6,-0.1,4.3,100,8330,64.97,12.4
2024-05-23 12:15,0.417,6.7,0.937,0.237,5.6,0.083,0.214,2.8,0.162,-0.1,6,-0.1,4.3,100,8342,64.96,12.6
2024-05-23 12:30,0.417,6.7,0.95,0.237,5.6,0.084,0.214,2.8,0.161,-0.1,6,-0.1,4.3,100,8349,64.95,12.8
2024-05-23 12:45,0.417,6.6,0.963,0.236,5.6,0.082,0.214,2.8,0.161,-0.1,6,-0.1,4.2,100,8350,64.94,12.9
2024-05-23 13:00,0.417,6.6,0.975,0.237,5.6,0.083,0.215,2.8,0.163,-0.1,6,-0.1,4.2,100,8361,64.93,12.8
2024-05-23 13:15,0.417,6.6,0.989,0.237,5.6,0.083,0.215,2.9,0.163,-0.1,6,-0.1,4.2,100,8369,64.93,12.9
2024-05-23 13:30,0.417,6.6,1.003,0.237,5.6,0.084,0.215,3,0.163,-0.1,6,-0.1,4.2,100,8377,64.92,13
2024-05-23 13:45,0.417,6.6,1.017,0.237,5.6,0.084,0.215,3,0.164,-0.1,6,-0.1,4.2,100,8384,64.91,12.7
2024-05-23 14:00,0.417,6.6,1.031,0.237,5.6,0.084,0.215,3.1,0.165,-0.1,6,-0.1,4.2,100,8393,64.91,12.5
2024-05-23 14:15,0.417,6.6,1.043,0.237,5.5,0.083,0.215,3.2,0.164,-0.1,6,-0.1,4.2,100,8399,64.9,12.3
2024-05-23 14:30,0.417,6.6,1.055,0.237,5.5,0.084,0.214,3.3,0.165,-0.1,6,-0.1,4.2,100,8407,64.9,12.2
2024-05-23 14:45,0.417,6.6,1.067,0.237,5.5,0.084,0.214,3.4,0.165,-0.1,6,-0.1,4.2,100,8410,64.89,12
2024-05-23 15:00,0.417,6.6,1.078,0.238,5.5,0.083,0.214,3.6,0.166,-0.1,6,-0.1,4.2,100,8414,64.88,11.9
2024-05-23 15:15,0.417,6.6,1.09,0.238,5.5,0.085,0.214,3.7,0.166,-0.1,6,-0.1,4.3,100,8418,64.87,11.6
2024-05-23 15:30,0.416,6.6,1.101,0.238,5.5,0.085,0.214,3.8,0.167,-0.1,6,-0.1,4.3,100,8424,64.87,11.3
2024-05-23 15:45,0.416,6.6,1.111,0.238,5.5,0.084,0.214,4,0.167,-0.1,6,-0.1,4.3,100,8428,64.86,10.9
2024-05-23 16:00,0.416,6.6,1.121,0.239,5.5,0.084,0.214,4.1,0.166,-0.1,5.9,-0.1,4.4,100,8428,64.86,10.6
2024-05-23 16:15,0.417,6.6,1.129,0.239,5.5,0.084,0.213,4.2,0.167,-0.1,5.9,-0.1,4.4,100,8427,64.87,10.2
2024-05-23 16:30,0.416,6.6,1.134,0.239,5.5,0.085,0.213,4.3,0.168,-0.1,5.9,-0.1,4.4,100,8426,64.87,9.8
2024-05-23 16:45,0.417,6.6,1.142,0.239,5.5,0.085,0.213,4.4,0.169,-0.1,5.9,-0.1,4.5,100,8429,64.87,9.5
2024-05-23 17:00,0.416,6.6,1.147,0.239,5.5,0.086,0.213,4.5,0.169,-0.1,5.9,-0.1,4.5,100,8423,64.86,9.1
2024-05-23 17:15,0.417,6.6,1.149,0.239,5.5,0.085,0.213,4.6,0.168,-0.1,5.9,-0.1,4.6,100,8419,64.86,8.6
2024-05-23 17:30,0.417,6.6,1.155,0.239,5.5,0.085,0.213,4.7,0.169,-0.1,5.9,-0.1,4.6,100,8412,64.86,8.1
2024-05-23 17:45,0.417,6.6,1.157,0.24,5.5,0.085,0.213,4.8,0.168,-0.1,5.9,-0.1,4.7,100,8401,64.86,6.9
2024-05-23 18:00,0.417,6.6,1.16,0.24,5.5,0.084,0.213,4.9,0.167,-0.1,5.9,-0.1,4.7,100,8396,64.85,6
2024-05-23 18:15,0.417,6.6,1.159,0.24,5.6,0.085,0.213,4.9,0.166,-0.1,5.9,-0.1,4.7,100,8392,64.86,5.2
2024-05-23 18:30,0.417,6.6,1.159,0.24,5.6,0.085,0.213,5,0.168,-0.1,5.9,-0.1,4.8,100,8388,64.88,4.6
2024-05-23 18:45,0.417,6.6,1.157,0.24,5.6,0.084,0.213,5,0.168,-0.1,5.9,-0.1,4.8,100,8384,64.9,4.1
2024-05-23 19:00,0.417,6.6,1.156,0.24,5.6,0.087,0.213,5,0.169,-0.1,5.9,-0.1,4.9,100,8382,64.91,2.9
2024-05-23 19:15,0.417,6.6,1.153,0.24,5.6,0.087,0.212,5,0.167,-0.1,5.9,-0.1,4.9,100,8376,64.93,2
2024-05-23 19:30,0.417,6.6,1.147,0.24,5.6,0.085,0.212,5,0.168,-0.1,5.9,-0.1,5,100,8375,64.93,1.3
2024-05-23 19:45,0.417,6.6,1.145,0.24,5.6,0.087,0.212,5,0.168,-0.1,5.9,-0.1,5,100,8375,64.93,0.9
2024-05-23 20:00,0.417,6.6,1.139,0.24,5.6,0.086,0.212,5,0.167,-0.1,5.9,-0.1,5,100,8374,64.94,1.5
2024-05-23 20:15,0.417,6.6,1.134,0.24,5.7,0.084,0.212,5,0.167,-0.1,5.9,-0.1,5,100,8368,64.94,1.4
2024-05-23 20:30,0.417,6.6,1.128,0.24,5.7,0.086,0.212,5,0.167,-0.1,5.9,-0.1,5.1,100,8369,64.95,1
2024-05-23 20:45,0.417,6.6,1.122,0.24,5.7,0.085,0.212,4.9,0.166,-0.1,5.9,-0.1,5.1,100,8366,64.96,0.5
2024-05-23 21:00,0.417,6.6,1.115,0.24,5.7,0.086,0.212,4.9,0.168,-0.1,5.9,-0.1,5.1,100,8366,64.96,0.1
2024-05-23 21:15,0.418,6.6,1.106,0.24,5.7,0.086,0.212,4.8,0.167,-0.1,5.9,-0.1,5.1,100,8367,64.97,-0.6
2024-05-23 21:30,0.418,6.6,1.101,0.24,5.7,0.085,0.212,4.8,0.167,-0.1,5.9,-0.1,5.1,100,8362,64.98,-1.6
2024-05-23 21:45,0.418,6.6,1.093,0.24,5.8,0.084,0.212,4.7,0.169,-0.1,6,-0.1,5.1,100,8361,64.97,-2.4
2024-05-23 22:00,0.418,6.6,1.082,0.24,5.8,0.085,0.212,4.7,0.167,-0.1,6,-0.1,5.1,100,8358,64.98,-3.4
2024-05-23 22:15,0.418,6.6,1.074,0.24,5.8,0.085,0.212,4.6,0.167,-0.1,6,-0.1,5.1,100,8357,64.98,-4
2024-05-23 22:30,0.418,6.6,1.064,0.24,5.8,0.085,0.212,4.6,0.166,-0.1,6,-0.1,5.1,100,8357,64.99,-4.9
2024-05-23 22:45,0.418,6.6,1.056,0.24,5.8,0.086,0.212,4.5,0.167,-0.1,6,-0.1,5.1,100,8356,64.98,-5.5
2024-05-23 23:00,0.419,6.6,1.045,0.24,5.8,0.085,0.212,4.5,0.167,-0.1,6,-0.1,5.1,100,8352,64.98,-5.9
2024-05-23 23:15,0.419,6.6,1.038,0.24,5.8,0.084,0.212,4.4,0.166,-0.1,6,-0.1,5.1,100,8355,64.98,-6.4
2024-05-23 23:30,0.419,6.6,1.028,0.24,5.8,0.084,0.212,4.4,0.166,-0.1,6,-0.1,5.1,100,8353,64.98,-6.8
2024-05-23 23:45,0.419,6.6,1.018,0.24,5.8,0.084,0.212,4.3,0.166,-0.1,6,-0.1,5.1,100,8352,64.97,-7.6
2024-05-24 00:00,0.419,6.6,1.008,0.239,5.8,0.084,0.212,4.3,0.166,-0.1,6,-0.1,5.1,100,8350,64.96,-7.9
2024-05-24 00:15,0.419,6.6,1.001,0.239,5.9,0.085,0.212,4.2,0.164,-0.1,6,-0.1,5.1,100,8299,64.95,-8.2
2024-05-24 00:30,0.42,6.6,0.991,0.239,5.9,0.085,0.212,4.2,0.164,-0.1,6,-0.1,5.1,100,8328,64.93,-8.5
2024-05-24 00:45,0.42,6.6,0.981,0.239,5.9,0.085,0.212,4.1,0.165,-0.1,6,-0.1,5,100,8330,64.92,-8.9
2024-05-24 01:00,0.42,6.6,0.972,0.239,5.9,0.084,0.212,4.1,0.164,-0.1,6,-0.1,5,100,8331,64.91,-9.6
2024-05-24 01:15,0.42,6.6,0.962,0.239,5.9,0.084,0.212,4,0.164,-0.1,6,-0.1,5,100,8334,64.9,-10.1
2024-05-24 01:30,0.42,6.6,0.953,0.239,5.9,0.084,0.212,4,0.164,-0.1,6,-0.1,5,100,8332,64.9,-10.4
2024-05-24 01:45,0.42,6.6,0.946,0.239,5.9,0.083,0.212,3.9,0.164,-0.1,6,-0.1,5,100,8335,64.89,-10.3
2024-05-24 02:00,0.42,6.6,0.937,0.239,5.9,0.085,0.212,3.9,0.164,-0.1,6,-0.1,5,100,8333,64.89,-10.1
2024-05-24 02:15,0.421,6.6,0.93,0.238,5.9,0.084,0.212,3.8,0.164,-0.1,6,-0.1,5,100,8331,64.88,-10
2024-05-24 02:30,0.421,6.6,0.921,0.238,5.9,0.084,0.212,3.8,0.164,-0.1,6,-0.1,4.9,100,8333,64.87,-10.7
2024-05-24 02:45,0.421,6.6,0.917,0.238,5.9,0.084,0.212,3.8,0.164,-0.1,6,-0.1,4.9,100,8332,64.86,-11.2
2024-05-24 03:00,0.421,6.6,0.91,0.238,5.9,0.082,0.211,3.7,0.164,-0.1,6,-0.1,4.9,100,8333,64.85,-11.5
2024-05-24 03:15,0.421,6.6,0.904,0.238,5.9,0.081,0.211,3.7,0.163,-0.1,6,-0.1,4.9,100,8334,64.84,-11.8
2024-05-24 03:30,0.421,6.6,0.897,0.238,5.9,0.083,0.211,3.6,0.162,-0.1,6,-0.1,4.9,100,8333,64.84,-12.1
2024-05-24 03:45,0.421,6.6,0.891,0.238,5.9,0.083,0.211,3.6,0.162,-0.1,6,-0.1,4.9,100,8333,64.84,-12.3
2024-05-24 04:00,0.421,6.6,0.889,0.238,5.9,0.082,0.211,3.5,0.163,-0.1,6,-0.1,4.8,100,8331,64.83,-12.8
2024-05-24 04:15,0.421,6.6,0.882,0.237,5.9,0.082,0.211,3.5,0.164,-0.1,6,-0.1,4.8,100,8331,64.83,-13
2024-05-24 04:30,0.421,6.6,0.878,0.237,5.8,0.079,0.211,3.5,0.164,-0.1,6,-0.1,4.8,100,8330,64.82,-13.1
2024-05-24 04:45,0.421,6.6,0.874,0.237,5.8,0.08,0.211,3.4,0.164,-0.1,6,-0.1,4.8,100,8327,64.82,-13.3
2024-05-24 05:00,0.421,6.6,0.872,0.237,5.8,0.08,0.211,3.4,0.163,-0.1,6,-0.1,4.7,100,8329,64.83,-13.4
2024-05-24 05:15,0.421,6.6,0.866,0.236,5.8,0.079,0.211,3.3,0.164,-0.1,6,-0.1,4.7,100,8324,64.84,-13.7
2024-05-24 05:30,0.421,6.6,0.864,0.236,5.8,0.08,0.211,3.3,0.162,-0.1,6,-0.1,4.7,100,8323,64.84,-13.9
2024-05-24 05:45,0.421,6.6,0.866,0.236,5.8,0.079,0.211,3.3,0.162,-0.1,6,-0.1,4.7,100,8327,64.84,-14.2
2024-05-24 06:00,0.421,6.6,0.862,0.236,5.8,0.08,0.211,3.2,0.16,-0.1,6,-0.1,4.7,100,8326,64.84,-14.3
2024-05-24 06:15,0.421,6.6,0.862,0.236,5.8,0.08,0.21,3.2,0.16,-0.1,6,-0.1,4.6,100,8326,64.84,-14.5
2024-05-24 06:30,0.421,6.6,0.86,0.236,5.8,0.077,0.21,3.2,0.16,-0.1,6,-0.1,4.6,100,8320,64.84,-14.9
2024-05-24 06:45,0.421,6.6,0.861,0.236,5.8,0.078,0.21,3.1,0.16,-0.1,6,-0.1,4.6,100,8323,64.86,-15.1
2024-05-24 07:00,0.421,6.6,0.862,0.235,5.8,0.078,0.21,3.1,0.16,-0.1,6,-0.1,4.6,100,8321,64.86,-14.8
2024-05-24 07:15,0.421,6.6,0.861,0.235,5.8,0.077,0.21,3,0.159,-0.1,6,-0.1,4.6,100,8323,64.88,-14.8
2024-05-24 07:30,0.421,6.6,0.863,0.235,5.8,0.077,0.21,3,0.158,-0.1,6,-0.1,4.5,100,8329,64.88,-14.8
2024-05-24 07:45,0.421,6.6,0.865,0.235,5.7,0.075,0.21,3,0.159,-0.1,6,-0.1,4.5,100,8352,64.9,-13.4
2024-05-24 08:00,0.421,6.6,0.867,0.235,5.7,0.075,0.21,2.9,0.158,-0.1,6,-0.1,4.5,100,8381,64.91,-11
2024-05-24 08:15,0.422,6.6,0.869,0.234,5.7,0.074,0.209,2.9,0.158,-0.1,6,-0.1,4.5,100,8411,64.93,-8.3
2024-05-24 08:30,0.421,6.6,0.873,0.234,5.7,0.074,0.209,2.9,0.157,-0.1,6,-0.1,4.5,100,8430,64.96,-5.8
2024-05-24 08:45,0.422,6.6,0.874,0.234,5.7,0.074,0.209,2.8,0.16,-0.1,6,-0.1,4.4,100,8452,64.98,-3.6
2024-05-24 09:00,0.422,6.6,0.878,0.234,5.7,0.076,0.209,2.8,0.157,-0.1,6,-0.1,4.4,100,8467,65,-1.2
2024-05-24 09:15,0.422,6.6,0.88,0.234,5.7,0.074,0.209,2.8,0.156,-0.1,6,-0.1,4.4,100,8477,65,0.6
2024-05-24 09:30,0.422,6.6,0.884,0.234,5.7,0.073,0.209,2.8,0.155,-0.1,6,-0.1,4.4,100,8490,65.01,1.9
2024-05-24 09:45,0.422,6.6,0.888,0.234,5.7,0.073,0.209,2.7,0.157,-0.1,6,-0.1,4.4,100,8501,65.01,2.9
2024-05-24 10:00,0.422,6.6,0.889,0.234,5.7,0.073,0.209,2.7,0.157,-0.1,6,-0.1,4.3,100,8509,65.01,3.5
2024-05-24 10:15,0.422,6.6,0.893,0.234,5.6,0.074,0.209,2.7,0.156,-0.1,6,-0.1,4.3,100,8514,65.02,4.8
2024-05-24 10:30,0.422,6.6,0.897,0.233,5.6,0.074,0.209,2.6,0.156,-0.1,6,-0.1,4.3,100,8520,65.02,6.2
2024-05-24 10:45,0.422,6.6,0.899,0.233,5.6,0.074,0.209,2.6,0.157,-0.1,6,-0.1,4.3,100,8520,65.01,7.7
2024-05-24 11:00,0.422,6.6,0.903,0.233,5.6,0.072,0.209,2.6,0.157,-0.1,6,-0.1,4.3,100,8519,65.02,9.2
2024-05-24 11:15,0.423,6.6,0.904,0.233,5.6,0.073,0.209,2.6,0.157,-0.1,6,-0.1,4.2,100,8513,65.01,10
2024-05-24 11:30,0.423,6.6,0.908,0.233,5.6,0.073,0.21,2.6,0.156,-0.1,6,-0.1,4.2,100,8516,65,10.8
2024-05-24 11:45,0.423,6.6,0.913,0.233,5.6,0.072,0.209,2.5,0.156,-0.1,6,-0.1,4.2,100,8516,64.98,11.6
2024-05-24 12:00,0.423,6.6,0.912,0.233,5.6,0.073,0.21,2.5,0.157,-0.1,6,-0.1,4.2,100,8517,64.96,12.8
2024-05-24 12:15,0.423,6.6,0.916,0.233,5.6,0.073,0.21,2.5,0.158,-0.1,6,-0.1,4.2,100,8513,64.95,14.4
2024-05-24 12:30,0.423,6.6,0.918,0.233,5.5,0.073,0.21,2.5,0.157,-0.1,6,-0.1,4.2,100,8510,64.92,15.9
2024-05-24 12:45,0.423,6.6,0.92,0.233,5.5,0.073,0.211,2.5,0.158,-0.1,6,-0.1,4.1,100,8501,64.9,16.8
2024-05-24 13:00,0.423,6.6,0.924,0.233,5.5,0.072,0.212,2.4,0.158,-0.1,5.9,-0.1,4.1,100,8504,64.88,17
2024-05-24 13:15,0.423,6.6,0.926,0.233,5.5,0.073,0.213,2.4,0.159,-0.1,5.9,-0.1,4.1,100,8504,64.85,17.5
2024-05-24 13:30,0.423,6.6,0.928,0.233,5.5,0.073,0.213,2.4,0.158,-0.1,5.9,-0.1,4.1,100,8507,64.84,16.9
2024-05-24 13:45,0.423,6.6,0.932,0.234,5.5,0.073,0.214,2.5,0.161,-0.1,5.9,-0.1,4,100,8509,64.84,16.6
2024-05-24 14:00,0.423,6.6,0.934,0.234,5.5,0.074,0.214,2.5,0.161,-0.1,5.9,-0.1,4,100,8513,64.83,16.3
2024-05-24 14:15,0.423,6.6,0.936,0.234,5.5,0.074,0.215,2.6,0.162,-0.1,5.9,-0.1,4,100,8517,64.84,16.3
2024-05-24 14:30,0.423,6.6,0.938,0.235,5.4,0.074,0.215,2.7,0.164,-0.1,5.9,-0.1,4,100,8510,64.84,16.2
2024-05-24 14:45,0.423,6.6,0.94,0.235,5.4,0.073,0.215,2.8,0.166,-0.1,5.9,-0.1,4,100,8517,64.84,16.1
2024-05-24 15:00,0.423,6.6,0.942,0.235,5.4,0.073,0.215,2.9,0.166,-0.1,5.9,-0.1,4,100,8517,64.84,15.9
2024-05-24 15:15,0.423,6.6,0.944,0.235,5.4,0.074,0.215,3.1,0.165,-0.1,5.9,-0.1,4,100,8511,64.83,15.6
2024-05-24 15:30,0.424,6.6,0.946,0.235,5.4,0.075,0.214,3.2,0.166,-0.1,5.9,-0.1,4,100,8515,64.83,15.3
2024-05-24 15:45,0.424,6.6,0.945,0.235,5.4,0.075,0.214,3.4,0.167,-0.1,5.9,-0.1,4.1,100,8517,64.82,14.6
2024-05-24 16:00,0.424,6.6,0.946,0.236,5.4,0.074,0.214,3.6,0.166,-0.1,5.9,-0.1,4.1,100,8519,64.82,14.3
2024-05-24 16:15,0.424,6.6,0.947,0.236,5.4,0.075,0.214,3.7,0.167,-0.1,5.9,-0.1,4.1,100,8510,64.82,13.7
2024-05-24 16:30,0.424,6.6,0.947,0.236,5.4,0.075,0.213,3.9,0.167,-0.1,5.9,-0.1,4.2,100,8511,64.82,12.8
2024-05-24 16:45,0.424,6.6,0.947,0.237,5.4,0.076,0.213,4,0.168,-0.1,5.9,-0.1,4.2,100,8507,64.83,12.2
2024-05-24 17:00,0.424,6.6,0.949,0.237,5.4,0.076,0.213,4.2,0.168,-0.1,5.8,-0.1,4.2,100,8505,64.83,11.6
2024-05-24 17:15,0.424,6.5,0.949,0.237,5.4,0.077,0.213,4.3,0.169,-0.1,5.8,-0.1,4.3,100,8502,64.84,11.2
2024-05-24 17:30,0.424,6.5,0.947,0.237,5.4,0.077,0.213,4.4,0.169,-0.1,5.8,-0.1,4.4,100,8493,64.85,10.3
2024-05-24 17:45,0.424,6.5,0.947,0.238,5.4,0.077,0.213,4.5,0.169,-0.1,5.8,-0.1,4.4,100,8475,64.87,8.4
2024-05-24 18:00,0.424,6.5,0.943,0.238,5.4,0.078,0.212,4.6,0.169,-0.1,5.8,-0.1,4.5,100,8467,64.84,6.6
2024-05-24 18:15,0.425,6.5,0.943,0.238,5.4,0.077,0.212,4.7,0.167,-0.1,5.8,-0.1,4.5,100,8464,64.82,5.6
2024-05-24 18:30,0.425,6.5,0.943,0.238,5.4,0.079,0.212,4.8,0.169,-0.1,5.8,-0.1,4.6,100,8442,64.83,4.8
2024-05-24 18:45,0.424,6.5,0.941,0.239,5.4,0.078,0.212,4.8,0.17,-0.1,5.8,-0.1,4.6,100,8444,64.83,3.6
2024-05-24 19:00,0.425,6.5,0.941,0.239,5.4,0.078,0.212,4.9,0.169,-0.1,5.8,-0.1,4.7,100,8444,64.84,2.6
2024-05-24 19:15,0.425,6.5,0.936,0.239,5.4,0.078,0.212,4.9,0.169,-0.1,5.8,-0.1,4.7,100,8444,64.84,1.6
2024-05-24 19:30,0.425,6.5,0.934,0.239,5.4,0.078,0.212,4.9,0.169,-0.1,5.8,-0.1,4.8,100,8406,64.84,1
2024-05-24 19:45,0.425,6.5,0.932,0.239,5.5,0.079,0.212,4.9,0.169,-0.1,5.8,-0.1,4.8,100,8428,64.85,1
2024-05-24 20:00,0.425,6.5,0.927,0.239,5.5,0.078,0.212,4.9,0.17,-0.1,5.8,-0.1,4.8,100,8428,64.86,0.3
2024-05-24 20:15,0.425,6.5,0.925,0.239,5.5,0.078,0.212,4.9,0.169,-0.1,5.8,-0.1,4.9,100,8429,64.87,-0.1
2024-05-24 20:30,0.425,6.5,0.922,0.239,5.5,0.08,0.212,4.9,0.169,-0.1,5.8,-0.1,4.9,100,8426,64.89,-0.1
2024-05-24 20:45,0.425,6.5,0.918,0.239,5.5,0.079,0.212,4.8,0.169,-0.1,5.8,-0.1,4.9,100,8411,64.89,-1.1
2024-05-24 21:00,0.425,6.5,0.913,0.239,5.5,0.079,0.212,4.8,0.168,-0.1,5.8,-0.1,5,100,8413,64.9,-2
2024-05-24 21:15,0.425,6.5,0.911,0.239,5.6,0.079,0.212,4.7,0.167,-0.1,5.8,-0.1,5,100,8396,64.9,-2.7
2024-05-24 21:30,0.425,6.5,0.904,0.239,5.6,0.078,0.212,4.7,0.169,-0.1,5.8,-0.1,5,100,8405,64.91,-2.9
2024-05-24 21:45,0.425,6.5,0.9,0.239,5.6,0.079,0.212,4.6,0.169,-0.1,5.8,-0.1,5,100,8405,64.92,-2.2
2024-05-24 22:00,0.425,6.5,0.894,0.239,5.6,0.08,0.212,4.6,0.167,-0.1,5.8,-0.1,5,100,8406,64.92,-2
2024-05-24 22:15,0.426,6.5,0.889,0.239,5.6,0.078,0.211,4.5,0.167,-0.1,5.8,-0.1,5,100,8405,64.93,-2.5
2024-05-24 22:30,0.426,6.5,0.883,0.239,5.6,0.078,0.212,4.5,0.166,-0.1,5.9,-0.1,5,100,8406,64.93,-3.2
2024-05-24 22:45,0.426,6.5,0.877,0.238,5.6,0.078,0.211,4.4,0.167,-0.1,5.9,-0.1,5,100,8387,64.94,-3.3
2024-05-24 23:00,0.426,6.5,0.87,0.238,5.7,0.079,0.211,4.4,0.167,-0.1,5.9,-0.1,5,100,8393,64.93,-3.6
2024-05-24 23:15,0.426,6.5,0.864,0.238,5.7,0.079,0.211,4.3,0.166,-0.1,5.9,-0.1,5,100,8394,64.92,-3.9
2024-05-24 23:30,0.426,6.5,0.856,0.238,5.7,0.079,0.211,4.3,0.165,-0.1,5.9,-0.1,5,100,8393,64.92,-4.3
2024-05-24 23:45,0.426,6.5,0.848,0.238,5.7,0.08,0.211,4.2,0.165,-0.1,5.9,-0.1,5,100,8394,64.91,-4.1
2024-05-25 00:00,0.426,6.5,0.84,0.238,5.7,0.078,0.211,4.2,0.165,-0.1,5.9,-0.1,5,100,8394,64.91,-4
2024-05-25 00:15,0.426,6.5,0.832,0.238,5.7,0.078,0.211,4.1,0.166,-0.1,5.9,-0.1,5,100,8344,64.9,-4.4
2024-05-25 00:30,0.426,6.5,0.824,0.238,5.7,0.079,0.211,4.1,0.165,-0.1,5.9,-0.1,5,100,8366,64.9,-4.2
2024-05-25 00:45,0.426,6.5,0.816,0.238,5.7,0.078,0.211,4,0.163,-0.1,5.9,-0.1,4.9,100,8366,64.89,-4.5
2024-05-25 01:00,0.426,6.5,0.807,0.238,5.7,0.079,0.211,4,0.165,-0.1,5.9,-0.1,4.9,100,8371,64.88,-5
2024-05-25 01:15,0.426,6.5,0.797,0.238,5.7,0.078,0.211,3.9,0.164,-0.1,5.9,-0.1,4.9,100,8371,64.87,-5.3
2024-05-25 01:30,0.426,6.5,0.788,0.238,5.7,0.079,0.211,3.9,0.164,-0.1,5.9,-0.1,4.9,100,8373,64.87,-5.8
2024-05-25 01:45,0.427,6.5,0.78,0.237,5.7,0.078,0.211,3.9,0.164,-0.1,5.9,-0.1,4.9,100,8375,64.86,-6
2024-05-25 02:00,0.427,6.5,0.771,0.237,5.7,0.078,0.211,3.8,0.163,-0.1,5.9,-0.1,4.9,100,8374,64.84,-6.2
2024-05-25 02:15,0.427,6.5,0.762,0.237,5.7,0.078,0.211,3.8,0.164,-0.1,5.9,-0.1,4.9,100,8374,64.83,-6.2
2024-05-25 02:30,0.427,6.5,0.753,0.237,5.7,0.078,0.211,3.7,0.164,-0.1,5.9,-0.1,4.8,100,8375,64.83,-5.9
2024-05-25 02:45,0.427,6.5,0.745,0.237,5.7,0.077,0.211,3.7,0.164,-0.1,5.9,-0.1,4.8,100,8375,64.82,-6.2
2024-05-25 03:00,0.427,6.5,0.736,0.237,5.7,0.076,0.21,3.6,0.163,-0.1,5.9,-0.1,4.8,100,8374,64.8,-6.8
2024-05-25 03:15,0.427,6.5,0.727,0.237,5.7,0.078,0.21,3.6,0.163,-0.1,5.9,-0.1,4.8,100,8373,64.8,-7.5
2024-05-25 03:30,0.427,6.5,0.719,0.237,5.7,0.078,0.21,3.6,0.162,-0.1,5.9,-0.1,4.8,100,8372,64.79,-8
2024-05-25 03:45,0.427,6.5,0.709,0.237,5.7,0.078,0.21,3.5,0.161,-0.1,5.9,-0.1,4.7,100,8373,64.79,-8.4
2024-05-25 04:00,0.427,6.5,0.703,0.236,5.7,0.078,0.21,3.5,0.161,-0.1,5.9,-0.1,4.7,100,8374,64.79,-8.3
2024-05-25 04:15,0.427,6.5,0.695,0.236,5.7,0.076,0.21,3.4,0.162,-0.1,5.9,-0.1,4.7,100,8372,64.78,-8.3
2024-05-25 04:30,0.427,6.5,0.689,0.236,5.7,0.076,0.21,3.4,0.16,-0.1,5.9,-0.1,4.7,100,8375,64.78,-8.6
2024-05-25 04:45,0.427,6.5,0.681,0.236,5.7,0.075,0.21,3.4,0.161,-0.1,5.9,-0.1,4.7,100,8358,64.78,-8.6
2024-05-25 05:00,0.427,6.5,0.675,0.236,5.7,0.074,0.21,3.3,0.16,-0.1,5.9,-0.1,4.6,100,8359,64.78,-7.9
2024-05-25 05:15,0.427,6.5,0.67,0.236,5.7,0.074,0.21,3.3,0.161,-0.1,5.9,-0.1,4.6,100,8361,64.78,-7.8
2024-05-25 05:30,0.427,6.5,0.667,0.236,5.7,0.074,0.21,3.2,0.163,-0.1,5.9,-0.1,4.6,100,8362,64.78,-7.9
2024-05-25 05:45,0.427,6.5,0.66,0.236,5.7,0.074,0.21,3.2,0.16,-0.1,5.9,-0.1,4.6,100,8347,64.79,-7.7
2024-05-25 06:00,0.428,6.5,0.657,0.236,5.7,0.074,0.21,3.2,0.159,-0.1,5.9,-0.1,4.6,100,8352,64.78,-7.7
2024-05-25 06:15,0.427,6.5,0.653,0.236,5.7,0.073,0.21,3.1,0.16,-0.1,5.9,-0.1,4.5,100,8325,64.78,-7.9
2024-05-25 06:30,0.428,6.5,0.648,0.236,5.7,0.073,0.21,3.1,0.159,-0.1,5.9,-0.1,4.5,100,8339,64.79,-7.5
2024-05-25 06:45,0.428,6.5,0.647,0.235,5.6,0.073,0.209,3.1,0.16,-0.1,5.9,-0.1,4.5,100,8343,64.79,-7.9
2024-05-25 07:00,0.427,6.5,0.643,0.235,5.6,0.074,0.209,3,0.159,-0.1,5.9,-0.1,4.5,100,8344,64.8,-8
2024-05-25 07:15,0.428,6.5,0.639,0.235,5.6,0.074,0.209,3,0.159,-0.1,5.9,-0.1,4.5,100,8327,64.8,-8.4
2024-05-25 07:30,0.428,6.5,0.638,0.235,5.6,0.074,0.209,3,0.158,-0.1,5.9,-0.1,4.5,100,8348,64.81,-8.5
2024-05-25 07:45,0.427,6.5,0.634,0.235,5.6,0.073,0.209,2.9,0.16,-0.1,5.9,-0.1,4.4,100,8372,64.84,-7.5
2024-05-25 08:00,0.427,6.5,0.634,0.234,5.6,0.071,0.209,2.9,0.159,-0.1,5.9,-0.1,4.4,100,8401,64.86,-5.8
2024-05-25 08:15,0.428,6.5,0.632,0.234,5.6,0.073,0.209,2.9,0.158,-0.1,5.9,-0.1,4.4,100,8411,64.88,-3.5
2024-05-25 08:30,0.428,6.5,0.629,0.234,5.6,0.07,0.209,2.9,0.157,-0.1,5.9,-0.1,4.4,100,8441,64.9,-1.4
2024-05-25 08:45,0.428,6.5,0.629,0.234,5.6,0.07,0.209,2.8,0.159,-0.1,5.9,-0.1,4.4,100,8466,64.91,0.9
2024-05-25 09:00,0.428,6.5,0.628,0.234,5.6,0.07,0.209,2.8,0.157,-0.1,5.9,-0.1,4.3,100,8488,64.92,3.1
2024-05-25 09:15,0.427,6.5,0.626,0.234,5.6,0.072,0.209,2.8,0.158,-0.1,5.9,-0.1,4.3,100,8499,64.93,4.7
2024-05-25 09:30,0.428,6.5,0.625,0.234,5.6,0.07,0.209,2.7,0.157,-0.1,5.9,-0.1,4.3,100,8518,64.94,5.6
2024-05-25 09:45,0.428,6.5,0.626,0.233,5.5,0.071,0.209,2.7,0.156,-0.1,5.9,-0.1,4.3,100,8537,64.94,7
2024-05-25 10:00,0.428,6.5,0.625,0.233,5.5,0.07,0.209,2.7,0.156,-0.1,5.9,-0.1,4.3,100,8549,64.95,9
2024-05-25 10:15,0.428,6.5,0.623,0.233,5.5,0.07,0.209,2.7,0.157,-0.1,5.9,-0.1,4.2,100,8556,64.96,11.1
2024-05-25 10:30,0.428,6.5,0.623,0.233,5.5,0.068,0.209,2.6,0.157,-0.1,5.9,-0.1,4.2,100,8555,64.96,12.2
2024-05-25 10:45,0.428,6.5,0.622,0.233,5.5,0.067,0.209,2.6,0.156,-0.1,5.9,-0.1,4.2,100,8564,64.96,12.8
2024-05-25 11:00,0.427,6.5,0.622,0.233,5.5,0.07,0.209,2.6,0.156,-0.1,5.9,-0.1,4.2,100,8567,64.97,13.4
2024-05-25 11:15,0.428,6.5,0.622,0.233,5.5,0.068,0.209,2.6,0.157,-0.1,5.9,-0.1,4.2,100,8570,64.96,13.8
2024-05-25 11:30,0.428,6.5,0.622,0.233,5.5,0.068,0.209,2.5,0.158,-0.1,5.9,-0.1,4.2,100,8551,64.96,14.1
2024-05-25 11:45,0.428,6.5,0.62,0.233,5.5,0.069,0.209,2.5,0.158,-0.1,5.9,-0.1,4.1,100,8571,64.95,14.4
2024-05-25 12:00,0.428,6.5,0.62,0.233,5.5,0.069,0.21,2.5,0.157,-0.1,5.9,-0.1,4.1,100,8577,64.95,14.3
2024-05-25 12:15,0.428,6.5,0.619,0.233,5.4,0.068,0.21,2.5,0.157,-0.1,5.9,-0.1,4.1,100,8581,64.93,14.3
2024-05-25 12:30,0.428,6.5,0.62,0.233,5.4,0.068,0.21,2.5,0.159,-0.1,5.9,-0.1,4.1,100,8584,64.92,14.4
2024-05-25 12:45,0.428,6.5,0.62,0.233,5.4,0.069,0.211,2.5,0.158,-0.1,5.9,-0.1,4.1,100,8568,64.91,14.8
2024-05-25 13:00,0.428,6.5,0.618,0.233,5.4,0.068,0.212,2.4,0.16,-0.1,5.8,-0.1,4,100,8580,64.89,14.4
2024-05-25 13:15,0.428,6.5,0.619,0.234,5.4,0.068,0.212,2.4,0.158,-0.1,5.8,-0.1,4,100,8576,64.88,14
2024-05-25 13:30,0.428,6.5,0.62,0.234,5.4,0.068,0.213,2.4,0.159,-0.1,5.8,-0.1,4,100,8585,64.86,13.9
2024-05-25 13:45,0.428,6.5,0.62,0.234,5.4,0.068,0.213,2.4,0.161,-0.1,5.8,-0.1,4,100,8592,64.85,14.1
2024-05-25 14:00,0.428,6.5,0.62,0.234,5.4,0.069,0.214,2.5,0.163,-0.1,5.8,-0.1,4,100,8595,64.83,14.1
2024-05-25 14:15,0.428,6.5,0.622,0.234,5.4,0.069,0.214,2.5,0.163,-0.1,5.8,-0.1,4,100,8595,64.82,13.8
2024-05-25 14:30,0.428,6.5,0.621,0.234,5.3,0.069,0.214,2.6,0.164,-0.1,5.8,-0.1,4,100,8597,64.8,13.9
2024-05-25 14:45,0.428,6.5,0.621,0.234,5.3,0.071,0.214,2.7,0.163,-0.1,5.8,-0.1,4,100,8589,64.8,13.9
2024-05-25 15:00,0.428,6.5,0.621,0.235,5.3,0.071,0.214,2.8,0.166,-0.1,5.8,-0.1,4,100,8594,64.79,13.7
2024-05-25 15:15,0.428,6.5,0.621,0.235,5.3,0.07,0.214,2.9,0.164,-0.1,5.8,-0.1,4,100,8595,64.78,13.3
2024-05-25 15:30,0.428,6.5,0.62,0.235,5.3,0.072,0.214,3,0.165,-0.1,5.8,-0.1,4,100,8594,64.78,12.8
2024-05-25 15:45,0.428,6.5,0.62,0.235,5.3,0.071,0.214,3.1,0.166,-0.1,5.8,-0.1,4,100,8586,64.78,12.4
2024-05-25 16:00,0.428,6.5,0.62,0.235,5.3,0.072,0.214,3.2,0.165,-0.1,5.8,-0.1,4,100,8586,64.78,12
2024-05-25 16:15,0.428,6.5,0.621,0.236,5.3,0.072,0.213,3.4,0.167,-0.1,5.8,-0.1,4,100,8585,64.78,11.6
2024-05-25 16:30,0.428,6.5,0.619,0.236,5.3,0.072,0.213,3.5,0.164,-0.1,5.8,-0.1,4,100,8575,64.78,11.2
2024-05-25 16:45,0.428,6.5,0.62,0.236,5.3,0.072,0.213,3.6,0.168,-0.1,5.8,-0.1,4.1,100,8574,64.78,10.7
2024-05-25 17:00,0.428,6.5,0.618,0.236,5.3,0.072,0.213,3.7,0.168,-0.1,5.7,-0.1,4.1,100,8568,64.79,10.2
2024-05-25 17:15,0.428,6.5,0.618,0.237,5.3,0.073,0.212,3.8,0.169,-0.1,5.7,-0.1,4.2,100,8564,64.8,9.7
2024-05-25 17:30,0.428,6.5,0.618,0.237,5.3,0.073,0.212,3.9,0.168,-0.1,5.7,-0.1,4.2,100,8551,64.81,9.1
2024-05-25 17:45,0.428,6.5,0.618,0.237,5.3,0.072,0.212,4,0.17,-0.1,5.7,-0.1,4.2,100,8536,64.81,7.4
2024-05-25 18:00,0.428,6.5,0.617,0.237,5.3,0.074,0.212,4.1,0.168,-0.1,5.7,-0.1,4.3,100,8528,64.8,6
2024-05-25 18:15,0.428,6.4,0.614,0.237,5.3,0.074,0.212,4.2,0.169,-0.1,5.7,-0.1,4.3,100,8517,64.8,4.9
2024-05-25 18:30,0.428,6.4,0.615,0.237,5.3,0.075,0.212,4.2,0.169,-0.1,5.7,-0.1,4.3,100,8514,64.79,3.6
2024-05-25 18:45,0.428,6.4,0.613,0.237,5.3,0.073,0.212,4.3,0.169,-0.1,5.7,-0.1,4.4,100,8510,64.78,2.4
2024-05-25 19:00,0.428,6.4,0.612,0.237,5.3,0.075,0.212,4.3,0.169,-0.1,5.7,-0.1,4.4,100,8504,64.79,2
2024-05-25 19:15,0.428,6.4,0.61,0.238,5.3,0.075,0.211,4.3,0.17,-0.1,5.7,-0.1,4.5,100,8503,64.79,1.7
2024-05-25 19:30,0.428,6.4,0.609,0.238,5.3,0.075,0.211,4.3,0.167,-0.1,5.7,-0.1,4.5,100,8497,64.79,1.9
2024-05-25 19:45,0.428,6.4,0.608,0.238,5.3,0.074,0.211,4.3,0.168,-0.1,5.7,-0.1,4.5,100,8495,64.8,1.8
2024-05-25 20:00,0.428,6.4,0.606,0.238,5.3,0.074,0.211,4.3,0.169,-0.1,5.7,-0.1,4.6,100,8495,64.8,2
2024-05-25 20:15,0.428,6.4,0.606,0.238,5.3,0.073,0.211,4.3,0.168,-0.1,5.7,-0.1,4.6,100,8490,64.81,1.6
2024-05-25 20:30,0.428,6.4,0.603,0.238,5.4,0.074,0.211,4.3,0.168,-0.1,5.7,-0.1,4.6,100,8489,64.82,1.2
2024-05-25 20:45,0.428,6.4,0.602,0.238,5.4,0.073,0.211,4.2,0.167,-0.1,5.7,-0.1,4.6,100,8485,64.82,0.8
2024-05-25 21:00,0.429,6.4,0.6,0.238,5.4,0.073,0.211,4.2,0.167,-0.1,5.7,-0.1,4.6,100,8480,64.83,0.2
2024-05-25 21:15,0.429,6.4,0.597,0.238,5.4,0.074,0.211,4.2,0.167,-0.1,5.7,-0.1,4.6,100,8482,64.84,0.2
2024-05-25 21:30,0.429,6.4,0.596,0.238,5.4,0.074,0.211,4.1,0.166,-0.1,5.7,-0.1,4.7,100,8477,64.85,-0.2
2024-05-25 21:45,0.429,6.4,0.595,0.238,5.4,0.075,0.211,4.1,0.166,-0.1,5.7,-0.1,4.7,100,8476,64.85,-0.2
2024-05-25 22:00,0.429,6.4,0.593,0.238,5.4,0.074,0.211,4,0.164,-0.1,5.7,-0.1,4.7,100,8474,64.85,-0.7
2024-05-25 22:15,0.429,6.4,0.589,0.238,5.4,0.074,0.211,4,0.165,-0.1,5.7,-0.1,4.7,100,8473,64.85,-1.4
2024-05-25 22:30,0.429,6.4,0.587,0.238,5.4,0.075,0.211,4,0.165,-0.1,5.7,-0.1,4.7,100,8412,64.84,-1.9
2024-05-25 22:45,0.429,6.4,0.584,0.238,5.4,0.073,0.211,3.9,0.165,-0.1,5.7,-0.1,4.7,100,8469,64.84,-1.8
2024-05-25 23:00,0.429,6.4,0.582,0.237,5.5,0.075,0.211,3.9,0.165,-0.1,5.7,-0.1,4.7,100,8470,64.83,-1.9
2024-05-25 23:15,0.429,6.4,0.579,0.237,5.5,0.074,0.211,3.8,0.164,-0.1,5.7,-0.1,4.7,100,8466,64.83,-1.9
2024-05-25 23:30,0.429,6.4,0.577,0.237,5.5,0.075,0.211,3.8,0.164,-0.1,5.7,-0.1,4.7,100,8468,64.82,-2.2
2024-05-25 23:45,0.429,6.4,0.574,0.237,5.5,0.074,0.211,3.8,0.164,-0.1,5.7,-0.1,4.6,100,8463,64.82,-2.6
2024-05-26 00:00,0.429,6.4,0.571,0.237,5.5,0.073,0.21,3.7,0.165,-0.1,5.7,-0.1,4.6,100,8463,64.82,-2.6
2024-05-26 00:15,0.429,6.4,0.568,0.237,5.5,0.076,0.21,3.7,0.165,-0.1,5.7,-0.1,4.6,100,8428,64.82,-1.6
2024-05-26 00:30,0.429,6.4,0.565,0.237,5.5,0.073,0.21,3.7,0.164,-0.1,5.8,-0.1,4.6,100,8444,64.82,-1.5
2024-05-26 00:45,0.429,6.4,0.561,0.237,5.5,0.073,0.21,3.6,0.163,-0.1,5.8,-0.1,4.6,100,8439,64.8,-2
2024-05-26 01:00,0.429,6.4,0.558,0.237,5.5,0.073,0.21,3.6,0.164,-0.1,5.8,-0.1,4.6,100,8442,64.8,-2
2024-05-26 01:15,0.429,6.4,0.554,0.237,5.5,0.073,0.21,3.5,0.164,-0.1,5.8,-0.1,4.6,100,8444,64.8,-2.6
2024-05-26 01:30,0.429,6.4,0.552,0.237,5.5,0.074,0.21,3.5,0.165,-0.1,5.8,-0.1,4.6,100,8442,64.77,-3.5
2024-05-26 01:45,0.429,6.4,0.548,0.237,5.5,0.075,0.21,3.5,0.163,-0.1,5.8,-0.1,4.6,100,8440,64.77,-3.9
2024-05-26 02:00,0.429,6.4,0.544,0.237,5.5,0.076,0.21,3.4,0.164,-0.1,5.8,-0.1,4.6,100,8441,64.76,-5
2024-05-26 02:15,0.429,6.4,0.542,0.237,5.5,0.074,0.21,3.4,0.162,-0.1,5.8,-0.1,4.5,100,8437,64.75,-5.8
2024-05-26 02:30,0.429,6.4,0.538,0.237,5.5,0.075,0.21,3.4,0.163,-0.1,5.8,-0.1,4.5,100,8439,64.74,-6
2024-05-26 02:45,0.429,6.4,0.535,0.237,5.5,0.073,0.21,3.3,0.161,-0.1,5.8,-0.1,4.5,100,8438,64.74,-6
2024-05-26 03:00,0.429,6.4,0.532,0.237,5.5,0.074,0.21,3.3,0.162,-0.1,5.8,-0.1,4.5,100,8437,64.74,-6.7
2024-05-26 03:15,0.429,6.4,0.529,0.236,5.5,0.074,0.21,3.3,0.162,-0.1,5.8,-0.1,4.5,100,8435,64.73,-7
2024-05-26 03:30,0.429,6.4,0.525,0.236,5.5,0.074,0.21,3.2,0.162,-0.1,5.8,-0.1,4.5,100,8437,64.72,-7.2
2024-05-26 03:45,0.429,6.4,0.522,0.236,5.5,0.073,0.21,3.2,0.161,-0.1,5.8,-0.1,4.5,100,8435,64.72,-7.2
2024-05-26 04:00,0.429,6.4,0.519,0.236,5.5,0.073,0.21,3.2,0.162,-0.1,5.8,-0.1,4.4,100,8435,64.71,-7.3
2024-05-26 04:15,0.429,6.4,0.517,0.236,5.5,0.074,0.21,3.1,0.161,-0.1,5.8,-0.1,4.4,100,8434,64.71,-6.4
2024-05-26 04:30,0.429,6.4,0.514,0.236,5.5,0.073,0.21,3.1,0.16,-0.1,5.8,-0.1,4.4,100,8434,64.72,-5
2024-05-26 04:45,0.429,6.4,0.512,0.236,5.5,0.074,0.209,3.1,0.16,-0.1,5.8,-0.1,4.4,100,8430,64.72,-5.8
2024-05-26 05:00,0.429,6.4,0.51,0.235,5.5,0.073,0.209,3,0.16,-0.1,5.8,-0.1,4.4,100,8428,64.72,-5.9
2024-05-26 05:15,0.429,6.4,0.509,0.235,5.5,0.073,0.209,3,0.16,-0.1,5.8,-0.1,4.4,100,8431,64.73,-5.6
2024-05-26 05:30,0.429,6.4,0.504,0.235,5.5,0.073,0.209,3,0.159,-0.1,5.8,-0.1,4.3,100,8427,64.74,-3.6
2024-05-26 05:45,0.429,6.4,0.501,0.235,5.4,0.072,0.209,3,0.158,-0.1,5.8,-0.1,4.3,100,8429,64.74,-4.2
2024-05-26 06:00,0.429,6.4,0.499,0.235,5.4,0.073,0.209,2.9,0.159,-0.1,5.8,-0.1,4.3,100,8429,64.74,-4.6
2024-05-26 06:15,0.429,6.4,0.499,0.235,5.4,0.071,0.209,2.9,0.16,-0.1,5.8,-0.1,4.3,100,8429,64.75,-4.2
2024-05-26 06:30,0.429,6.4,0.497,0.235,5.4,0.072,0.209,2.9,0.161,-0.1,5.8,-0.1,4.3,100,8430,64.75,-4.1
2024-05-26 06:45,0.429,6.4,0.496,0.235,5.4,0.071,0.209,2.8,0.159,-0.1,5.8,-0.1,4.3,100,8423,64.75,-4.4
2024-05-26 07:00,0.429,6.4,0.493,0.234,5.4,0.072,0.209,2.8,0.159,-0.1,5.8,-0.1,4.3,100,8425,64.75,-5.3
2024-05-26 07:15,0.429,6.4,0.492,0.234,5.4,0.072,0.209,2.8,0.157,-0.1,5.8,-0.1,4.2,100,8423,64.76,-5.2
2024-05-26 07:30,0.429,6.4,0.491,0.234,5.4,0.07,0.209,2.8,0.159,-0.1,5.8,-0.1,4.2,100,8434,64.78,-4.5
2024-05-26 07:45,0.429,6.4,0.49,0.234,5.4,0.069,0.209,2.7,0.16,-0.1,5.8,-0.1,4.2,100,8459,64.8,-3.8
2024-05-26 08:00,0.429,6.4,0.489,0.234,5.4,0.069,0.208,2.7,0.158,-0.1,5.8,-0.1,4.2,100,8480,64.81,-2.8
2024-05-26 08:15,0.429,6.4,0.487,0.233,5.4,0.068,0.208,2.7,0.157,-0.1,5.8,-0.1,4.2,100,8507,64.83,-1.2
2024-05-26 08:30,0.429,6.4,0.487,0.233,5.4,0.068,0.208,2.6,0.158,-0.1,5.7,-0.1,4.2,100,8530,64.85,0.2
2024-05-26 08:45,0.429,6.4,0.485,0.233,5.4,0.069,0.208,2.6,0.159,-0.1,5.7,-0.1,4.1,100,8552,64.86,1.5
2024-05-26 09:00,0.429,6.4,0.482,0.233,5.4,0.069,0.208,2.6,0.159,-0.1,5.7,-0.1,4.1,100,8574,64.88,3.3
2024-05-26 09:15,0.429,6.4,0.482,0.233,5.4,0.068,0.208,2.6,0.156,-0.1,5.7,-0.1,4.1,100,8593,64.89,6.2
2024-05-26 09:30,0.429,6.4,0.482,0.233,5.3,0.068,0.208,2.5,0.157,-0.1,5.7,-0.1,4.1,100,8603,64.91,8.2
2024-05-26 09:45,0.429,6.4,0.481,0.232,5.3,0.068,0.208,2.5,0.157,-0.1,5.7,-0.1,4.1,100,8611,64.92,9.6
2024-05-26 10:00,0.429,6.4,0.481,0.232,5.3,0.067,0.208,2.5,0.156,-0.1,5.7,-0.1,4,100,8618,64.92,10.8
2024-05-26 10:15,0.429,6.4,0.481,0.232,5.3,0.067,0.208,2.5,0.157,-0.1,5.7,-0.1,4,100,8621,64.92,11.3
2024-05-26 10:30,0.429,6.4,0.48,0.232,5.3,0.067,0.209,2.5,0.157,-0.1,5.7,-0.1,4,100,8623,64.92,11.9
2024-05-26 10:45,0.429,6.4,0.48,0.232,5.3,0.068,0.209,2.4,0.158,-0.1,5.7,-0.1,4,100,8627,64.94,12.2
2024-05-26 11:00,0.429,6.4,0.48,0.232,5.3,0.066,0.208,2.4,0.157,-0.1,5.7,-0.1,4,100,8630,64.93,12.5
2024-05-26 11:15,0.43,6.4,0.478,0.232,5.3,0.065,0.208,2.4,0.154,-0.1,5.7,-0.1,4,100,8631,64.93,12.9
2024-05-26 11:30,0.429,6.4,0.479,0.232,5.3,0.068,0.209,2.4,0.157,-0.1,5.7,-0.1,4,100,8634,64.92,13.3
2024-05-26 11:45,0.429,6.4,0.479,0.232,5.3,0.066,0.209,2.4,0.158,-0.1,5.7,-0.1,3.9,100,8634,64.92,13.6
2024-05-26 12:00,0.43,6.4,0.478,0.231,5.3,0.067,0.209,2.4,0.155,-0.1,5.7,-0.1,3.9,100,8635,64.91,13.8
2024-05-26 12:15,0.43,6.4,0.478,0.231,5.2,0.066,0.209,2.3,0.157,-0.1,5.7,-0.1,3.9,100,8635,64.91,14
2024-05-26 12:30,0.429,6.4,0.478,0.232,5.2,0.066,0.209,2.3,0.158,-0.1,5.7,-0.1,3.9,100,8633,64.91,14.2
2024-05-26 12:45,0.429,6.4,0.477,0.232,5.2,0.066,0.209,2.3,0.158,-0.1,5.7,-0.1,3.9,100,8622,64.89,14.3
2024-05-26 13:00,0.43,6.4,0.478,0.232,5.2,0.065,0.21,2.3,0.159,-0.1,5.7,-0.1,3.9,100,8627,64.89,13.9
2024-05-26 13:15,0.43,6.4,0.478,0.232,5.2,0.067,0.21,2.3,0.158,-0.1,5.7,-0.1,3.9,100,8630,64.88,14.1
2024-05-26 13:30,0.43,6.4,0.478,0.232,5.2,0.066,0.211,2.3,0.159,-0.1,5.7,-0.1,3.8,100,8634,64.88,14
2024-05-26 13:45,0.43,6.4,0.478,0.232,5.2,0.067,0.212,2.3,0.16,-0.1,5.7,-0.1,3.8,100,8633,64.87,14.2
2024-05-26 14:00,0.43,6.4,0.48,0.233,5.2,0.067,0.212,2.3,0.16,-0.1,5.7,-0.1,3.8,100,8635,64.86,14
2024-05-26 14:15,0.429,6.4,0.48,0.233,5.2,0.067,0.213,2.3,0.16,-0.1,5.7,-0.1,3.8,100,8632,64.86,14.1
2024-05-26 14:30,0.43,6.4,0.48,0.233,5.2,0.067,0.213,2.3,0.161,-0.1,5.6,-0.1,3.8,100,8631,64.85,14.1
2024-05-26 14:45,0.43,6.4,0.482,0.233,5.2,0.067,0.214,2.4,0.163,-0.1,5.6,-0.1,3.8,100,8631,64.85,14
2024-05-26 15:00,0.43,6.4,0.483,0.233,5.1,0.068,0.214,2.5,0.165,-0.1,5.6,-0.1,3.8,100,8628,64.84,13.9
2024-05-26 15:15,0.43,6.3,0.483,0.233,5.1,0.068,0.214,2.6,0.164,-0.1,5.6,-0.1,3.8,100,8627,64.84,13.4
2024-05-26 15:30,0.43,6.3,0.483,0.233,5.1,0.068,0.213,2.7,0.165,-0.1,5.6,-0.1,3.8,100,8625,64.84,13.1
2024-05-26 15:45,0.43,6.3,0.483,0.233,5.1,0.068,0.214,2.8,0.166,-0.1,5.6,-0.1,3.8,100,8621,64.83,12.8
2024-05-26 16:00,0.43,6.3,0.485,0.234,5.1,0.068,0.213,2.9,0.165,-0.1,5.6,-0.1,3.8,100,8617,64.83,12.3
2024-05-26 16:15,0.43,6.3,0.485,0.234,5.1,0.068,0.213,3,0.165,-0.1,5.6,-0.1,3.8,100,8618,64.83,11.8
2024-05-26 16:30,0.43,6.3,0.484,0.234,5.1,0.069,0.213,3.1,0.166,-0.1,5.6,-0.1,3.8,100,8609,64.83,11.4
2024-05-26 16:45,0.43,6.3,0.485,0.234,5.1,0.068,0.213,3.2,0.165,-0.1,5.6,-0.1,3.9,100,8604,64.83,10.8
2024-05-26 17:00,0.43,6.3,0.485,0.234,5.1,0.068,0.212,3.4,0.166,-0.1,5.6,-0.1,3.9,100,8601,64.83,10.2
2024-05-26 17:15,0.43,6.3,0.486,0.234,5.1,0.069,0.212,3.5,0.167,-0.1,5.6,-0.1,3.9,100,8592,64.82,9.6
2024-05-26 17:30,0.43,6.3,0.486,0.234,5.1,0.068,0.212,3.6,0.167,-0.1,5.6,-0.1,3.9,100,8573,64.83,8.8
2024-05-26 17:45,0.43,6.3,0.486,0.235,5.1,0.069,0.212,3.7,0.165,-0.1,5.6,-0.1,4,100,8562,64.83,7.5
2024-05-26 18:00,0.43,6.3,0.486,0.235,5.1,0.071,0.212,3.7,0.167,-0.1,5.6,-0.1,4,100,8554,64.84,6.4
2024-05-26 18:15,0.43,6.3,0.486,0.235,5.1,0.07,0.211,3.8,0.168,-0.1,5.6,-0.1,4,100,8545,64.85,5.5
2024-05-26 18:30,0.43,6.3,0.486,0.235,5.1,0.07,0.211,3.9,0.168,-0.1,5.6,-0.1,4.1,100,8539,64.85,4.7
2024-05-26 18:45,0.43,6.3,0.486,0.235,5.1,0.07,0.211,3.9,0.167,-0.1,5.6,-0.1,4.1,100,8534,64.86,4.3
2024-05-26 19:00,0.43,6.3,0.485,0.235,5.1,0.07,0.211,4,0.165,-0.1,5.6,-0.1,4.2,100,8529,64.87,3.8
2024-05-26 19:15,0.43,6.3,0.485,0.235,5.1,0.07,0.211,4,0.167,-0.1,5.6,-0.1,4.2,100,8526,64.88,3.4
2024-05-26 19:30,0.43,6.3,0.486,0.235,5.1,0.071,0.211,4,0.167,-0.1,5.6,-0.1,4.2,100,8520,64.87,3
2024-05-26 19:45,0.43,6.3,0.485,0.235,5.1,0.071,0.211,4,0.168,-0.1,5.6,-0.1,4.3,100,8516,64.88,2.9
2024-05-26 20:00,0.43,6.3,0.483,0.235,5.1,0.072,0.211,4,0.167,-0.1,5.6,-0.1,4.3,100,8513,64.88,2.6
2024-05-26 20:15,0.43,6.3,0.483,0.235,5.1,0.072,0.211,4,0.166,-0.1,5.6,-0.1,4.3,100,8512,64.89,2.6
2024-05-26 20:30,0.43,6.3,0.482,0.235,5.1,0.072,0.211,4,0.166,-0.1,5.6,-0.1,4.3,100,8504,64.89,2.5
2024-05-26 20:45,0.43,6.3,0.481,0.235,5.2,0.071,0.21,3.9,0.166,-0.1,5.6,-0.1,4.4,100,8504,64.9,2.4
2024-05-26 21:00,0.43,6.3,0.482,0.235,5.2,0.072,0.21,3.9,0.165,-0.1,5.6,-0.1,4.4,100,8502,64.9,2.4
2024-05-26 21:15,0.43,6.3,0.481,0.235,5.2,0.072,0.21,3.9,0.166,-0.1,5.6,-0.1,4.4,100,8497,64.91,2.6
2024-05-26 21:30,0.43,6.3,0.481,0.236,5.2,0.073,0.21,3.8,0.165,-0.1,5.6,-0.1,4.4,100,8495,64.92,2.4
2024-05-26 21:45,0.43,6.3,0.479,0.236,5.2,0.072,0.21,3.8,0.165,-0.1,5.6,-0.1,4.4,100,8496,64.93,2.1
2024-05-26 22:00,0.43,6.3,0.479,0.235,5.2,0.072,0.21,3.8,0.165,-0.1,5.6,-0.1,4.4,100,8492,64.94,1.4
2024-05-26 22:15,0.43,6.3,0.479,0.235,5.2,0.073,0.21,3.8,0.166,-0.1,5.6,-0.1,4.4,100,8488,64.94,0.5
2024-05-26 22:30,0.43,6.3,0.478,0.235,5.2,0.072,0.21,3.7,0.165,-0.1,5.6,-0.1,4.4,100,8483,64.93,0.2
2024-05-26 22:45,0.43,6.3,0.476,0.235,5.2,0.072,0.21,3.7,0.165,-0.1,5.6,-0.1,4.4,100,8480,64.93,0
2024-05-26 23:00,0.43,6.3,0.476,0.235,5.2,0.073,0.21,3.7,0.164,-0.1,5.6,-0.1,4.4,100,8482,64.93,-0.1
2024-05-26 23:15,0.43,6.3,0.475,0.236,5.2,0.072,0.21,3.6,0.164,-0.1,5.6,-0.1,4.4,100,8479,64.93,-1.1
2024-05-26 23:30,0.43,6.3,0.475,0.235,5.3,0.073,0.21,3.6,0.164,-0.1,5.6,-0.1,4.4,100,8479,64.93,-1.1
2024-05-26 23:45,0.43,6.3,0.474,0.235,5.3,0.073,0.21,3.6,0.165,-0.1,5.6,-0.1,4.4,100,8477,64.92,-1.5
2024-05-27 00:00,0.43,6.3,0.472,0.235,5.3,0.074,0.21,3.5,0.164,-0.1,5.6,-0.1,4.4,100,8478,64.92,-1.8
2024-05-27 00:15,0.43,6.3,0.471,0.235,5.3,0.072,0.21,3.5,0.163,-0.1,5.6,-0.1,4.4,100,8434,64.92,-2.1
2024-05-27 00:30,0.43,6.3,0.471,0.235,5.3,0.072,0.21,3.5,0.165,-0.1,5.6,-0.1,4.4,100,8448,64.91,-3.1
2024-05-27 00:45,0.43,6.3,0.469,0.235,5.3,0.073,0.21,3.4,0.164,-0.1,5.6,-0.1,4.4,100,8453,64.91,-4.1
2024-05-27 01:00,0.43,6.3,0.469,0.235,5.3,0.074,0.21,3.4,0.163,-0.1,5.6,-0.1,4.4,100,8452,64.91,-5.1
2024-05-27 01:15,0.43,6.3,0.466,0.235,5.3,0.072,0.21,3.4,0.163,-0.1,5.6,-0.1,4.4,100,8451,64.9,-5.8
2024-05-27 01:30,0.43,6.3,0.466,0.235,5.3,0.074,0.21,3.4,0.163,-0.1,5.6,-0.1,4.4,100,8451,64.88,-6.1
2024-05-27 01:45,0.43,6.3,0.464,0.235,5.3,0.072,0.21,3.3,0.162,-0.1,5.6,-0.1,4.4,100,8452,64.87,-5.9
2024-05-27 02:00,0.43,6.3,0.464,0.235,5.3,0.073,0.21,3.3,0.163,-0.1,5.6,-0.1,4.3,100,8451,64.87,-6
2024-05-27 02:15,0.43,6.3,0.462,0.235,5.3,0.071,0.209,3.3,0.162,-0.1,5.6,-0.1,4.3,100,8448,64.87,-6.5
2024-05-27 02:30,0.43,6.3,0.461,0.235,5.3,0.073,0.209,3.2,0.164,-0.1,5.6,-0.1,4.3,100,8450,64.86,-7.3
2024-05-27 02:45,0.43,6.3,0.461,0.235,5.3,0.073,0.209,3.2,0.162,-0.1,5.6,-0.1,4.3,100,8449,64.85,-7.6
2024-05-27 03:00,0.43,6.3,0.458,0.235,5.3,0.072,0.209,3.2,0.163,-0.1,5.6,-0.1,4.3,100,8448,64.85,-7.9
2024-05-27 03:15,0.43,6.3,0.457,0.235,5.3,0.072,0.209,3.2,0.161,-0.1,5.6,-0.1,4.3,100,8446,64.84,-8.2
2024-05-27 03:30,0.43,6.3,0.456,0.235,5.3,0.072,0.209,3.1,0.161,-0.1,5.6,-0.1,4.3,100,8447,64.84,-8.8
2024-05-27 03:45,0.43,6.3,0.455,0.235,5.3,0.071,0.209,3.1,0.159,-0.1,5.6,-0.1,4.3,100,8446,64.84,-9.2
2024-05-27 04:00,0.43,6.3,0.454,0.235,5.3,0.071,0.209,3.1,0.162,-0.1,5.6,-0.1,4.3,100,8445,64.84,-9.7
2024-05-27 04:15,0.43,6.3,0.453,0.235,5.3,0.07,0.209,3,0.159,-0.1,5.6,-0.1,4.3,100,8444,64.83,-10.2
2024-05-27 04:30,0.43,6.3,0.45,0.235,5.3,0.072,0.209,3,0.163,-0.1,5.6,-0.1,4.2,100,8444,64.82,-10.4
2024-05-27 04:45,0.43,6.3,0.451,0.235,5.3,0.071,0.209,3,0.16,-0.1,5.6,-0.1,4.2,100,8439,64.83,-10.4
2024-05-27 05:00,0.43,6.3,0.45,0.235,5.3,0.068,0.209,2.9,0.159,-0.1,5.6,-0.1,4.2,100,8440,64.84,-10.9
2024-05-27 05:15,0.43,6.3,0.447,0.234,5.3,0.07,0.209,2.9,0.16,-0.1,5.6,-0.1,4.2,100,8434,64.83,-11.7
2024-05-27 05:30,0.43,6.3,0.448,0.234,5.3,0.068,0.209,2.9,0.16,-0.1,5.6,-0.1,4.2,100,8434,64.82,-12.4
2024-05-27 05:45,0.43,6.3,0.446,0.234,5.3,0.069,0.209,2.9,0.158,-0.1,5.6,-0.1,4.2,100,8432,64.83,-12.7
2024-05-27 06:00,0.43,6.3,0.444,0.234,5.3,0.068,0.208,2.8,0.158,-0.1,5.6,-0.1,4.2,100,8437,64.84,-12.6
2024-05-27 06:15,0.43,6.3,0.443,0.234,5.3,0.068,0.208,2.8,0.157,-0.1,5.6,-0.1,4.2,100,8433,64.85,-12.6
2024-05-27 06:30,0.43,6.3,0.443,0.234,5.2,0.068,0.208,2.8,0.159,-0.1,5.6,-0.1,4.1,100,8434,64.87,-12.6
2024-05-27 06:45,0.43,6.3,0.441,0.234,5.2,0.068,0.208,2.8,0.16,-0.1,5.6,-0.1,4.1,100,8429,64.87,-12.5
2024-05-27 07:00,0.43,6.3,0.439,0.234,5.2,0.066,0.208,2.7,0.159,-0.1,5.6,-0.1,4.1,100,8430,64.88,-12.8
2024-05-27 07:15,0.43,6.3,0.439,0.233,5.2,0.068,0.208,2.7,0.16,-0.1,5.6,-0.1,4.1,100,8428,64.89,-13.6
2024-05-27 07:30,0.43,6.3,0.438,0.233,5.2,0.067,0.208,2.7,0.159,-0.1,5.6,-0.1,4.1,100,8445,64.9,-13.6
2024-05-27 07:45,0.43,6.2,0.437,0.233,5.2,0.067,0.208,2.6,0.158,-0.1,5.6,-0.1,4,100,8479,64.92,-12.2
2024-05-27 08:00,0.43,6.2,0.435,0.233,5.2,0.066,0.208,2.6,0.159,-0.1,5.6,-0.1,4,100,8515,64.95,-9.8
2024-05-27 08:15,0.43,6.2,0.433,0.233,5.2,0.067,0.208,2.6,0.158,-0.1,5.6,-0.1,4,100,8546,64.97,-7.4
2024-05-27 08:30,0.43,6.2,0.434,0.232,5.2,0.066,0.208,2.6,0.157,-0.1,5.6,-0.1,4,100,8579,64.99,-4.9
2024-05-27 08:45,0.43,6.2,0.433,0.232,5.2,0.066,0.207,2.5,0.156,-0.1,5.6,-0.1,4,100,8604,65.01,-3.2
2024-05-27 09:00,0.43,6.2,0.433,0.232,5.2,0.066,0.207,2.5,0.158,-0.1,5.6,-0.1,4,100,8632,65.03,-2
2024-05-27 09:15,0.43,6.2,0.431,0.232,5.2,0.063,0.207,2.5,0.156,-0.1,5.6,-0.1,4,100,8656,65.05,-0.5
2024-05-27 09:30,0.43,6.2,0.43,0.231,5.2,0.066,0.207,2.5,0.156,-0.1,5.6,-0.1,4,100,8674,65.06,0.8
2024-05-27 09:45,0.43,6.2,0.43,0.231,5.2,0.063,0.207,2.4,0.156,-0.1,5.6,-0.1,3.9,100,8688,65.06,1.7
2024-05-27 10:00,0.43,6.2,0.429,0.231,5.2,0.065,0.207,2.4,0.156,-0.1,5.6,-0.1,3.9,100,8705,65.07,2.7
2024-05-27 10:15,0.431,6.2,0.429,0.231,5.2,0.065,0.207,2.4,0.156,-0.1,5.6,-0.1,3.9,100,8715,65.06,3.8
2024-05-27 10:30,0.43,6.2,0.429,0.231,5.1,0.064,0.207,2.4,0.156,-0.1,5.6,-0.1,3.9,100,8716,65.07,5.3
2024-05-27 10:45,0.43,6.2,0.427,0.231,5.1,0.065,0.207,2.3,0.155,-0.1,5.6,-0.1,3.9,100,8715,65.07,7.1
2024-05-27 11:00,0.43,6.2,0.427,0.231,5.1,0.064,0.207,2.3,0.156,-0.1,5.6,-0.1,3.9,100,8705,65.06,8.6
2024-05-27 11:15,0.43,6.2,0.427,0.231,5.1,0.063,0.207,2.3,0.156,-0.1,5.6,-0.1,3.8,100,8693,65.05,9.8
2024-05-27 11:30,0.43,6.2,0.426,0.231,5.1,0.064,0.208,2.3,0.154,-0.1,5.6,-0.1,3.8,100,8688,65.03,11.3
2024-05-27 11:45,0.431,6.2,0.426,0.231,5.1,0.065,0.208,2.3,0.156,-0.1,5.6,-0.1,3.8,100,8676,65.02,13
2024-05-27 12:00,0.431,6.2,0.426,0.231,5.1,0.063,0.208,2.3,0.155,-0.1,5.5,-0.1,3.8,100,8662,65,13.9
2024-05-27 12:15,0.431,6.2,0.426,0.231,5.1,0.063,0.208,2.2,0.157,-0.1,5.5,-0.1,3.8,100,8653,64.98,14.3
2024-05-27 12:30,0.431,6.2,0.426,0.231,5.1,0.063,0.208,2.2,0.157,-0.1,5.5,-0.1,3.8,100,8648,64.96,14.7
2024-05-27 12:45,0.431,6.2,0.425,0.231,5.1,0.062,0.208,2.2,0.157,-0.1,5.5,-0.1,3.8,100,8628,64.95,15.8
2024-05-27 13:00,0.43,6.2,0.426,0.231,5.1,0.063,0.209,2.2,0.156,-0.1,5.5,-0.1,3.7,100,8625,64.94,16.4
2024-05-27 13:15,0.43,6.2,0.425,0.231,5.1,0.064,0.209,2.2,0.157,-0.1,5.5,-0.1,3.7,100,8622,64.91,16.8
2024-05-27 13:30,0.431,6.2,0.425,0.231,5,0.063,0.21,2.2,0.159,-0.1,5.5,-0.1,3.7,100,8625,64.88,15.9
2024-05-27 13:45,0.431,6.2,0.425,0.231,5,0.063,0.211,2.2,0.158,-0.1,5.5,-0.1,3.7,100,8630,64.87,15.3
2024-05-27 14:00,0.43,6.2,0.426,0.231,5,0.064,0.211,2.2,0.158,-0.1,5.5,-0.1,3.7,100,8631,64.86,14.9
2024-05-27 14:15,0.43,6.2,0.427,0.231,5,0.064,0.212,2.2,0.16,-0.1,5.5,-0.1,3.7,100,8631,64.85,14.6
2024-05-27 14:30,0.43,6.2,0.427,0.231,5,0.065,0.212,2.3,0.162,-0.1,5.5,-0.1,3.7,100,8633,64.84,14.4
2024-05-27 14:45,0.431,6.2,0.426,0.231,5,0.065,0.213,2.3,0.16,-0.1,5.5,-0.1,3.7,100,8635,64.84,14.1
2024-05-27 15:00,0.431,6.2,0.428,0.231,5,0.064,0.213,2.4,0.163,-0.1,5.5,-0.1,3.7,100,8637,64.84,13.8
2024-05-27 15:15,0.431,6.2,0.428,0.231,5,0.065,0.213,2.5,0.164,-0.1,5.5,-0.1,3.7,100,8640,64.84,13.5
2024-05-27 15:30,0.431,6.2,0.43,0.231,5,0.066,0.213,2.6,0.165,-0.1,5.5,-0.1,3.7,100,8637,64.83,13.2
2024-05-27 15:45,0.431,6.2,0.429,0.232,5,0.064,0.213,2.8,0.164,-0.1,5.5,-0.1,3.7,100,8632,64.82,13
2024-05-27 16:00,0.431,6.2,0.429,0.232,5,0.065,0.212,2.9,0.166,-0.1,5.5,-0.1,3.7,100,8630,64.82,12.6
2024-05-27 16:15,0.431,6.2,0.43,0.232,5,0.064,0.212,3,0.166,-0.1,5.4,-0.1,3.7,100,8626,64.82,12.2
2024-05-27 16:30,0.431,6.2,0.43,0.232,5,0.066,0.212,3.1,0.165,-0.1,5.4,-0.1,3.7,100,8622,64.83,11.7
2024-05-27 16:45,0.431,6.2,0.431,0.232,5,0.067,0.212,3.2,0.167,-0.1,5.4,-0.1,3.8,100,8618,64.82,11.2
2024-05-27 17:00,0.431,6.2,0.43,0.232,5,0.066,0.211,3.4,0.165,-0.1,5.4,-0.1,3.8,100,8610,64.82,10.5
2024-05-27 17:15,0.431,6.2,0.43,0.232,5,0.066,0.211,3.5,0.165,-0.1,5.4,-0.1,3.8,100,8599,64.83,9.8
2024-05-27 17:30,0.431,6.2,0.43,0.233,5,0.067,0.211,3.6,0.167,-0.1,5.4,-0.1,3.9,100,8586,64.83,9
2024-05-27 17:45,0.431,6.2,0.431,0.232,5,0.068,0.211,3.7,0.165,-0.1,5.4,-0.1,3.9,100,8572,64.83,7.5
2024-05-27 18:00,0.431,6.2,0.432,0.232,5,0.068,0.211,3.8,0.166,-0.1,5.4,-0.1,4,100,8564,64.83,6.4
2024-05-27 18:15,0.431,6.2,0.432,0.232,5,0.067,0.21,3.8,0.167,-0.1,5.4,-0.1,4,100,8552,64.86,5.6
2024-05-27 18:30,0.431,6.2,0.432,0.232,5,0.068,0.21,3.9,0.167,-0.1,5.4,-0.1,4,100,8548,64.87,4.7
2024-05-27 18:45,0.431,6.2,0.433,0.232,5,0.068,0.21,3.9,0.167,-0.1,5.4,-0.1,4.1,100,8542,64.89,4.1
2024-05-27 19:00,0.431,6.2,0.433,0.233,5,0.067,0.21,4,0.167,-0.1,5.4,-0.1,4.1,100,8537,64.9,3.3
2024-05-27 19:15,0.431,6.2,0.434,0.233,5,0.067,0.21,4,0.167,-0.1,5.4,-0.1,4.2,100,8535,64.91,2.5
2024-05-27 19:30,0.431,6.1,0.434,0.233,5,0.068,0.21,4,0.167,-0.1,5.4,-0.1,4.2,100,8532,64.91,2.1
2024-05-27 19:45,0.431,6.1,0.433,0.233,5,0.067,0.21,4,0.168,-0.1,5.4,-0.1,4.2,100,8525,64.92,1.2
2024-05-27 20:00,0.431,6.1,0.434,0.233,5,0.068,0.21,4,0.167,-0.1,5.4,-0.1,4.2,100,8521,64.93,0.2
2024-05-27 20:15,0.431,6.1,0.433,0.233,5,0.067,0.21,4,0.167,-0.1,5.4,-0.1,4.3,100,8510,64.93,-0.8
2024-05-27 20:30,0.431,6.1,0.434,0.233,5,0.068,0.209,4,0.165,-0.1,5.4,-0.1,4.3,100,8512,64.92,-2.2
2024-05-27 20:45,0.431,6.1,0.434,0.233,5,0.068,0.21,3.9,0.165,-0.1,5.4,-0.1,4.3,100,8512,64.93,-3.5
2024-05-27 21:00,0.431,6.1,0.434,0.233,5,0.067,0.209,3.9,0.165,-0.1,5.4,-0.1,4.3,100,8507,64.93,-4.6
2024-05-27 21:15,0.431,6.1,0.434,0.233,5.1,0.068,0.209,3.9,0.165,-0.1,5.4,-0.1,4.3,100,8507,64.95,-4.8
2024-05-27 21:30,0.431,6.1,0.434,0.233,5.1,0.067,0.209,3.8,0.165,-0.1,5.4,-0.1,4.3,100,8502,64.94,-5.3
2024-05-27 21:45,0.431,6.1,0.434,0.233,5.1,0.067,0.209,3.8,0.165,-0.1,5.4,-0.1,4.4,100,8502,64.94,-5.8
2024-05-27 22:00,0.431,6.1,0.433,0.233,5.1,0.068,0.209,3.8,0.165,-0.1,5.4,-0.1,4.4,100,8501,64.94,-6.1
2024-05-27 22:15,0.431,6.1,0.433,0.233,5.1,0.068,0.209,3.7,0.166,-0.1,5.4,-0.1,4.4,100,8496,64.93,-6.9
2024-05-27 22:30,0.431,6.1,0.433,0.233,5.1,0.068,0.209,3.7,0.165,-0.1,5.4,-0.1,4.4,100,8494,64.93,-7.6
2024-05-27 22:45,0.431,6.1,0.433,0.233,5.1,0.067,0.209,3.6,0.164,-0.1,5.4,-0.1,4.4,100,8494,64.94,-8.1
2024-05-27 23:00,0.431,6.1,0.433,0.233,5.1,0.067,0.209,3.6,0.164,-0.1,5.4,-0.1,4.4,100,8494,64.94,-8.7
2024-05-27 23:15,0.431,6.1,0.432,0.233,5.1,0.069,0.209,3.6,0.164,-0.1,5.4,-0.1,4.4,100,8492,64.94,-9.2
2024-05-27 23:30,0.431,6.1,0.433,0.233,5.1,0.068,0.209,3.5,0.164,-0.1,5.4,-0.1,4.4,100,8494,64.93,-9.3
2024-05-27 23:45,0.431,6.1,0.432,0.233,5.2,0.068,0.209,3.5,0.165,-0.1,5.4,-0.1,4.3,100,8491,64.93,-9.8
2024-05-28 00:00,0.431,6.1,0.431,0.233,5.2,0.068,0.209,3.5,0.163,-0.1,5.4,-0.1,4.3,100,8488,64.93,-10.3
2024-05-28 00:15,0.431,6.1,0.431,0.233,5.2,0.068,0.209,3.4,0.161,-0.1,5.4,-0.1,4.3,100,8482,64.92,-10.5
2024-05-28 00:30,0.431,6.1,0.43,0.233,5.2,0.067,0.208,3.4,0.164,-0.1,5.4,-0.1,4.3,100,8474,64.92,-11.1
2024-05-28 00:45,0.431,6.1,0.431,0.233,5.2,0.067,0.208,3.3,0.162,-0.1,5.4,-0.1,4.3,100,8474,64.91,-11.7
2024-05-28 01:00,0.431,6.1,0.43,0.233,5.2,0.068,0.208,3.3,0.164,-0.1,5.5,-0.1,4.3,100,8475,64.91,-11.7
2024-05-28 01:15,0.431,6.1,0.43,0.233,5.2,0.068,0.208,3.3,0.162,-0.1,5.5,-0.1,4.3,100,8472,64.92,-11.7
2024-05-28 01:30,0.431,6.1,0.429,0.233,5.2,0.068,0.208,3.2,0.161,-0.1,5.5,-0.1,4.3,100,8475,64.91,-12
2024-05-28 01:45,0.431,6.1,0.428,0.233,5.2,0.067,0.208,3.2,0.16,-0.1,5.5,-0.1,4.3,100,8475,64.91,-12
2024-05-28 02:00,0.431,6.1,0.428,0.233,5.2,0.068,0.208,3.2,0.161,-0.1,5.5,-0.1,4.3,100,8477,64.9,-12.7
2024-05-28 02:15,0.431,6.1,0.427,0.233,5.2,0.067,0.208,3.1,0.161,-0.1,5.5,-0.1,4.3,100,8474,64.91,-13.5
2024-05-28 02:30,0.431,6.1,0.425,0.233,5.2,0.068,0.208,3.1,0.161,-0.1,5.5,-0.1,4.2,100,8475,64.9,-14
2024-05-28 02:45,0.431,6.1,0.424,0.233,5.2,0.069,0.208,3,0.159,-0.1,5.5,-0.1,4.2,100,8474,64.9,-14.2
2024-05-28 03:00,0.431,6.1,0.424,0.233,5.2,0.067,0.208,3,0.159,-0.1,5.5,-0.1,4.2,100,8475,64.9,-14.6
2024-05-28 03:15,0.431,6.1,0.424,0.233,5.2,0.067,0.208,3,0.16,-0.1,5.5,-0.1,4.2,100,8473,64.89,-14.7
2024-05-28 03:30,0.431,6.1,0.423,0.232,5.2,0.067,0.208,2.9,0.161,-0.1,5.5,-0.1,4.2,100,8472,64.9,-14.7
2024-05-28 03:45,0.431,6.1,0.422,0.232,5.2,0.068,0.208,2.9,0.157,-0.1,5.5,-0.1,4.2,100,8473,64.89,-14.9
2024-05-28 04:00,0.431,6.1,0.421,0.232,5.2,0.067,0.207,2.9,0.16,-0.1,5.5,-0.1,4.2,100,8472,64.89,-15
2024-05-28 04:15,0.431,6.1,0.421,0.232,5.2,0.067,0.207,2.8,0.159,-0.1,5.5,-0.1,4.1,100,8472,64.9,-15.3
2024-05-28 04:30,0.431,6.1,0.42,0.232,5.2,0.066,0.207,2.8,0.159,-0.1,5.5,-0.1,4.1,100,8463,64.91,-15.8
2024-05-28 04:45,0.431,6.1,0.419,0.232,5.2,0.066,0.207,2.8,0.158,-0.1,5.5,-0.1,4.1,100,8469,64.91,-16.1
2024-05-28 05:00,0.431,6.1,0.418,0.232,5.2,0.067,0.207,2.7,0.159,-0.1,5.5,-0.1,4.1,100,8467,64.92,-16.2
2024-05-28 05:15,0.431,6.1,0.417,0.232,5.2,0.066,0.207,2.7,0.157,-0.1,5.5,-0.1,4.1,100,8465,64.92,-16.5
2024-05-28 05:30,0.431,6.1,0.415,0.231,5.2,0.067,0.207,2.7,0.158,-0.1,5.5,-0.1,4,100,8461,64.92,-16.7
2024-05-28 05:45,0.431,6.1,0.414,0.231,5.1,0.065,0.207,2.6,0.158,-0.1,5.5,-0.1,4,100,8461,64.92,-17
2024-05-28 06:00,0.431,6.1,0.414,0.231,5.1,0.066,0.206,2.6,0.158,-0.1,5.5,-0.1,4,100,8463,64.92,-17.3
2024-05-28 06:15,0.431,6.1,0.412,0.231,5.1,0.064,0.206,2.6,0.156,-0.1,5.5,-0.1,4,100,8462,64.92,-17.4
2024-05-28 06:30,0.431,6.1,0.413,0.23,5.1,0.063,0.206,2.5,0.157,-0.1,5.5,-0.1,4,100,8452,64.94,-17.3
2024-05-28 06:45,0.431,6.1,0.412,0.23,5.1,0.065,0.206,2.5,0.156,-0.1,5.5,-0.1,4,100,8456,64.94,-17.6
2024-05-28 07:00,0.431,6.1,0.41,0.23,5.1,0.065,0.206,2.5,0.156,-0.1,5.5,-0.1,3.9,100,8455,64.95,-18
2024-05-28 07:15,0.431,6.1,0.412,0.23,5.1,0.063,0.206,2.4,0.157,-0.1,5.5,-0.1,3.9,100,8457,64.96,-18.1
2024-05-28 07:30,0.431,6.1,0.41,0.23,5.1,0.063,0.206,2.4,0.156,-0.1,5.5,-0.1,3.9,100,8479,64.97,-17.8
2024-05-28 07:45,0.431,6.1,0.41,0.23,5.1,0.062,0.205,2.4,0.156,-0.1,5.5,-0.1,3.9,100,8512,64.99,-16.2
2024-05-28 08:00,0.431,6.1,0.409,0.23,5.1,0.063,0.205,2.4,0.156,-0.1,5.5,-0.1,3.9,100,8556,65,-13.4
2024-05-28 08:15,0.431,6.1,0.409,0.229,5.1,0.064,0.205,2.3,0.156,-0.1,5.5,-0.1,3.9,100,8596,65.03,-10.6
2024-05-28 08:30,0.431,6.1,0.407,0.229,5.1,0.062,0.205,2.3,0.155,-0.1,5.5,-0.1,3.9,100,8632,65.04,-7.9
2024-05-28 08:45,0.431,6.1,0.407,0.229,5.1,0.062,0.205,2.3,0.155,-0.1,5.5,-0.1,3.8,100,8666,65.07,-5.5
2024-05-28 09:00,0.431,6.1,0.407,0.229,5.1,0.062,0.205,2.3,0.156,-0.1,5.5,-0.1,3.8,100,8691,65.09,-3.4
2024-05-28 09:15,0.431,6.1,0.404,0.228,5.1,0.063,0.205,2.2,0.155,-0.1,5.4,-0.1,3.8,100,8706,65.11,-1.3
2024-05-28 09:30,0.431,6.1,0.406,0.228,5,0.061,0.205,2.2,0.155,-0.1,5.4,-0.1,3.8,100,8722,65.12,0.7
2024-05-28 09:45,0.431,6.1,0.404,0.228,5,0.063,0.204,2.2,0.154,-0.1,5.4,-0.1,3.8,100,8730,65.13,2.2
2024-05-28 10:00,0.431,6.1,0.404,0.228,5,0.06,0.205,2.2,0.155,-0.1,5.4,-0.1,3.8,100,8734,65.14,3.4
2024-05-28 10:15,0.431,6.1,0.405,0.228,5,0.062,0.205,2.2,0.155,-0.1,5.4,-0.1,3.7,100,8738,65.15,4.4
2024-05-28 10:30,0.431,6.1,0.403,0.228,5,0.062,0.205,2.1,0.154,-0.1,5.4,-0.1,3.7,100,8735,65.15,5.6
2024-05-28 10:45,0.431,6.1,0.403,0.227,5,0.061,0.205,2.1,0.156,-0.1,5.4,-0.1,3.7,100,8728,65.15,7.3
2024-05-28 11:00,0.431,6.1,0.404,0.227,5,0.062,0.205,2.1,0.155,-0.1,5.4,-0.1,3.7,100,8720,65.15,8.6
2024-05-28 11:15,0.431,6.1,0.403,0.227,5,0.061,0.205,2.1,0.155,-0.1,5.4,-0.1,3.7,100,8718,65.14,9.4
2024-05-28 11:30,0.431,6.1,0.403,0.227,5,0.062,0.205,2.1,0.156,-0.1,5.4,-0.1,3.7,100,8712,65.13,10.3
2024-05-28 11:45,0.431,6.1,0.403,0.227,5,0.061,0.205,2,0.155,-0.1,5.4,-0.1,3.7,100,8701,65.12,11.2
2024-05-28 12:00,0.431,6.1,0.403,0.227,5,0.061,0.205,2,0.154,-0.1,5.4,-0.1,3.6,100,8693,65.1,12.2
2024-05-28 12:15,0.431,6.1,0.403,0.227,5,0.061,0.206,2,0.155,-0.1,5.4,-0.1,3.6,100,8684,65.09,13.4
2024-05-28 12:30,0.431,6.1,0.403,0.227,5,0.061,0.205,2,0.156,-0.1,5.4,-0.1,3.6,100,8677,65.08,14.2
2024-05-28 12:45,0.431,6.1,0.402,0.227,4.9,0.06,0.205,2,0.156,-0.1,5.4,-0.1,3.6,100,8659,65.06,15
2024-05-28 13:00,0.431,6.1,0.403,0.227,4.9,0.06,0.206,2,0.155,-0.1,5.4,-0.1,3.6,100,8655,65.04,15.9
2024-05-28 13:15,0.431,6.1,0.403,0.227,4.9,0.061,0.206,2,0.156,-0.1,5.4,-0.1,3.6,100,8641,65.02,17
2024-05-28 13:30,0.431,6.1,0.403,0.227,4.9,0.062,0.206,2,0.155,-0.1,5.4,-0.1,3.6,100,8637,64.99,17.5
2024-05-28 13:45,0.431,6.1,0.403,0.227,4.9,0.062,0.206,1.9,0.156,-0.1,5.4,-0.1,3.6,100,8627,64.98,17.8
2024-05-28 14:00,0.431,6.1,0.403,0.227,4.9,0.062,0.207,1.9,0.155,-0.1,5.4,-0.1,3.5,100,8624,64.97,17.4
2024-05-28 14:15,0.431,6.1,0.404,0.228,4.9,0.062,0.208,1.9,0.156,-0.1,5.4,-0.1,3.5,100,8622,64.97,17
2024-05-28 14:30,0.431,6.1,0.403,0.228,4.9,0.062,0.208,1.9,0.155,-0.1,5.4,-0.1,3.5,100,8622,64.97,16.6
2024-05-28 14:45,0.431,6.1,0.404,0.228,4.9,0.061,0.209,1.9,0.158,-0.1,5.4,-0.1,3.5,100,8621,64.97,16.3
2024-05-28 15:00,0.431,6.1,0.404,0.228,4.9,0.063,0.21,1.9,0.159,-0.1,5.4,-0.1,3.5,100,8619,64.96,16
2024-05-28 15:15,0.431,6.1,0.404,0.228,4.8,0.063,0.211,1.9,0.159,-0.1,5.3,-0.1,3.5,100,8618,64.96,15.9
2024-05-28 15:30,0.431,6.1,0.405,0.228,4.8,0.062,0.212,1.9,0.159,-0.1,5.3,-0.1,3.4,100,8614,64.96,15.7
2024-05-28 15:45,0.431,6.1,0.406,0.228,4.8,0.062,0.212,2,0.161,-0.1,5.3,-0.1,3.4,100,8613,64.96,15.4
2024-05-28 16:00,0.431,6.1,0.405,0.228,4.8,0.061,0.213,2,0.162,-0.1,5.3,-0.1,3.4,100,8611,64.96,15
2024-05-28 16:15,0.431,6.1,0.407,0.228,4.8,0.063,0.213,2.1,0.164,-0.1,5.3,-0.1,3.4,100,8604,64.96,14.4
2024-05-28 16:30,0.431,6.1,0.407,0.228,4.8,0.063,0.213,2.2,0.164,-0.1,5.3,-0.1,3.4,100,8598,64.96,13.7
2024-05-28 16:45,0.431,6.1,0.406,0.229,4.8,0.063,0.213,2.3,0.166,-0.1,5.3,-0.1,3.4,100,8595,64.97,12.9
2024-05-28 17:00,0.431,6.1,0.407,0.229,4.8,0.063,0.213,2.4,0.165,-0.1,5.3,-0.1,3.4,100,8590,64.97,11.8
2024-05-28 17:15,0.431,6.1,0.408,0.229,4.8,0.062,0.212,2.5,0.167,-0.1,5.3,-0.1,3.5,100,8576,64.98,10.8
2024-05-28 17:30,0.431,6.1,0.407,0.229,4.8,0.062,0.212,2.6,0.167,-0.1,5.3,-0.1,3.5,100,8565,64.99,9.6
2024-05-28 17:45,0.431,6.1,0.408,0.23,4.8,0.063,0.212,2.7,0.165,-0.1,5.3,-0.1,3.5,100,8553,64.99,7.3
2024-05-28 18:00,0.431,6,0.41,0.23,4.8,0.064,0.212,2.8,0.167,-0.1,5.3,-0.1,3.5,100,8545,64.99,5.4
2024-05-28 18:15,0.431,6,0.409,0.23,4.8,0.064,0.212,2.9,0.168,-0.1,5.3,-0.1,3.6,100,8538,65,4.5
2024-05-28 18:30,0.431,6,0.409,0.23,4.7,0.062,0.211,3,0.166,-0.1,5.3,-0.1,3.6,100,8526,65,4.3
2024-05-28 18:45,0.431,6,0.41,0.23,4.7,0.064,0.211,3.1,0.167,-0.1,5.3,-0.1,3.6,100,8527,65.01,4.2
2024-05-28 19:00,0.431,6,0.409,0.23,4.7,0.063,0.211,3.1,0.167,-0.1,5.3,-0.1,3.6,100,8525,65.01,3.6
2024-05-28 19:15,0.431,6,0.409,0.23,4.8,0.064,0.211,3.1,0.168,-0.1,5.3,-0.1,3.7,100,8520,65.02,2.2
2024-05-28 19:30,0.431,6,0.41,0.23,4.8,0.063,0.21,3.2,0.167,-0.1,5.3,-0.1,3.7,100,8511,65.03,1.2
2024-05-28 19:45,0.431,6,0.409,0.23,4.8,0.064,0.21,3.2,0.166,-0.1,5.3,-0.1,3.7,100,8511,65.02,0.1
2024-05-28 20:00,0.431,6,0.411,0.23,4.8,0.062,0.21,3.2,0.166,-0.1,5.2,-0.1,3.8,100,8506,65.04,-0.7
2024-05-28 20:15,0.431,6,0.411,0.23,4.8,0.065,0.21,3.2,0.166,-0.1,5.2,-0.1,3.8,100,8506,65.05,-1
2024-05-28 20:30,0.431,6,0.411,0.23,4.8,0.063,0.21,3.2,0.166,-0.1,5.2,-0.1,3.8,100,8496,65.05,-2
2024-05-28 20:45,0.431,6,0.411,0.23,4.8,0.064,0.21,3.2,0.167,-0.1,5.2,-0.1,3.8,100,8500,65.05,-2.9
2024-05-28 21:00,0.431,6,0.411,0.23,4.8,0.064,0.209,3.2,0.164,-0.1,5.2,-0.1,3.8,100,8497,65.05,-4.2
2024-05-28 21:15,0.431,6,0.412,0.23,4.8,0.065,0.209,3.1,0.163,-0.1,5.2,-0.1,3.8,100,8488,65.05,-5.7
2024-05-28 21:30,0.431,6,0.411,0.23,4.8,0.064,0.209,3.1,0.165,-0.1,5.2,-0.1,3.9,100,8489,65.06,-6.5
2024-05-28 21:45,0.431,6,0.411,0.23,4.8,0.065,0.209,3.1,0.165,-0.1,5.2,-0.1,3.9,100,8488,65.07,-7
2024-05-28 22:00,0.431,6,0.411,0.23,4.8,0.064,0.209,3.1,0.164,-0.1,5.2,-0.1,3.9,100,8489,65.07,-7
2024-05-28 22:15,0.431,6,0.411,0.23,4.8,0.066,0.209,3,0.164,-0.1,5.2,-0.1,3.9,100,8488,65.08,-7.5
2024-05-28 22:30,0.431,6,0.411,0.23,4.8,0.063,0.208,3,0.163,-0.1,5.2,-0.1,3.9,100,8428,65.09,-7.6
2024-05-28 22:45,0.431,6,0.412,0.23,4.8,0.065,0.209,3,0.163,-0.1,5.2,-0.1,3.9,100,8483,65.09,-8.1
2024-05-28 23:00,0.431,6,0.411,0.23,4.8,0.067,0.208,3,0.163,-0.1,5.2,-0.1,3.9,100,8481,65.09,-8.8
2024-05-28 23:15,0.431,6,0.411,0.23,4.8,0.064,0.208,3,0.164,-0.1,5.2,-0.1,3.9,100,8478,65.09,-9.4
2024-05-28 23:30,0.431,6,0.411,0.23,4.8,0.064,0.208,2.9,0.162,-0.1,5.2,-0.1,3.9,100,8479,65.08,-9.7
2024-05-28 23:45,0.431,6,0.411,0.23,4.8,0.063,0.208,2.9,0.162,-0.1,5.2,-0.1,3.9,100,8478,65.08,-9.8
2024-05-29 00:00,0.431,6,0.41,0.23,4.8,0.064,0.208,2.9,0.16,-0.1,5.2,-0.1,3.9,100,8481,65.07,-10
2024-05-29 00:15,0.431,6,0.411,0.23,4.8,0.065,0.208,2.9,0.161,-0.1,5.2,-0.1,3.9,100,8418,65.07,-10.3
2024-05-29 00:30,0.431,6,0.411,0.23,4.8,0.064,0.207,2.8,0.16,-0.1,5.2,-0.1,3.9,100,8443,65.07,-11
2024-05-29 00:45,0.431,6,0.41,0.23,4.9,0.064,0.207,2.8,0.159,-0.1,5.2,-0.1,3.9,100,8445,65.07,-11.8
2024-05-29 01:00,0.431,6,0.41,0.23,4.9,0.064,0.207,2.8,0.16,-0.1,5.2,-0.1,3.9,100,8447,65.06,-12.1
2024-05-29 01:15,0.431,6,0.41,0.23,4.9,0.066,0.207,2.8,0.16,-0.1,5.2,-0.1,3.9,100,8448,65.05,-12
2024-05-29 01:30,0.431,6,0.409,0.23,4.9,0.064,0.207,2.7,0.159,-0.1,5.2,-0.1,3.8,100,8447,65.04,-12.1
2024-05-29 01:45,0.431,6,0.408,0.23,4.9,0.065,0.207,2.7,0.16,-0.1,5.2,-0.1,3.8,100,8451,65.04,-12.1
2024-05-29 02:00,0.431,6,0.408,0.23,4.9,0.065,0.207,2.7,0.159,-0.1,5.2,-0.1,3.8,100,8451,65.04,-12.6
2024-05-29 02:15,0.431,6,0.408,0.23,4.9,0.065,0.207,2.7,0.158,-0.1,5.2,-0.1,3.8,100,8449,65.04,-12.8
2024-05-29 02:30,0.432,6,0.408,0.23,4.9,0.064,0.207,2.6,0.158,-0.1,5.2,-0.1,3.8,100,8450,65.03,-12.9
2024-05-29 02:45,0.431,6,0.408,0.23,4.9,0.065,0.207,2.6,0.159,-0.1,5.2,-0.1,3.8,100,8451,65.01,-13.3
2024-05-29 03:00,0.431,6,0.407,0.23,4.9,0.064,0.207,2.6,0.158,-0.1,5.2,-0.1,3.8,100,8449,65.01,-13.5
2024-05-29 03:15,0.432,6,0.406,0.23,4.9,0.065,0.206,2.6,0.16,-0.1,5.2,-0.1,3.8,100,8451,65,-13.8
2024-05-29 03:30,0.431,6,0.406,0.23,4.9,0.062,0.206,2.5,0.16,-0.1,5.2,-0.1,3.8,100,8449,64.99,-14.1
2024-05-29 03:45,0.431,6,0.406,0.23,4.9,0.064,0.206,2.5,0.158,-0.1,5.2,-0.1,3.8,100,8449,64.99,-14.6
2024-05-29 04:00,0.431,6,0.405,0.23,4.9,0.063,0.206,2.5,0.158,-0.1,5.2,-0.1,3.8,100,8449,64.99,-15
2024-05-29 04:15,0.431,6,0.405,0.23,4.9,0.063,0.206,2.5,0.159,-0.1,5.2,-0.1,3.7,100,8440,64.99,-15
2024-05-29 04:30,0.431,6,0.404,0.23,4.8,0.063,0.206,2.4,0.157,-0.1,5.2,-0.1,3.7,100,8440,64.98,-14.8
2024-05-29 04:45,0.431,6,0.404,0.229,4.8,0.063,0.206,2.4,0.156,-0.1,5.2,-0.1,3.7,100,8443,64.98,-14.8
2024-05-29 05:00,0.431,6,0.404,0.229,4.8,0.063,0.206,2.4,0.157,-0.1,5.2,-0.1,3.7,100,8443,64.99,-15.1
2024-05-29 05:15,0.432,6,0.402,0.229,4.8,0.063,0.206,2.4,0.155,-0.1,5.2,-0.1,3.7,100,8446,64.99,-15.5
2024-05-29 05:30,0.431,6,0.402,0.229,4.8,0.064,0.205,2.3,0.156,-0.1,5.2,-0.1,3.7,100,8437,65,-15.9
2024-05-29 05:45,0.431,6,0.401,0.229,4.8,0.063,0.205,2.3,0.156,-0.1,5.2,-0.1,3.7,100,8438,64.99,-16.5
2024-05-29 06:00,0.431,6,0.402,0.229,4.8,0.064,0.205,2.3,0.155,-0.1,5.2,-0.1,3.7,100,8437,65,-17
2024-05-29 06:15,0.432,6,0.4,0.229,4.8,0.063,0.205,2.3,0.158,-0.1,5.2,-0.1,3.7,100,8434,65,-17.3
2024-05-29 06:30,0.431,6,0.401,0.228,4.8,0.063,0.205,2.2,0.155,-0.1,5.2,-0.1,3.6,100,8434,65.01,-17.3
2024-05-29 06:45,0.431,6,0.401,0.228,4.8,0.062,0.205,2.2,0.157,-0.1,5.2,-0.1,3.6,100,8434,65.02,-17.2
2024-05-29 07:00,0.431,6,0.399,0.228,4.8,0.063,0.205,2.2,0.156,-0.1,5.2,-0.1,3.6,100,8433,65.03,-17.1
2024-05-29 07:15,0.431,6,0.399,0.228,4.8,0.062,0.205,2.2,0.155,-0.1,5.2,-0.1,3.6,100,8434,65.04,-17.3
2024-05-29 07:30,0.431,6,0.397,0.228,4.8,0.063,0.204,2.2,0.155,-0.1,5.2,-0.1,3.6,100,8451,65.04,-17.3
2024-05-29 07:45,0.431,6,0.397,0.228,4.8,0.061,0.204,2.1,0.154,-0.1,5.2,-0.1,3.6,100,8488,65.05,-16.2
2024-05-29 08:00,0.431,6,0.397,0.227,4.8,0.061,0.204,2.1,0.156,-0.1,5.2,-0.1,3.6,100,8533,65.07,-13.9
2024-05-29 08:15,0.431,6,0.396,0.227,4.8,0.061,0.204,2.1,0.155,-0.1,5.2,-0.1,3.6,100,8573,65.1,-11.1
2024-05-29 08:30,0.431,6,0.396,0.227,4.8,0.061,0.204,2.1,0.154,-0.1,5.2,-0.1,3.6,100,8611,65.12,-8.5
2024-05-29 08:45,0.431,6,0.396,0.227,4.8,0.061,0.204,2.1,0.154,-0.1,5.2,-0.1,3.5,100,8649,65.14,-6.1
2024-05-29 09:00,0.431,6,0.395,0.227,4.8,0.06,0.204,2,0.156,-0.1,5.2,-0.1,3.5,100,8679,65.16,-3.5
2024-05-29 09:15,0.431,6,0.395,0.226,4.8,0.06,0.204,2,0.155,-0.1,5.2,-0.1,3.5,100,8700,65.17,-1.2
2024-05-29 09:30,0.431,6,0.394,0.226,4.8,0.059,0.203,2,0.155,-0.1,5.2,-0.1,3.5,100,8717,65.19,0.8
2024-05-29 09:45,0.431,5.9,0.393,0.226,4.8,0.06,0.203,2,0.153,-0.1,5.2,-0.1,3.5,100,8704,65.2,2.6
2024-05-29 10:00,0.431,5.9,0.395,0.226,4.7,0.058,0.203,2,0.154,-0.1,5.2,-0.1,3.5,100,8720,65.21,3.8
2024-05-29 10:15,0.431,5.9,0.394,0.226,4.7,0.058,0.203,1.9,0.155,-0.1,5.2,-0.1,3.5,100,8729,65.21,4.2
2024-05-29 10:30,0.431,5.9,0.393,0.226,4.7,0.058,0.204,1.9,0.154,-0.1,5.2,-0.1,3.4,100,8718,65.2,5
2024-05-29 10:45,0.431,5.9,0.393,0.226,4.7,0.058,0.204,1.9,0.155,-0.1,5.2,-0.1,3.4,100,8733,65.2,5.8
2024-05-29 11:00,0.431,5.9,0.392,0.225,4.7,0.058,0.204,1.9,0.152,-0.1,5.2,-0.1,3.4,100,8736,65.19,6.7
2024-05-29 11:15,0.431,5.9,0.393,0.225,4.7,0.058,0.204,1.9,0.154,-0.1,5.2,-0.1,3.4,100,8736,65.18,8
2024-05-29 11:30,0.431,5.9,0.392,0.225,4.7,0.058,0.204,1.9,0.153,-0.1,5.2,-0.1,3.4,100,8716,65.17,9.6
2024-05-29 11:45,0.431,5.9,0.392,0.225,4.7,0.06,0.204,1.9,0.154,-0.1,5.2,-0.1,3.4,100,8716,65.16,10.5
2024-05-29 12:00,0.431,5.9,0.392,0.225,4.7,0.056,0.204,1.8,0.155,-0.1,5.2,-0.1,3.4,100,8712,65.14,11.4
2024-05-29 12:15,0.431,5.9,0.392,0.225,4.7,0.058,0.204,1.8,0.155,-0.1,5.2,-0.1,3.4,100,8705,65.12,12.8
2024-05-29 12:30,0.431,5.9,0.391,0.225,4.7,0.057,0.204,1.8,0.156,-0.1,5.2,-0.1,3.4,100,8677,65.11,13.9
2024-05-29 12:45,0.431,5.9,0.391,0.225,4.7,0.058,0.204,1.8,0.157,-0.1,5.2,-0.1,3.4,100,8668,65.08,15
2024-05-29 13:00,0.431,5.9,0.392,0.225,4.7,0.059,0.204,1.8,0.155,-0.1,5.2,-0.1,3.3,100,8659,65.06,15.8
2024-05-29 13:15,0.431,5.9,0.391,0.225,4.7,0.056,0.205,1.8,0.156,-0.1,5.2,-0.1,3.3,100,8645,65.03,17.5
2024-05-29 13:30,0.431,5.9,0.391,0.225,4.7,0.058,0.205,1.8,0.156,-0.1,5.2,-0.1,3.3,100,8633,65.01,18.9
2024-05-29 13:45,0.431,5.9,0.391,0.225,4.6,0.057,0.205,1.8,0.154,-0.1,5.2,-0.1,3.3,100,8619,64.98,19.6
2024-05-29 14:00,0.431,5.9,0.391,0.225,4.6,0.056,0.205,1.8,0.156,-0.1,5.2,-0.1,3.3,100,8609,64.95,20.3
2024-05-29 14:15,0.431,5.9,0.392,0.225,4.6,0.056,0.206,1.8,0.156,-0.1,5.2,-0.1,3.3,100,8589,64.93,21
2024-05-29 14:30,0.431,5.9,0.392,0.225,4.6,0.056,0.207,1.8,0.157,-0.1,5.2,-0.1,3.3,100,8555,64.91,21.8
2024-05-29 14:45,0.431,5.9,0.391,0.225,4.6,0.058,0.208,1.8,0.158,-0.1,5.2,-0.1,3.3,100,8561,64.9,21.6
2024-05-29 15:00,0.431,5.9,0.391,0.226,4.6,0.059,0.209,1.8,0.157,-0.1,5.2,-0.1,3.3,100,8559,64.91,20.7
2024-05-29 15:15,0.431,5.9,0.392,0.226,4.6,0.058,0.21,1.8,0.158,-0.1,5.2,-0.1,3.3,100,8532,64.91,19.4
2024-05-29 15:30,0.431,5.9,0.392,0.226,4.6,0.058,0.211,1.8,0.161,-0.1,5.2,-0.1,3.2,100,8551,64.9,18.4
2024-05-29 15:45,0.431,5.9,0.392,0.226,4.6,0.058,0.211,1.8,0.161,-0.1,5.1,-0.1,3.2,100,8554,64.9,17.5
2024-05-29 16:00,0.431,5.9,0.392,0.226,4.6,0.059,0.212,1.9,0.162,-0.1,5.1,-0.1,3.2,100,8556,64.89,16.7
2024-05-29 16:15,0.431,5.9,0.393,0.226,4.6,0.059,0.212,2,0.163,-0.1,5.1,-0.1,3.2,100,8558,64.89,16.1
2024-05-29 16:30,0.431,5.9,0.393,0.227,4.6,0.057,0.213,2,0.164,-0.1,5.1,-0.1,3.2,100,8524,64.88,15.5
2024-05-29 16:45,0.432,5.9,0.393,0.227,4.6,0.059,0.212,2.2,0.165,-0.1,5.1,-0.1,3.2,100,8545,64.89,14.8
2024-05-29 17:00,0.432,5.9,0.393,0.227,4.5,0.058,0.212,2.3,0.166,-0.1,5.1,-0.1,3.3,100,8539,64.89,13.8
2024-05-29 17:15,0.432,5.9,0.394,0.227,4.5,0.059,0.212,2.4,0.167,-0.1,5.1,-0.1,3.3,100,8536,64.9,12.7
2024-05-29 17:30,0.431,5.9,0.394,0.227,4.5,0.059,0.212,2.6,0.168,-0.1,5.1,-0.1,3.3,100,8529,64.9,11.6
2024-05-29 17:45,0.432,5.9,0.394,0.227,4.5,0.059,0.212,2.7,0.168,-0.1,5.1,-0.1,3.3,100,8507,64.94,10
2024-05-29 18:00,0.431,5.9,0.394,0.227,4.5,0.06,0.211,2.8,0.165,-0.1,5.1,-0.1,3.4,100,8501,64.93,9
2024-05-29 18:15,0.432,5.9,0.394,0.227,4.5,0.062,0.211,2.9,0.168,-0.1,5.1,-0.1,3.4,100,8479,64.95,8.2
2024-05-29 18:30,0.432,5.9,0.395,0.228,4.5,0.061,0.211,3,0.168,-0.1,5.1,-0.1,3.4,100,8481,64.97,6.4
2024-05-29 18:45,0.432,5.9,0.396,0.227,4.5,0.062,0.21,3,0.168,-0.1,5.1,-0.1,3.4,100,8479,64.97,4.7
2024-05-29 19:00,0.432,5.9,0.396,0.228,4.5,0.061,0.21,3.1,0.166,-0.1,5.1,-0.1,3.5,100,8474,64.96,3.7
2024-05-29 19:15,0.432,5.9,0.396,0.228,4.5,0.062,0.21,3.2,0.167,-0.1,5.1,-0.1,3.5,100,8451,64.98,2.8
2024-05-29 19:30,0.432,5.8,0.398,0.228,4.5,0.062,0.21,3.2,0.166,-0.1,5.1,-0.1,3.6,100,8458,64.99,2.2
2024-05-29 19:45,0.432,5.8,0.397,0.228,4.5,0.061,0.21,3.2,0.167,-0.1,5.1,-0.1,3.6,100,8458,65,0.9
2024-05-29 20:00,0.432,5.8,0.398,0.228,4.5,0.062,0.209,3.2,0.166,-0.1,5.1,-0.1,3.6,100,8454,65,0.7
2024-05-29 20:15,0.432,5.8,0.397,0.228,4.6,0.061,0.209,3.2,0.168,-0.1,5.1,-0.1,3.7,100,8454,65.01,-0.4
2024-05-29 20:30,0.432,5.8,0.397,0.228,4.6,0.061,0.209,3.2,0.166,-0.1,5.1,-0.1,3.7,100,8437,65.02,-1.5
2024-05-29 20:45,0.432,5.8,0.397,0.228,4.6,0.061,0.209,3.2,0.167,-0.1,5.1,-0.1,3.7,100,8438,65.02,-2.8
2024-05-29 21:00,0.432,5.8,0.397,0.228,4.6,0.062,0.209,3.2,0.167,-0.1,5.1,-0.1,3.7,100,8439,65.03,-4.2
2024-05-29 21:15,0.432,5.8,0.397,0.228,4.6,0.062,0.208,3.2,0.166,-0.1,5.1,-0.1,3.7,100,8422,65.04,-5.1
2024-05-29 21:30,0.432,5.8,0.397,0.228,4.6,0.061,0.208,3.1,0.167,-0.1,5.1,-0.1,3.7,100,8424,65.03,-6
2024-05-29 21:45,0.432,5.8,0.398,0.228,4.6,0.062,0.208,3.1,0.166,-0.1,5.1,-0.1,3.8,100,8425,65.03,-6.6
2024-05-29 22:00,0.432,5.8,0.398,0.228,4.6,0.063,0.208,3.1,0.164,-0.1,5.1,-0.1,3.8,100,8426,65.03,-7.3
2024-05-29 22:15,0.432,5.8,0.399,0.228,4.6,0.062,0.208,3.1,0.162,-0.1,5.1,-0.1,3.8,100,8425,65.04,-7.8
2024-05-29 22:30,0.432,5.8,0.398,0.228,4.6,0.062,0.207,3,0.162,-0.1,5.1,-0.1,3.8,100,8425,65.04,-8.4
2024-05-29 22:45,0.432,5.8,0.397,0.228,4.6,0.062,0.208,3,0.164,-0.1,5.1,-0.1,3.8,100,8403,65.04,-8.8
2024-05-29 23:00,0.432,5.8,0.397,0.228,4.6,0.062,0.207,3,0.164,-0.1,5.1,-0.1,3.8,100,8410,65.03,-9.2
2024-05-29 23:15,0.432,5.8,0.398,0.228,4.6,0.062,0.207,3,0.163,-0.1,5.1,-0.1,3.8,100,8412,65.03,-9.6
2024-05-29 23:30,0.432,5.8,0.398,0.228,4.7,0.062,0.207,2.9,0.161,-0.1,5.1,-0.1,3.8,100,8411,65.04,-10.2
2024-05-29 23:45,0.432,5.8,0.398,0.228,4.7,0.063,0.207,2.9,0.162,-0.1,5.1,-0.1,3.8,100,8413,65.03,-10.6
2024-05-30 00:00,0.432,5.8,0.397,0.229,4.7,0.062,0.207,2.9,0.161,-0.1,5.1,-0.1,3.8,100,8414,65.03,-10.9
2024-05-30 00:15,0.432,5.8,0.399,0.229,4.7,0.062,0.207,2.8,0.162,-0.1,5.1,-0.1,3.8,100,8403,65.03,-11.1
2024-05-30 00:30,0.432,5.8,0.397,0.228,4.7,0.062,0.207,2.8,0.162,-0.1,5.1,-0.1,3.8,100,8327,65.03,-10.8
2024-05-30 00:45,0.432,5.8,0.398,0.228,4.7,0.063,0.207,2.8,0.161,-0.1,5.1,-0.1,3.8,100,8348,65.02,-11.6
2024-05-30 01:00,0.432,5.8,0.398,0.228,4.7,0.063,0.206,2.8,0.161,-0.1,5.1,-0.1,3.8,100,8355,65.01,-12.3
2024-05-30 01:15,0.432,5.8,0.397,0.229,4.7,0.063,0.206,2.7,0.16,-0.1,5.1,-0.1,3.8,100,8359,65.01,-12.6
2024-05-30 01:30,0.432,5.8,0.397,0.229,4.7,0.063,0.206,2.7,0.161,-0.1,5.1,-0.1,3.7,100,8364,65,-12.7
2024-05-30 01:45,0.432,5.8,0.397,0.228,4.7,0.063,0.206,2.7,0.16,-0.1,5.1,-0.1,3.7,100,8365,64.99,-13.3
2024-05-30 02:00,0.432,5.8,0.397,0.228,4.7,0.063,0.206,2.6,0.159,-0.1,5.1,-0.1,3.7,100,8366,64.98,-13.7
2024-05-30 02:15,0.432,5.8,0.397,0.229,4.7,0.062,0.206,2.6,0.158,-0.1,5.1,-0.1,3.7,100,8369,64.97,-13.9
2024-05-30 02:30,0.432,5.8,0.397,0.229,4.7,0.062,0.206,2.6,0.161,-0.1,5.1,-0.1,3.7,100,8368,64.97,-14
2024-05-30 02:45,0.432,5.8,0.397,0.229,4.7,0.063,0.205,2.6,0.159,-0.1,5.1,-0.1,3.7,100,8369,64.95,-14.3
2024-05-30 03:00,0.432,5.8,0.395,0.229,4.7,0.063,0.206,2.5,0.159,-0.1,5.1,-0.1,3.7,100,8370,64.95,-14.7
2024-05-30 03:15,0.432,5.8,0.395,0.229,4.7,0.062,0.206,2.5,0.159,-0.1,5.1,-0.1,3.7,100,8370,64.94,-15.2
2024-05-30 03:30,0.432,5.8,0.395,0.228,4.7,0.062,0.205,2.5,0.158,-0.1,5.1,-0.1,3.7,100,8372,64.92,-15.4
2024-05-30 03:45,0.432,5.8,0.395,0.228,4.7,0.061,0.205,2.5,0.158,-0.1,5.1,-0.1,3.7,100,8371,64.92,-15.6
2024-05-30 04:00,0.432,5.8,0.395,0.228,4.7,0.063,0.205,2.4,0.159,-0.1,5.1,-0.1,3.7,100,8373,64.92,-15.8
2024-05-30 04:15,0.432,5.8,0.395,0.228,4.7,0.061,0.205,2.4,0.159,-0.1,5.1,-0.1,3.7,100,8372,64.91,-15.9
2024-05-30 04:30,0.432,5.8,0.395,0.228,4.7,0.061,0.205,2.4,0.157,-0.1,5.1,-0.1,3.6,100,8371,64.91,-16.5
2024-05-30 04:45,0.432,5.8,0.395,0.228,4.7,0.062,0.205,2.4,0.156,-0.1,5.1,-0.1,3.6,100,8328,64.91,-16.9
2024-05-30 05:00,0.432,5.8,0.394,0.228,4.7,0.062,0.205,2.3,0.156,-0.1,5.1,-0.1,3.6,100,8341,64.91,-16.7
2024-05-30 05:15,0.432,5.8,0.393,0.228,4.7,0.061,0.204,2.3,0.156,-0.1,5.1,-0.1,3.6,100,8348,64.91,-16.8
2024-05-30 05:30,0.432,5.8,0.394,0.228,4.7,0.061,0.204,2.3,0.156,-0.1,5.1,-0.1,3.6,100,8316,64.91,-17
2024-05-30 05:45,0.432,5.8,0.392,0.228,4.7,0.061,0.204,2.3,0.155,-0.1,5.1,-0.1,3.6,100,8323,64.91,-17.2
2024-05-30 06:00,0.432,5.8,0.392,0.228,4.7,0.06,0.204,2.2,0.156,-0.1,5.1,-0.1,3.6,100,8329,64.92,-17.4
2024-05-30 06:15,0.432,5.8,0.392,0.228,4.7,0.06,0.204,2.2,0.156,-0.1,5.1,-0.1,3.6,100,8333,64.93,-17.5
2024-05-30 06:30,0.432,5.8,0.392,0.228,4.7,0.06,0.204,2.2,0.156,-0.1,5.1,-0.1,3.6,100,8295,64.94,-17.8
2024-05-30 06:45,0.432,5.8,0.392,0.228,4.7,0.062,0.203,2.2,0.156,-0.1,5.1,-0.1,3.5,100,8308,64.95,-17.7
2024-05-30 07:00,0.432,5.8,0.392,0.228,4.7,0.061,0.203,2.1,0.157,-0.1,5.1,-0.1,3.5,100,8313,64.97,-17.9
2024-05-30 07:15,0.432,5.8,0.391,0.227,4.7,0.06,0.203,2.1,0.155,-0.1,5.1,-0.1,3.5,100,8315,64.97,-18
2024-05-30 07:30,0.432,5.8,0.39,0.227,4.7,0.058,0.203,2.1,0.155,-0.1,5.1,-0.1,3.5,100,8301,64.99,-17.5
2024-05-30 07:45,0.432,5.8,0.39,0.227,4.7,0.057,0.203,2.1,0.155,-0.1,5.1,-0.1,3.5,100,8347,65,-16.5
2024-05-30 08:00,0.432,5.8,0.391,0.227,4.7,0.059,0.203,2,0.156,-0.1,5.1,-0.1,3.5,100,8391,65.01,-14.3
2024-05-30 08:15,0.432,5.8,0.39,0.226,4.6,0.06,0.203,2,0.156,-0.1,5.1,-0.1,3.5,100,8436,65.03,-11.9
2024-05-30 08:30,0.432,5.8,0.389,0.226,4.6,0.057,0.203,2,0.155,-0.1,5.1,-0.1,3.4,100,8415,65.06,-9.2
2024-05-30 08:45,0.432,5.8,0.389,0.226,4.6,0.058,0.203,2,0.154,-0.1,5.1,-0.1,3.4,100,8499,65.08,-6.8
2024-05-30 09:00,0.432,5.8,0.388,0.225,4.6,0.056,0.203,2,0.155,-0.1,5.1,-0.1,3.4,100,8544,65.09,-4.8
2024-05-30 09:15,0.432,5.8,0.387,0.225,4.6,0.056,0.203,1.9,0.155,-0.1,5.1,-0.1,3.4,100,8578,65.11,-2.4
2024-05-30 09:30,0.432,5.8,0.388,0.225,4.6,0.056,0.202,1.9,0.154,-0.1,5.1,-0.1,3.4,100,8590,65.12,-0.1
2024-05-30 09:45,0.432,5.8,0.388,0.225,4.6,0.056,0.202,1.9,0.156,-0.1,5.1,-0.1,3.4,100,8623,65.13,1.1
2024-05-30 10:00,0.432,5.8,0.388,0.225,4.6,0.056,0.202,1.9,0.154,-0.1,5.1,-0.1,3.4,100,8652,65.14,1.7
2024-05-30 10:15,0.432,5.8,0.387,0.225,4.6,0.057,0.202,1.9,0.154,-0.1,5.1,-0.1,3.4,100,8662,65.14,2.4
2024-05-30 10:30,0.432,5.8,0.386,0.225,4.6,0.056,0.202,1.9,0.156,-0.1,5.1,-0.1,3.4,100,8689,65.15,3.3
2024-05-30 10:45,0.432,5.8,0.387,0.224,4.6,0.055,0.202,1.8,0.154,-0.1,5.1,-0.1,3.3,100,8708,65.15,4.5
2024-05-30 11:00,0.432,5.8,0.387,0.224,4.6,0.056,0.203,1.8,0.154,-0.1,5.1,-0.1,3.3,100,8719,65.15,5.7
2024-05-30 11:15,0.432,5.8,0.386,0.224,4.6,0.055,0.202,1.8,0.155,-0.1,5.1,-0.1,3.3,100,8721,65.14,7.2
2024-05-30 11:30,0.432,5.8,0.387,0.224,4.6,0.055,0.203,1.8,0.153,-0.1,5.1,-0.1,3.3,100,8682,65.13,8.7
2024-05-30 11:45,0.432,5.8,0.386,0.224,4.6,0.055,0.203,1.8,0.155,-0.1,5.1,-0.1,3.3,100,8709,65.12,10
2024-05-30 12:00,0.432,5.8,0.386,0.224,4.6,0.056,0.203,1.8,0.153,-0.1,5.1,-0.1,3.3,100,8704,65.1,11.3
2024-05-30 12:15,0.432,5.8,0.386,0.224,4.6,0.054,0.203,1.8,0.155,-0.1,5.1,-0.1,3.3,100,8695,65.08,13
2024-05-30 12:30,0.432,5.8,0.385,0.224,4.6,0.055,0.203,1.8,0.155,-0.1,5.1,-0.1,3.3,100,8684,65.06,14
2024-05-30 12:45,0.432,5.8,0.385,0.224,4.5,0.053,0.203,1.7,0.154,-0.1,5.1,-0.1,3.3,100,8657,65.05,15
2024-05-30 13:00,0.432,5.8,0.385,0.224,4.5,0.054,0.203,1.7,0.155,-0.1,5,-0.1,3.2,100,8659,65.03,15.3
2024-05-30 13:15,0.432,5.8,0.385,0.224,4.5,0.053,0.203,1.7,0.156,-0.1,5,-0.1,3.2,100,8651,65.01,16.5
2024-05-30 13:30,0.432,5.8,0.385,0.224,4.5,0.054,0.203,1.7,0.156,-0.1,5,-0.1,3.2,100,8634,64.98,18.1
2024-05-30 13:45,0.432,5.8,0.384,0.224,4.5,0.055,0.204,1.7,0.154,-0.1,5,-0.1,3.2,100,8624,64.96,19.7
2024-05-30 14:00,0.432,5.8,0.386,0.224,4.5,0.054,0.204,1.7,0.154,-0.1,5,-0.1,3.2,100,8613,64.94,20.4
2024-05-30 14:15,0.432,5.8,0.384,0.224,4.5,0.055,0.204,1.7,0.155,-0.1,5,-0.1,3.2,100,8597,64.92,21.5
2024-05-30 14:30,0.432,5.8,0.385,0.224,4.5,0.055,0.204,1.7,0.158,-0.1,5,-0.1,3.2,100,8576,64.9,22
2024-05-30 14:45,0.432,5.8,0.385,0.224,4.5,0.054,0.205,1.7,0.158,-0.1,5,-0.1,3.2,100,8569,64.89,21.3
2024-05-30 15:00,0.432,5.8,0.384,0.224,4.5,0.053,0.206,1.7,0.157,-0.1,5,-0.1,3.2,100,8566,64.88,20.8
2024-05-30 15:15,0.432,5.8,0.385,0.224,4.5,0.055,0.207,1.7,0.159,-0.1,5,-0.1,3.2,100,8560,64.88,21
2024-05-30 15:30,0.432,5.8,0.385,0.224,4.5,0.056,0.208,1.7,0.159,-0.1,5,-0.1,3.1,100,8554,64.87,20
2024-05-30 15:45,0.432,5.8,0.385,0.224,4.5,0.055,0.209,1.7,0.159,-0.1,5,-0.1,3.1,100,8546,64.87,18.8
2024-05-30 16:00,0.432,5.7,0.386,0.224,4.5,0.055,0.21,1.7,0.16,-0.1,5,-0.1,3.1,100,8550,64.87,17.7
2024-05-30 16:15,0.432,5.7,0.386,0.224,4.4,0.057,0.211,1.7,0.162,-0.1,5,-0.1,3.1,100,8539,64.87,16.7
2024-05-30 16:30,0.432,5.7,0.387,0.225,4.4,0.054,0.211,1.8,0.161,-0.1,5,-0.1,3.1,100,8545,64.87,15.8
2024-05-30 16:45,0.432,5.7,0.387,0.225,4.4,0.055,0.211,1.9,0.166,-0.1,5,-0.1,3.1,100,8542,64.87,14.9
2024-05-30 17:00,0.432,5.7,0.387,0.225,4.4,0.056,0.212,2,0.166,-0.1,5,-0.1,3.1,100,8539,64.87,13.8
2024-05-30 17:15,0.432,5.7,0.388,0.225,4.4,0.056,0.212,2.1,0.165,-0.1,5,-0.1,3.1,100,8536,64.87,12.7
2024-05-30 17:30,0.432,5.7,0.388,0.225,4.4,0.057,0.211,2.2,0.166,-0.1,5,-0.1,3.1,100,8497,64.88,11.6
2024-05-30 17:45,0.432,5.7,0.388,0.225,4.4,0.057,0.211,2.3,0.168,-0.1,5,-0.1,3.2,100,8505,64.89,9.9
2024-05-30 18:00,0.432,5.7,0.388,0.226,4.4,0.056,0.211,2.4,0.166,-0.1,5,-0.1,3.2,100,8499,64.9,8.6
2024-05-30 18:15,0.432,5.7,0.388,0.226,4.4,0.056,0.211,2.5,0.168,-0.1,5,-0.1,3.2,100,8491,64.95,7.2
2024-05-30 18:30,0.432,5.7,0.388,0.226,4.4,0.056,0.21,2.6,0.169,-0.1,5,-0.1,3.2,100,8488,64.97,6
2024-05-30 18:45,0.432,5.7,0.388,0.226,4.4,0.058,0.21,2.6,0.167,-0.1,5,-0.1,3.3,100,8467,64.97,5.4
2024-05-30 19:00,0.432,5.7,0.388,0.226,4.4,0.058,0.21,2.7,0.168,-0.1,4.9,-0.1,3.3,100,8469,64.97,4.3
2024-05-30 19:15,0.432,5.7,0.389,0.226,4.4,0.057,0.21,2.8,0.167,-0.1,4.9,-0.1,3.3,100,8466,64.99,3.1
2024-05-30 19:30,0.432,5.7,0.389,0.226,4.4,0.057,0.209,2.8,0.169,-0.1,4.9,-0.1,3.4,100,8451,65,2.2
2024-05-30 19:45,0.432,5.7,0.388,0.226,4.4,0.058,0.209,2.8,0.169,-0.1,4.9,-0.1,3.4,100,8449,65.01,1.4
2024-05-30 20:00,0.432,5.7,0.389,0.226,4.4,0.058,0.209,2.8,0.168,-0.1,4.9,-0.1,3.4,100,8450,65.01,-0.2
2024-05-30 20:15,0.432,5.7,0.389,0.226,4.4,0.057,0.209,2.8,0.167,-0.1,4.9,-0.1,3.4,100,8435,65.02,-1.6
2024-05-30 20:30,0.432,5.7,0.389,0.226,4.4,0.057,0.208,2.8,0.166,-0.1,4.9,-0.1,3.4,100,8439,65.03,-2.3
2024-05-30 20:45,0.432,5.7,0.389,0.226,4.4,0.057,0.208,2.8,0.168,-0.1,4.9,-0.1,3.5,100,8438,65.03,-3.2
2024-05-30 21:00,0.432,5.7,0.389,0.226,4.4,0.057,0.208,2.8,0.166,-0.1,4.9,-0.1,3.5,100,8437,65.03,-4
2024-05-30 21:15,0.432,5.7,0.389,0.226,4.4,0.057,0.208,2.8,0.164,-0.1,4.9,-0.1,3.5,100,8436,65.04,-4.7
2024-05-30 21:30,0.432,5.7,0.389,0.226,4.4,0.057,0.208,2.8,0.166,-0.1,4.9,-0.1,3.5,100,8439,65.04,-5.4
2024-05-30 21:45,0.432,5.7,0.39,0.226,4.4,0.058,0.208,2.8,0.167,-0.1,4.9,-0.1,3.5,100,8413,65.04,-6.2
2024-05-30 22:00,0.432,5.7,0.391,0.227,4.4,0.06,0.207,2.8,0.164,-0.1,4.9,-0.1,3.5,100,8420,65.04,-7.1
2024-05-30 22:15,0.432,5.7,0.391,0.227,4.4,0.06,0.207,2.7,0.164,-0.1,4.9,-0.1,3.5,100,8422,65.04,-7.6
2024-05-30 22:30,0.432,5.7,0.391,0.227,4.4,0.06,0.207,2.7,0.163,-0.1,4.9,-0.1,3.5,100,8374,65.04,-7.9
2024-05-30 22:45,0.432,5.7,0.391,0.227,4.5,0.059,0.207,2.7,0.164,-0.1,4.9,-0.1,3.5,100,8404,65.04,-8.4
2024-05-30 23:00,0.432,5.7,0.391,0.227,4.5,0.059,0.207,2.7,0.164,-0.1,4.9,-0.1,3.6,100,8405,65.03,-9.1
2024-05-30 23:15,0.432,5.7,0.389,0.227,4.5,0.059,0.206,2.7,0.162,-0.1,4.9,-0.1,3.6,100,8410,65.02,-9.5
2024-05-30 23:30,0.432,5.7,0.391,0.227,4.5,0.06,0.206,2.6,0.162,-0.1,4.9,-0.1,3.6,100,8408,65.03,-9.1
2024-05-30 23:45,0.432,5.7,0.39,0.227,4.5,0.058,0.206,2.6,0.161,-0.1,4.9,-0.1,3.6,100,8406,65.02,-9.3
2024-05-31 00:00,0.432,5.7,0.39,0.227,4.5,0.06,0.206,2.6,0.162,-0.1,4.9,-0.1,3.6,100,8411,65.02,-9.6
2024-05-31 00:15,0.432,5.7,0.39,0.227,4.5,0.059,0.206,2.6,0.162,-0.1,4.9,-0.1,3.5,100,8355,65,-10.2
2024-05-31 00:30,0.432,5.7,0.39,0.227,4.5,0.059,0.206,2.5,0.16,-0.1,4.9,-0.1,3.5,100,8380,65,-10.9
2024-05-31 00:45,0.432,5.7,0.389,0.227,4.5,0.06,0.206,2.5,0.159,-0.1,4.9,-0.1,3.5,100,8301,64.99,-11.6
2024-05-31 01:00,0.432,5.7,0.391,0.227,4.5,0.059,0.205,2.5,0.161,-0.1,4.9,-0.1,3.5,100,8327,64.98,-12
2024-05-31 01:15,0.432,5.7,0.389,0.227,4.5,0.058,0.205,2.5,0.161,-0.1,4.9,-0.1,3.5,100,8336,64.98,-12.7
2024-05-31 01:30,0.432,5.7,0.389,0.227,4.5,0.059,0.205,2.5,0.161,-0.1,4.9,-0.1,3.5,100,8339,64.98,-13
2024-05-31 01:45,0.432,5.7,0.389,0.227,4.5,0.059,0.205,2.4,0.16,-0.1,4.9,-0.1,3.5,100,8343,64.97,-13.3
2024-05-31 02:00,0.432,5.7,0.389,0.227,4.5,0.059,0.205,2.4,0.159,-0.1,4.9,-0.1,3.5,100,8346,64.95,-13.5
2024-05-31 02:15,0.432,5.7,0.389,0.227,4.5,0.057,0.205,2.4,0.159,-0.1,4.9,-0.1,3.5,100,8349,64.94,-13.8
2024-05-31 02:30,0.432,5.7,0.388,0.227,4.5,0.059,0.205,2.4,0.159,-0.1,4.9,-0.1,3.5,100,8349,64.94,-14.2
2024-05-31 02:45,0.432,5.7,0.388,0.227,4.5,0.06,0.205,2.3,0.159,-0.1,4.9,-0.1,3.5,100,8350,64.93,-14.7
2024-05-31 03:00,0.432,5.7,0.388,0.227,4.5,0.059,0.205,2.3,0.159,-0.1,4.9,-0.1,3.5,100,8352,64.92,-14.9
2024-05-31 03:15,0.432,5.7,0.389,0.227,4.5,0.059,0.204,2.3,0.159,-0.1,4.9,-0.1,3.5,100,8351,64.91,-15
2024-05-31 03:30,0.432,5.7,0.388,0.227,4.5,0.058,0.204,2.3,0.16,-0.1,4.9,-0.1,3.5,100,8353,64.91,-15.3
2024-05-31 03:45,0.432,5.7,0.388,0.227,4.5,0.059,0.204,2.3,0.157,-0.1,4.9,-0.1,3.5,100,8353,64.9,-15.9
2024-05-31 04:00,0.432,5.7,0.388,0.227,4.5,0.059,0.204,2.2,0.158,-0.1,4.9,-0.1,3.4,100,8352,64.9,-15.8
2024-05-31 04:15,0.432,5.7,0.388,0.227,4.5,0.058,0.204,2.2,0.158,-0.1,4.9,-0.1,3.4,100,8317,64.9,-15.8
2024-05-31 04:30,0.432,5.6,0.388,0.227,4.5,0.059,0.204,2.2,0.159,-0.1,4.9,-0.1,3.4,100,8327,64.9,-16.3
2024-05-31 04:45,0.432,5.6,0.388,0.227,4.5,0.061,0.204,2.2,0.158,-0.1,4.9,-0.1,3.4,100,8331,64.91,-16.7
2024-05-31 05:00,0.432,5.6,0.388,0.227,4.5,0.059,0.204,2.1,0.157,-0.1,4.9,-0.1,3.4,100,8333,64.92,-16.7
2024-05-31 05:15,0.432,5.6,0.389,0.227,4.5,0.057,0.204,2.1,0.156,-0.1,4.9,-0.1,3.4,100,8336,64.92,-16.4
2024-05-31 05:30,0.432,5.6,0.388,0.227,4.5,0.058,0.203,2.1,0.157,-0.1,4.9,-0.1,3.4,100,8295,64.92,-16.8
2024-05-31 05:45,0.432,5.6,0.387,0.227,4.5,0.057,0.203,2.1,0.156,-0.1,4.9,-0.1,3.4,100,8311,64.93,-17.1
2024-05-31 06:00,0.432,5.6,0.387,0.227,4.5,0.057,0.203,2.1,0.157,-0.1,4.9,-0.1,3.4,100,8315,64.94,-17.8
2024-05-31 06:15,0.432,5.6,0.387,0.227,4.5,0.056,0.203,2,0.157,-0.1,4.9,-0.1,3.4,100,8318,64.94,-18.3
2024-05-31 06:30,0.432,5.6,0.387,0.227,4.5,0.057,0.203,2,0.157,-0.1,4.9,-0.1,3.4,100,8319,64.95,-18.7
2024-05-31 06:45,0.432,5.6,0.387,0.226,4.5,0.057,0.203,2,0.156,-0.1,4.9,-0.1,3.3,100,8288,64.97,-18.6
2024-05-31 07:00,0.432,5.6,0.386,0.226,4.5,0.057,0.203,2,0.156,-0.1,4.9,-0.1,3.3,100,8295,64.97,-18.7
2024-05-31 07:15,0.432,5.6,0.387,0.226,4.5,0.057,0.203,2,0.157,-0.1,4.9,-0.1,3.3,100,8298,64.98,-18.6
2024-05-31 07:30,0.432,5.6,0.385,0.226,4.5,0.056,0.202,1.9,0.156,-0.1,4.9,-0.1,3.3,100,8291,64.99,-18.2
2024-05-31 07:45,0.432,5.6,0.385,0.226,4.5,0.056,0.202,1.9,0.156,-0.1,4.9,-0.1,3.3,100,8338,65,-17.2
2024-05-31 08:00,0.432,5.6,0.385,0.226,4.5,0.056,0.202,1.9,0.155,-0.1,4.9,-0.1,3.3,100,8384,65.01,-15
2024-05-31 08:15,0.432,5.6,0.384,0.225,4.5,0.056,0.202,1.9,0.155,-0.1,4.9,-0.1,3.3,100,8429,65.03,-12.4
2024-05-31 08:30,0.432,5.6,0.384,0.224,4.5,0.055,0.202,1.9,0.154,-0.1,4.9,-0.1,3.3,100,8454,65.05,-9.4
2024-05-31 08:45,0.432,5.6,0.383,0.224,4.5,0.056,0.202,1.8,0.156,-0.1,4.9,-0.1,3.3,100,8499,65.07,-6.6
2024-05-31 09:00,0.432,5.6,0.383,0.224,4.5,0.055,0.202,1.8,0.154,-0.1,4.9,-0.1,3.3,100,8539,65.1,-4.3
2024-05-31 09:15,0.432,5.6,0.384,0.224,4.4,0.054,0.202,1.8,0.156,-0.1,4.9,-0.1,3.2,100,8575,65.11,-2.1
2024-05-31 09:30,0.432,5.6,0.384,0.224,4.4,0.054,0.201,1.8,0.154,-0.1,4.9,-0.1,3.2,100,8583,65.12,-0.2
2024-05-31 09:45,0.432,5.6,0.383,0.224,4.4,0.054,0.201,1.8,0.154,-0.1,4.9,-0.1,3.2,100,8618,65.12,1
2024-05-31 10:00,0.432,5.6,0.383,0.224,4.4,0.053,0.201,1.8,0.152,-0.1,4.9,-0.1,3.2,100,8650,65.12,1.8
2024-05-31 10:15,0.432,5.6,0.383,0.224,4.4,0.051,0.201,1.7,0.154,-0.1,4.9,-0.1,3.2,100,8652,65.12,2.8
2024-05-31 10:30,0.432,5.6,0.382,0.223,4.4,0.053,0.201,1.7,0.154,-0.1,4.9,-0.1,3.2,100,8685,65.12,3.8
2024-05-31 10:45,0.432,5.6,0.383,0.223,4.4,0.053,0.202,1.7,0.154,-0.1,4.9,-0.1,3.2,100,8703,65.12,4.8
2024-05-31 11:00,0.432,5.6,0.382,0.223,4.4,0.052,0.202,1.7,0.156,-0.1,4.9,-0.1,3.2,100,8716,65.11,5.9
2024-05-31 11:15,0.432,5.6,0.382,0.223,4.4,0.053,0.202,1.7,0.155,-0.1,4.9,-0.1,3.2,100,8679,65.1,7.2
2024-05-31 11:30,0.432,5.6,0.382,0.223,4.4,0.052,0.202,1.7,0.154,-0.1,4.9,-0.1,3.1,100,8708,65.08,9.2
2024-05-31 11:45,0.432,5.6,0.382,0.223,4.4,0.052,0.202,1.7,0.155,-0.1,4.9,-0.1,3.1,100,8706,65.07,10.5
2024-05-31 12:00,0.432,5.6,0.382,0.223,4.4,0.051,0.202,1.7,0.154,-0.1,4.9,-0.1,3.1,100,8704,65.05,11.2
2024-05-31 12:15,0.432,5.6,0.382,0.223,4.4,0.052,0.202,1.6,0.154,-0.1,4.9,-0.1,3.1,100,8702,65.03,11.8
2024-05-31 12:30,0.432,5.6,0.382,0.223,4.4,0.052,0.202,1.6,0.156,-0.1,4.9,-0.1,3.1,100,8678,65.01,12.8
2024-05-31 12:45,0.432,5.6,0.382,0.222,4.4,0.053,0.202,1.6,0.156,-0.1,4.9,-0.1,3.1,100,8671,64.99,14.2
2024-05-31 13:00,0.432,5.6,0.382,0.223,4.4,0.052,0.202,1.6,0.155,-0.1,4.9,-0.1,3.1,100,8669,64.98,15.1
2024-05-31 13:15,0.432,5.6,0.382,0.223,4.4,0.052,0.202,1.6,0.154,-0.1,4.9,-0.1,3.1,100,8642,64.96,16.6
2024-05-31 13:30,0.432,5.6,0.382,0.223,4.4,0.051,0.202,1.6,0.155,-0.1,4.9,-0.1,3.1,100,8646,64.94,18.1
2024-05-31 13:45,0.432,5.6,0.382,0.223,4.4,0.052,0.203,1.6,0.156,-0.1,4.9,-0.1,3.1,100,8633,64.92,19.2
2024-05-31 14:00,0.432,5.6,0.381,0.223,4.4,0.052,0.203,1.6,0.157,-0.1,4.9,-0.1,3.1,100,8623,64.9,19.7
2024-05-31 14:15,0.432,5.6,0.381,0.223,4.3,0.051,0.203,1.6,0.154,-0.1,4.9,-0.1,3.1,100,8611,64.89,20.2
2024-05-31 14:30,0.432,5.6,0.381,0.223,4.3,0.052,0.203,1.6,0.157,-0.1,4.9,-0.1,3,100,8571,64.89,19
2024-05-31 14:45,0.432,5.6,0.381,0.223,4.3,0.052,0.203,1.6,0.157,-0.1,4.9,-0.1,3,100,8599,64.89,18.1
2024-05-31 15:00,0.432,5.6,0.381,0.223,4.3,0.052,0.204,1.6,0.157,-0.1,4.9,-0.1,3,100,8601,64.9,17.3
2024-05-31 15:15,0.432,5.6,0.382,0.223,4.3,0.051,0.205,1.6,0.156,-0.1,4.9,-0.1,3,100,8603,64.91,16.7
2024-05-31 15:30,0.432,5.6,0.381,0.223,4.3,0.05,0.206,1.6,0.157,-0.1,4.9,-0.1,3,100,8606,64.91,16.2
2024-05-31 15:45,0.432,5.6,0.381,0.223,4.3,0.052,0.206,1.6,0.159,-0.1,4.9,-0.1,3,100,8599,64.92,15.8
2024-05-31 16:00,0.432,5.6,0.382,0.223,4.3,0.051,0.208,1.6,0.16,-0.1,4.9,-0.1,3,100,8600,64.93,15.2
2024-05-31 16:15,0.432,5.6,0.381,0.223,4.3,0.051,0.208,1.6,0.161,-0.1,4.9,-0.1,3,100,8599,64.93,14.7
2024-05-31 16:30,0.432,5.6,0.382,0.224,4.3,0.051,0.209,1.6,0.16,-0.1,4.9,-0.1,3,100,8595,64.93,14.2
2024-05-31 16:45,0.432,5.6,0.382,0.224,4.3,0.052,0.21,1.6,0.161,-0.1,4.8,-0.1,3,100,8592,64.93,13.6
2024-05-31 17:00,0.432,5.6,0.382,0.224,4.3,0.053,0.21,1.6,0.162,-0.1,4.8,-0.1,3,100,8587,64.94,12.9
2024-05-31 17:15,0.432,5.6,0.383,0.224,4.3,0.052,0.211,1.7,0.164,-0.1,4.8,-0.1,3,100,8581,64.93,12.2
2024-05-31 17:30,0.432,5.6,0.383,0.224,4.3,0.053,0.211,1.8,0.164,-0.1,4.8,-0.1,3,100,8567,64.94,11.2
2024-05-31 17:45,0.432,5.6,0.384,0.224,4.3,0.054,0.211,1.8,0.166,-0.1,4.8,-0.1,3,100,8552,64.94,9.1
2024-05-31 18:00,0.432,5.6,0.384,0.224,4.3,0.053,0.211,1.9,0.168,-0.1,4.8,-0.1,3,100,8542,64.94,7.3
2024-05-31 18:15,0.432,5.6,0.384,0.224,4.2,0.051,0.211,1.9,0.166,-0.1,4.8,-0.1,3,100,8535,64.94,4.9
2024-05-31 18:30,0.432,5.6,0.384,0.224,4.2,0.053,0.21,2,0.167,-0.1,4.8,-0.1,3,100,8527,64.94,2.9
2024-05-31 18:45,0.432,5.6,0.384,0.224,4.2,0.051,0.21,2,0.167,-0.1,4.8,-0.1,3,100,8521,64.94,1.7
2024-05-31 19:00,0.432,5.6,0.383,0.224,4.2,0.052,0.21,2.1,0.167,-0.1,4.8,-0.1,3,100,8517,64.95,0.7
2024-05-31 19:15,0.432,5.6,0.385,0.224,4.2,0.055,0.21,2.1,0.166,-0.1,4.8,-0.1,3.1,100,8508,64.96,0.5
2024-05-31 19:30,0.432,5.6,0.385,0.224,4.2,0.053,0.209,2.2,0.167,-0.1,4.8,-0.1,3.1,100,8507,64.96,-0.3
2024-05-31 19:45,0.432,5.6,0.384,0.224,4.2,0.053,0.209,2.2,0.167,-0.1,4.8,-0.1,3.1,100,8506,64.96,-0.8
2024-05-31 20:00,0.432,5.5,0.385,0.224,4.2,0.052,0.209,2.2,0.166,-0.1,4.8,-0.1,3.1,100,8504,64.98,-0.9
2024-05-31 20:15,0.432,5.5,0.384,0.224,4.2,0.054,0.209,2.2,0.167,-0.1,4.8,-0.1,3.1,100,8501,64.99,-0.9
2024-05-31 20:30,0.432,5.5,0.385,0.224,4.2,0.054,0.208,2.2,0.166,-0.1,4.8,-0.1,3.1,100,8499,65,-1.7
2024-05-31 20:45,0.432,5.5,0.384,0.225,4.2,0.053,0.208,2.2,0.166,-0.1,4.8,-0.1,3.1,100,8497,65.01,-2.2
2024-05-31 21:00,0.432,5.5,0.384,0.225,4.2,0.054,0.208,2.2,0.166,-0.1,4.8,-0.1,3.1,100,8497,65.02,-3.2
2024-05-31 21:15,0.432,5.5,0.385,0.225,4.2,0.052,0.208,2.2,0.164,-0.1,4.8,-0.1,3.2,100,8409,65.03,-4.4
2024-05-31 21:30,0.432,5.5,0.384,0.225,4.2,0.055,0.207,2.2,0.164,-0.1,4.8,-0.1,3.2,100,8490,65.02,-5.1
2024-05-31 21:45,0.432,5.5,0.385,0.225,4.2,0.055,0.207,2.2,0.165,-0.1,4.8,-0.1,3.2,100,8488,65.02,-5.4
2024-05-31 22:00,0.432,5.5,0.386,0.225,4.2,0.055,0.207,2.2,0.163,-0.1,4.8,-0.1,3.2,100,8488,65.03,-5.8
2024-05-31 22:15,0.432,5.5,0.385,0.225,4.2,0.055,0.207,2.2,0.161,-0.1,4.7,-0.1,3.2,100,8488,65.02,-7.1
2024-05-31 22:30,0.432,5.5,0.385,0.225,4.2,0.055,0.206,2.2,0.162,-0.1,4.7,-0.1,3.2,100,8483,65.02,-8.1
2024-05-31 22:45,0.432,5.5,0.385,0.225,4.2,0.055,0.206,2.2,0.161,-0.1,4.7,-0.1,3.2,100,8479,65.03,-8.6
2024-05-31 23:00,0.432,5.5,0.385,0.225,4.2,0.055,0.206,2.2,0.161,-0.1,4.7,-0.1,3.2,100,8479,65.02,-9.2
2024-05-31 23:15,0.432,5.5,0.385,0.225,4.2,0.056,0.206,2.2,0.161,-0.1,4.7,-0.1,3.2,100,8478,65.02,-9.7
2024-05-31 23:30,0.432,5.5,0.385,0.225,4.3,0.055,0.206,2.2,0.161,-0.1,4.7,-0.1,3.2,100,8478,65.01,-10.5
2024-05-31 23:45,0.432,5.5,0.385,0.225,4.3,0.055,0.206,2.1,0.161,-0.1,4.7,-0.1,3.2,100,8477,65.01,-11.1
2024-06-01 00:00,0.432,5.5,0.385,0.225,4.3,0.056,0.205,2.1,0.162,-0.1,4.7,-0.1,3.2,100,8478,65.02,-11.6
2024-06-01 00:15,0.432,5.5,0.384,0.225,4.3,0.055,0.205,2.1,0.161,-0.1,4.7,-0.1,3.2,100,8457,65.01,-12.2
2024-06-01 00:30,0.432,5.5,0.385,0.225,4.3,0.055,0.205,2.1,0.161,-0.1,4.7,-0.1,3.2,100,8460,65,-12.7
2024-06-01 00:45,0.432,5.5,0.385,0.225,4.3,0.055,0.205,2.1,0.162,-0.1,4.7,-0.1,3.2,100,8462,64.99,-13
2024-06-01 01:00,0.432,5.5,0.385,0.226,4.3,0.056,0.205,2.1,0.16,-0.1,4.7,-0.1,3.2,100,8462,64.99,-12.9
2024-06-01 01:15,0.432,5.5,0.384,0.226,4.3,0.055,0.205,2.1,0.161,-0.1,4.7,-0.1,3.2,100,8462,64.99,-13.3
2024-06-01 01:30,0.432,5.5,0.385,0.226,4.3,0.055,0.205,2.1,0.16,-0.1,4.7,-0.1,3.2,100,8461,64.98,-13.8
2024-06-01 01:45,0.432,5.5,0.385,0.226,4.3,0.055,0.204,2,0.159,-0.1,4.7,-0.1,3.2,100,8462,64.98,-13.9
2024-06-01 02:00,0.432,5.5,0.385,0.226,4.3,0.056,0.204,2,0.157,-0.1,4.7,-0.1,3.2,100,8462,64.97,-13.6
2024-06-01 02:15,0.432,5.5,0.385,0.225,4.3,0.056,0.204,2,0.16,-0.1,4.7,-0.1,3.2,100,8461,64.97,-13.8
2024-06-01 02:30,0.432,5.5,0.385,0.225,4.3,0.055,0.204,2,0.158,-0.1,4.7,-0.1,3.2,100,8460,64.96,-14.4
2024-06-01 02:45,0.432,5.5,0.385,0.225,4.3,0.055,0.204,2,0.158,-0.1,4.7,-0.1,3.2,100,8460,64.95,-15
2024-06-01 03:00,0.432,5.5,0.384,0.225,4.3,0.055,0.204,2,0.159,-0.1,4.7,-0.1,3.2,100,8460,64.95,-15.5
2024-06-01 03:15,0.432,5.5,0.385,0.225,4.3,0.055,0.204,2,0.16,-0.1,4.7,-0.1,3.2,100,8459,64.94,-16.1
2024-06-01 03:30,0.432,5.5,0.385,0.225,4.3,0.056,0.204,1.9,0.157,-0.1,4.7,-0.1,3.1,100,8458,64.94,-16.6
2024-06-01 03:45,0.432,5.5,0.384,0.225,4.3,0.054,0.203,1.9,0.159,-0.1,4.7,-0.1,3.1,100,8459,64.94,-17.1
2024-06-01 04:00,0.432,5.5,0.384,0.225,4.3,0.054,0.203,1.9,0.157,-0.1,4.7,-0.1,3.1,100,8455,64.94,-17.2
2024-06-01 04:15,0.432,5.5,0.384,0.225,4.3,0.056,0.203,1.9,0.158,-0.1,4.7,-0.1,3.1,100,8434,64.95,-17.6
2024-06-01 04:30,0.432,5.5,0.383,0.225,4.3,0.055,0.203,1.9,0.158,-0.1,4.7,-0.1,3.1,100,8443,64.94,-17.7
2024-06-01 04:45,0.432,5.5,0.384,0.225,4.3,0.054,0.203,1.9,0.158,-0.1,4.7,-0.1,3.1,100,8444,64.94,-17.6
2024-06-01 05:00,0.432,5.5,0.383,0.225,4.3,0.053,0.203,1.9,0.155,-0.1,4.7,-0.1,3.1,100,8444,64.95,-17.6
2024-06-01 05:15,0.432,5.5,0.384,0.225,4.3,0.056,0.203,1.8,0.157,-0.1,4.7,-0.1,3.1,100,8444,64.95,-17.6
2024-06-01 05:30,0.432,5.5,0.383,0.225,4.3,0.053,0.202,1.8,0.156,-0.1,4.7,-0.1,3.1,100,8433,64.95,-17.4
2024-06-01 05:45,0.432,5.5,0.383,0.225,4.3,0.054,0.202,1.8,0.157,-0.1,4.7,-0.1,3.1,100,8441,64.95,-17.5
2024-06-01 06:00,0.432,5.5,0.383,0.224,4.3,0.053,0.202,1.8,0.157,-0.1,4.7,-0.1,3.1,100,8442,64.95,-17.5
2024-06-01 06:15,0.432,5.5,0.383,0.224,4.3,0.054,0.202,1.8,0.157,-0.1,4.7,-0.1,3.1,100,8437,64.96,-17.6
2024-06-01 06:30,0.432,5.5,0.384,0.224,4.3,0.053,0.202,1.8,0.156,-0.1,4.7,-0.1,3.1,100,8437,64.98,-17.9
2024-06-01 06:45,0.432,5.5,0.382,0.224,4.2,0.053,0.202,1.7,0.155,-0.1,4.7,-0.1,3.1,100,8437,64.99,-18.2
2024-06-01 07:00,0.432,5.5,0.382,0.224,4.2,0.052,0.202,1.7,0.157,-0.1,4.7,-0.1,3.1,100,8437,64.99,-18.2
2024-06-01 07:15,0.432,5.5,0.381,0.224,4.2,0.052,0.201,1.7,0.156,-0.1,4.7,-0.1,3.1,100,8432,65,-18.4
2024-06-01 07:30,0.432,5.5,0.381,0.224,4.2,0.052,0.201,1.7,0.156,-0.1,4.7,-0.1,3.1,100,8449,65.01,-18.4
2024-06-01 07:45,0.432,5.5,0.38,0.224,4.2,0.051,0.201,1.7,0.157,-0.1,4.7,-0.1,3,100,8490,65.02,-17.4
2024-06-01 08:00,0.432,5.5,0.379,0.223,4.2,0.052,0.201,1.7,0.156,-0.1,4.7,-0.1,3,100,8538,65.03,-15.1
2024-06-01 08:15,0.432,5.5,0.379,0.223,4.2,0.052,0.201,1.7,0.155,-0.1,4.7,-0.1,3,100,8578,65.05,-12.4
2024-06-01 08:30,0.432,5.5,0.38,0.223,4.2,0.051,0.201,1.6,0.154,-0.1,4.7,-0.1,3,100,8627,65.07,-9.4
2024-06-01 08:45,0.432,5.5,0.38,0.223,4.2,0.052,0.201,1.6,0.155,-0.1,4.7,-0.1,3,100,8670,65.09,-6.8
2024-06-01 09:00,0.432,5.5,0.379,0.222,4.2,0.051,0.2,1.6,0.154,-0.1,4.7,-0.1,3,100,8705,65.1,-4.6
2024-06-01 09:15,0.432,5.5,0.38,0.222,4.2,0.052,0.2,1.6,0.155,-0.1,4.7,-0.1,3,100,8729,65.12,-2.1
2024-06-01 09:30,0.432,5.5,0.38,0.222,4.2,0.051,0.2,1.6,0.154,-0.1,4.7,-0.1,3,100,8745,65.13,0.1
2024-06-01 09:45,0.432,5.5,0.381,0.222,4.2,0.051,0.2,1.6,0.153,-0.1,4.7,-0.1,3,100,8747,65.13,2.1
2024-06-01 10:00,0.432,5.5,0.379,0.222,4.2,0.05,0.2,1.6,0.153,-0.1,4.7,-0.1,3,100,8757,65.13,2.8
2024-06-01 10:15,0.432,5.5,0.38,0.222,4.2,0.051,0.2,1.6,0.153,-0.1,4.7,-0.1,3,100,8767,65.13,3.3
2024-06-01 10:30,0.432,5.5,0.38,0.222,4.2,0.051,0.2,1.6,0.153,-0.1,4.7,-0.1,2.9,100,8766,65.13,4.6
2024-06-01 10:45,0.432,5.5,0.379,0.222,4.2,0.052,0.2,1.5,0.152,-0.1,4.7,-0.1,2.9,100,8768,65.13,5.8
2024-06-01 11:00,0.432,5.5,0.379,0.222,4.2,0.051,0.2,1.5,0.153,-0.1,4.7,-0.1,2.9,100,8763,65.12,7.1
2024-06-01 11:15,0.432,5.5,0.38,0.222,4.2,0.052,0.2,1.5,0.153,-0.1,4.7,-0.1,2.9,100,8760,65.11,8
2024-06-01 11:30,0.432,5.5,0.38,0.222,4.2,0.05,0.201,1.5,0.154,-0.1,4.7,-0.1,2.9,100,8750,65.1,9
2024-06-01 11:45,0.432,5.5,0.38,0.222,4.2,0.052,0.201,1.5,0.155,-0.1,4.7,-0.1,2.9,100,8744,65.08,10.6
2024-06-01 12:00,0.432,5.5,0.379,0.222,4.2,0.052,0.201,1.5,0.153,-0.1,4.7,-0.1,2.9,100,8730,65.06,12
2024-06-01 12:15,0.432,5.5,0.38,0.222,4.2,0.052,0.201,1.5,0.154,-0.1,4.7,-0.1,2.9,100,8717,65.04,13.2
2024-06-01 12:30,0.432,5.5,0.38,0.222,4.2,0.052,0.201,1.5,0.155,-0.1,4.7,-0.1,2.9,100,8704,65.03,13.8
2024-06-01 12:45,0.432,5.4,0.38,0.221,4.2,0.052,0.201,1.5,0.154,-0.1,4.7,-0.1,2.9,100,8684,65,14.1
2024-06-01 13:00,0.432,5.4,0.38,0.222,4.2,0.053,0.201,1.5,0.156,-0.1,4.7,-0.1,2.9,100,8686,64.98,14.8
2024-06-01 13:15,0.432,5.4,0.38,0.222,4.2,0.053,0.201,1.5,0.155,-0.1,4.7,-0.1,2.9,100,8675,64.95,16
2024-06-01 13:30,0.432,5.4,0.378,0.222,4.1,0.052,0.201,1.5,0.155,-0.1,4.7,-0.1,2.9,100,8663,64.93,17.5
2024-06-01 13:45,0.432,5.4,0.379,0.222,4.1,0.051,0.202,1.5,0.156,-0.1,4.7,-0.1,2.9,100,8650,64.91,18.9
2024-06-01 14:00,0.432,5.4,0.38,0.222,4.1,0.052,0.201,1.4,0.156,-0.1,4.7,-0.1,2.9,100,8633,64.89,19.8
2024-06-01 14:15,0.432,5.4,0.38,0.222,4.1,0.053,0.202,1.4,0.156,-0.1,4.7,-0.1,2.8,100,8626,64.88,19.6
2024-06-01 14:30,0.432,5.4,0.379,0.222,4.1,0.053,0.202,1.4,0.156,-0.1,4.7,-0.1,2.8,100,8618,64.87,19
2024-06-01 14:45,0.432,5.4,0.38,0.222,4.1,0.052,0.202,1.4,0.158,-0.1,4.7,-0.1,2.8,100,8612,64.87,18.7
2024-06-01 15:00,0.432,5.4,0.38,0.222,4.1,0.051,0.202,1.4,0.158,-0.1,4.7,-0.1,2.8,100,8613,64.86,18.3
2024-06-01 15:15,0.432,5.4,0.38,0.222,4.1,0.051,0.203,1.4,0.157,-0.1,4.7,-0.1,2.8,100,8606,64.86,17.9
2024-06-01 15:30,0.432,5.4,0.379,0.222,4.1,0.052,0.203,1.4,0.157,-0.1,4.7,-0.1,2.8,100,8607,64.87,17.2
2024-06-01 15:45,0.432,5.4,0.379,0.222,4.1,0.052,0.204,1.4,0.158,-0.1,4.7,-0.1,2.8,100,8605,64.87,16.6
2024-06-01 16:00,0.432,5.4,0.379,0.222,4.1,0.051,0.204,1.4,0.157,-0.1,4.7,-0.1,2.8,100,8605,64.86,15.9
2024-06-01 16:15,0.432,5.4,0.379,0.222,4.1,0.052,0.205,1.4,0.159,-0.1,4.7,-0.1,2.8,100,8599,64.86,15.2
2024-06-01 16:30,0.432,5.4,0.379,0.222,4.1,0.053,0.206,1.4,0.161,-0.1,4.7,-0.1,2.8,100,8599,64.87,14.5
2024-06-01 16:45,0.432,5.4,0.38,0.222,4.1,0.053,0.207,1.4,0.163,-0.1,4.7,-0.1,2.8,100,8595,64.87,13.7
2024-06-01 17:00,0.432,5.4,0.381,0.223,4.1,0.052,0.208,1.4,0.162,-0.1,4.6,-0.1,2.8,100,8590,64.88,12.9
2024-06-01 17:15,0.432,5.4,0.381,0.223,4.1,0.052,0.209,1.4,0.162,-0.1,4.6,-0.1,2.8,100,8579,64.88,12.1
2024-06-01 17:30,0.432,5.4,0.38,0.223,4.1,0.052,0.209,1.5,0.162,-0.1,4.6,-0.1,2.8,100,8568,64.89,11
2024-06-01 17:45,0.432,5.4,0.38,0.223,4.1,0.052,0.21,1.5,0.164,-0.1,4.6,-0.1,2.8,100,8555,64.89,9.4
2024-06-01 18:00,0.432,5.4,0.381,0.223,4.1,0.051,0.21,1.5,0.165,-0.1,4.6,-0.1,2.8,100,8543,64.9,8.1
2024-06-01 18:15,0.432,5.4,0.381,0.223,4,0.051,0.21,1.6,0.167,-0.1,4.6,-0.1,2.8,100,8538,64.92,6.5
2024-06-01 18:30,0.432,5.4,0.38,0.223,4,0.051,0.21,1.6,0.166,-0.1,4.6,-0.1,2.8,100,8529,64.93,4.9
2024-06-01 18:45,0.432,5.4,0.38,0.223,4,0.051,0.21,1.6,0.167,-0.1,4.6,-0.1,2.8,100,8525,64.94,3.6
2024-06-01 19:00,0.432,5.4,0.381,0.223,4,0.052,0.21,1.6,0.166,-0.1,4.6,-0.1,2.8,100,8520,64.95,3.1
2024-06-01 19:15,0.432,5.4,0.381,0.223,4,0.051,0.21,1.7,0.167,-0.1,4.6,-0.1,2.8,100,8518,64.97,3.3
2024-06-01 19:30,0.432,5.4,0.38,0.223,4,0.051,0.21,1.7,0.167,-0.1,4.6,-0.1,2.8,100,8514,64.97,1.8
2024-06-01 19:45,0.432,5.4,0.381,0.224,4,0.051,0.21,1.7,0.166,-0.1,4.6,-0.1,2.8,100,8509,64.97,1
2024-06-01 20:00,0.432,5.4,0.381,0.223,4,0.051,0.209,1.7,0.167,-0.1,4.6,-0.1,2.8,100,8506,64.97,0.2
2024-06-01 20:15,0.432,5.4,0.383,0.223,4,0.051,0.209,1.7,0.167,-0.1,4.6,-0.1,2.8,100,8502,64.98,-0.6
2024-06-01 20:30,0.432,5.4,0.382,0.223,4,0.051,0.209,1.7,0.167,-0.1,4.6,-0.1,2.8,100,8501,64.98,-1.6
2024-06-01 20:45,0.432,5.4,0.382,0.223,4,0.052,0.209,1.8,0.166,-0.1,4.6,-0.1,2.8,100,8497,64.99,-1.8
2024-06-01 21:00,0.433,5.4,0.382,0.224,4,0.051,0.208,1.8,0.165,-0.1,4.6,-0.1,2.8,100,8497,64.98,-3.4
2024-06-01 21:15,0.433,5.4,0.382,0.224,4,0.051,0.208,1.8,0.165,-0.1,4.6,-0.1,2.8,100,8492,64.98,-4.4
2024-06-01 21:30,0.433,5.4,0.382,0.224,4,0.051,0.208,1.8,0.165,-0.1,4.6,-0.1,2.9,100,8491,64.99,-5.4
2024-06-01 21:45,0.432,5.4,0.382,0.224,4,0.051,0.207,1.8,0.163,-0.1,4.6,-0.1,2.9,100,8488,64.99,-6.2
2024-06-01 22:00,0.432,5.4,0.383,0.224,4,0.051,0.207,1.8,0.165,-0.1,4.6,-0.1,2.9,100,8489,64.99,-6.9
2024-06-01 22:15,0.432,5.4,0.383,0.224,4,0.051,0.207,1.8,0.164,-0.1,4.6,-0.1,2.9,100,8489,64.99,-7.4
2024-06-01 22:30,0.433,5.4,0.382,0.224,4,0.051,0.207,1.8,0.162,-0.1,4.6,-0.1,2.9,100,8442,64.99,-7.9
2024-06-01 22:45,0.433,5.4,0.382,0.224,4,0.052,0.206,1.8,0.162,-0.1,4.6,-0.1,2.9,100,8479,64.99,-7.9
2024-06-01 23:00,0.432,5.4,0.383,0.224,4,0.051,0.206,1.8,0.163,-0.1,4.6,-0.1,2.9,100,8479,64.99,-8.6
2024-06-01 23:15,0.432,5.3,0.383,0.224,4,0.051,0.206,1.8,0.162,-0.1,4.6,-0.1,2.9,100,8476,64.99,-9.2
2024-06-01 23:30,0.433,5.3,0.383,0.224,4,0.052,0.206,1.8,0.161,-0.1,4.6,-0.1,2.9,100,8477,64.98,-9.2
2024-06-01 23:45,0.432,5.3,0.383,0.224,4,0.052,0.206,1.8,0.162,-0.1,4.6,-0.1,2.9,100,8478,64.97,-9.6
2024-06-02 00:00,0.433,5.3,0.383,0.224,4,0.051,0.205,1.8,0.162,-0.1,4.6,-0.1,2.9,100,8478,64.97,-9.9
2024-06-02 00:15,0.433,5.3,0.382,0.224,4,0.05,0.205,1.8,0.162,-0.1,4.6,-0.1,2.9,100,8455,64.96,-10.1
2024-06-02 00:30,0.433,5.3,0.382,0.224,4,0.051,0.205,1.8,0.162,-0.1,4.6,-0.1,2.9,100,8460,64.96,-10.6
2024-06-02 00:45,0.433,5.3,0.383,0.224,4,0.051,0.205,1.8,0.161,-0.1,4.6,-0.1,2.9,100,8463,64.96,-10.7
2024-06-02 01:00,0.433,5.3,0.382,0.224,4,0.052,0.205,1.8,0.162,-0.1,4.6,-0.1,2.9,100,8463,64.96,-10.7
2024-06-02 01:15,0.433,5.3,0.383,0.225,4,0.051,0.204,1.8,0.162,-0.1,4.6,-0.1,2.9,100,8463,64.96,-11.1
2024-06-02 01:30,0.433,5.3,0.382,0.224,4,0.052,0.204,1.8,0.162,-0.1,4.6,-0.1,2.9,100,8462,64.96,-11
2024-06-02 01:45,0.433,5.3,0.383,0.224,4,0.052,0.204,1.8,0.159,-0.1,4.6,-0.1,2.9,100,8463,64.96,-11
2024-06-02 02:00,0.433,5.3,0.383,0.224,4,0.051,0.204,1.8,0.16,-0.1,4.6,-0.1,2.9,100,8462,64.94,-11.5
2024-06-02 02:15,0.433,5.3,0.381,0.224,4,0.051,0.204,1.8,0.158,-0.1,4.6,-0.1,2.9,100,8462,64.93,-12.1
2024-06-02 02:30,0.433,5.3,0.381,0.224,4,0.052,0.204,1.7,0.16,-0.1,4.6,-0.1,2.9,100,8462,64.93,-12.5
2024-06-02 02:45,0.433,5.3,0.381,0.224,4,0.052,0.204,1.7,0.161,-0.1,4.6,-0.1,2.9,100,8459,64.92,-12.8
2024-06-02 03:00,0.433,5.3,0.382,0.224,4,0.052,0.203,1.7,0.159,-0.1,4.5,-0.1,2.9,100,8459,64.91,-13.1
2024-06-02 03:15,0.433,5.3,0.382,0.224,4,0.05,0.203,1.7,0.16,-0.1,4.5,-0.1,2.9,100,8460,64.91,-13.4
2024-06-02 03:30,0.433,5.3,0.382,0.224,4,0.052,0.203,1.7,0.161,-0.1,4.5,-0.1,2.9,100,8459,64.9,-13.4
2024-06-02 03:45,0.433,5.3,0.382,0.224,4,0.05,0.203,1.7,0.159,-0.1,4.5,-0.1,2.9,100,8457,64.9,-13.6
2024-06-02 04:00,0.433,5.3,0.381,0.224,4,0.052,0.203,1.7,0.158,-0.1,4.5,-0.1,2.9,100,8457,64.9,-13.9
2024-06-02 04:15,0.433,5.3,0.38,0.224,4,0.053,0.203,1.7,0.159,-0.1,4.5,-0.1,2.9,100,8450,64.9,-14
2024-06-02 04:30,0.433,5.3,0.381,0.224,4,0.051,0.203,1.7,0.157,-0.1,4.5,-0.1,2.9,100,8451,64.9,-14
2024-06-02 04:45,0.433,5.3,0.381,0.224,4,0.051,0.203,1.7,0.158,-0.1,4.5,-0.1,2.9,100,8450,64.91,-14.4
2024-06-02 05:00,0.433,5.3,0.382,0.224,4,0.051,0.202,1.7,0.157,-0.1,4.5,-0.1,2.9,100,8449,64.91,-14.9
2024-06-02 05:15,0.433,5.3,0.382,0.224,4,0.051,0.202,1.7,0.157,-0.1,4.5,-0.1,2.9,100,8450,64.91,-15
2024-06-02 05:30,0.433,5.3,0.381,0.224,4,0.051,0.202,1.7,0.159,-0.1,4.5,-0.1,2.9,100,8448,64.92,-15
2024-06-02 05:45,0.433,5.3,0.381,0.224,4,0.051,0.202,1.6,0.158,-0.1,4.5,-0.1,2.9,100,8447,64.92,-15.1
2024-06-02 06:00,0.433,5.3,0.381,0.224,4,0.052,0.202,1.6,0.157,-0.1,4.5,-0.1,2.9,100,8448,64.93,-15.2
2024-06-02 06:15,0.433,5.3,0.381,0.223,4,0.051,0.202,1.6,0.158,-0.1,4.5,-0.1,2.9,100,8445,64.95,-15.2
2024-06-02 06:30,0.433,5.3,0.38,0.223,4,0.051,0.202,1.6,0.157,-0.1,4.5,-0.1,2.9,100,8440,64.96,-15.3
2024-06-02 06:45,0.433,5.3,0.381,0.223,4,0.051,0.202,1.6,0.157,-0.1,4.5,-0.1,2.8,100,8443,64.96,-15.5
2024-06-02 07:00,0.433,5.3,0.381,0.223,4,0.051,0.202,1.6,0.156,-0.1,4.5,-0.1,2.8,100,8444,64.98,-15.7
2024-06-02 07:15,0.433,5.3,0.381,0.223,4,0.051,0.201,1.6,0.158,-0.1,4.5,-0.1,2.8,100,8442,64.99,-15.7
2024-06-02 07:30,0.433,5.3,0.382,0.223,4,0.052,0.201,1.6,0.158,-0.1,4.5,-0.1,2.8,100,8460,64.99,-15.8
2024-06-02 07:45,0.433,5.3,0.38,0.223,4,0.052,0.201,1.6,0.157,-0.1,4.5,-0.1,2.8,100,8491,65,-14.8
2024-06-02 08:00,0.433,5.3,0.379,0.223,4,0.049,0.201,1.6,0.157,-0.1,4.5,-0.1,2.8,100,8535,65.02,-12.4
2024-06-02 08:15,0.433,5.3,0.379,0.223,4,0.052,0.201,1.6,0.156,-0.1,4.5,-0.1,2.8,100,8581,65.04,-9.4
2024-06-02 08:30,0.433,5.3,0.38,0.223,4,0.052,0.201,1.6,0.156,-0.1,4.5,-0.1,2.8,100,8614,65.06,-6.8
2024-06-02 08:45,0.433,5.3,0.38,0.223,4,0.052,0.201,1.5,0.156,-0.1,4.5,-0.1,2.8,100,8652,65.08,-4.3
2024-06-02 09:00,0.433,5.3,0.379,0.222,4,0.049,0.201,1.5,0.157,-0.1,4.5,-0.1,2.8,100,8683,65.11,-1.8
2024-06-02 09:15,0.433,5.3,0.379,0.222,4,0.05,0.2,1.5,0.157,-0.1,4.5,-0.1,2.8,100,8699,65.12,0.6
2024-06-02 09:30,0.433,5.3,0.378,0.222,4,0.052,0.2,1.5,0.156,-0.1,4.5,-0.1,2.8,100,8719,65.14,2.4
2024-06-02 09:45,0.433,5.3,0.379,0.222,4,0.05,0.2,1.5,0.156,-0.1,4.5,-0.1,2.8,100,8729,65.15,4.1
2024-06-02 10:00,0.433,5.3,0.378,0.222,4,0.052,0.2,1.5,0.155,-0.1,4.5,-0.1,2.8,100,8735,65.15,5.2
2024-06-02 10:15,0.433,5.3,0.378,0.221,4,0.051,0.2,1.5,0.156,-0.1,4.5,-0.1,2.8,100,8737,65.15,6
2024-06-02 10:30,0.433,5.3,0.377,0.221,4,0.051,0.2,1.5,0.155,-0.1,4.5,-0.1,2.8,100,8744,65.14,6.6
2024-06-02 10:45,0.432,5.3,0.379,0.221,4,0.051,0.2,1.5,0.157,-0.1,4.5,-0.1,2.8,100,8745,65.14,7.3
2024-06-02 11:00,0.433,5.3,0.377,0.221,4,0.05,0.2,1.5,0.155,-0.1,4.5,-0.1,2.8,100,8745,65.14,8.5
2024-06-02 11:15,0.433,5.3,0.378,0.221,4,0.05,0.2,1.5,0.157,-0.1,4.5,-0.1,2.8,100,8738,65.14,9.9
2024-06-02 11:30,0.433,5.3,0.377,0.221,4,0.051,0.201,1.4,0.157,-0.1,4.5,-0.1,2.8,100,8729,65.12,11.1
2024-06-02 11:45,0.433,5.3,0.378,0.221,4,0.051,0.201,1.4,0.156,-0.1,4.5,-0.1,2.8,100,8720,65.11,12.5
2024-06-02 12:00,0.433,5.3,0.378,0.221,4,0.05,0.201,1.4,0.157,-0.1,4.5,-0.1,2.8,100,8709,65.09,14
2024-06-02 12:15,0.433,5.3,0.377,0.221,4,0.05,0.201,1.4,0.158,-0.1,4.5,-0.1,2.8,100,8672,65.07,15.1
2024-06-02 12:30,0.433,5.3,0.377,0.221,4,0.051,0.201,1.4,0.156,-0.1,4.5,-0.1,2.8,100,8681,65.05,16.2
2024-06-02 12:45,0.433,5.3,0.377,0.221,4,0.05,0.201,1.4,0.158,-0.1,4.5,-0.1,2.7,100,8661,65.03,17.7
2024-06-02 13:00,0.432,5.3,0.378,0.221,4,0.048,0.201,1.4,0.158,-0.1,4.5,-0.1,2.7,100,8651,65.01,18.9
2024-06-02 13:15,0.433,5.3,0.377,0.221,4,0.05,0.201,1.4,0.158,-0.1,4.5,-0.1,2.7,100,8640,64.98,19.6
2024-06-02 13:30,0.433,5.3,0.377,0.221,4,0.05,0.201,1.4,0.158,-0.1,4.5,-0.1,2.7,100,8626,64.96,20
2024-06-02 13:45,0.433,5.3,0.377,0.221,4,0.048,0.202,1.4,0.158,-0.1,4.5,-0.1,2.7,100,8614,64.93,20.7
2024-06-02 14:00,0.433,5.3,0.377,0.221,4,0.05,0.202,1.4,0.157,-0.1,4.5,-0.1,2.7,100,8608,64.91,21.4
2024-06-02 14:15,0.433,5.3,0.377,0.221,4,0.047,0.202,1.4,0.158,-0.1,4.5,-0.1,2.7,100,8594,64.89,21.8
2024-06-02 14:30,0.433,5.3,0.378,0.221,3.9,0.05,0.202,1.4,0.158,-0.1,4.5,-0.1,2.7,100,8583,64.88,22.1
2024-06-02 14:45,0.433,5.3,0.378,0.221,3.9,0.048,0.202,1.4,0.16,-0.1,4.5,-0.1,2.7,100,8574,64.87,21.8
2024-06-02 15:00,0.433,5.3,0.377,0.221,3.9,0.05,0.203,1.4,0.161,-0.1,4.5,-0.1,2.7,100,8571,64.87,21
2024-06-02 15:15,0.433,5.3,0.378,0.221,3.9,0.049,0.203,1.4,0.159,-0.1,4.5,-0.1,2.7,100,8567,64.87,20.3
2024-06-02 15:30,0.433,5.3,0.377,0.221,3.9,0.05,0.205,1.4,0.16,-0.1,4.5,-0.1,2.7,100,8565,64.87,19.7
2024-06-02 15:45,0.433,5.3,0.377,0.221,3.9,0.049,0.206,1.4,0.161,-0.1,4.5,-0.1,2.7,100,8563,64.87,19.1
2024-06-02 16:00,0.433,5.3,0.377,0.221,3.9,0.05,0.207,1.4,0.162,-0.1,4.5,-0.1,2.7,100,8556,64.87,18.2
2024-06-02 16:15,0.433,5.3,0.378,0.222,3.9,0.05,0.208,1.4,0.163,-0.1,4.5,-0.1,2.7,100,8554,64.88,17.5
2024-06-02 16:30,0.433,5.3,0.378,0.222,3.9,0.05,0.208,1.5,0.165,-0.1,4.5,-0.1,2.7,100,8551,64.88,16.9
2024-06-02 16:45,0.433,5.3,0.378,0.222,3.9,0.052,0.209,1.5,0.166,-0.1,4.5,-0.1,2.7,100,8548,64.89,16
2024-06-02 17:00,0.433,5.2,0.379,0.222,3.9,0.052,0.209,1.6,0.168,-0.1,4.5,-0.1,2.7,100,8541,64.9,15.2
2024-06-02 17:15,0.433,5.2,0.379,0.222,3.9,0.051,0.21,1.7,0.168,-0.1,4.5,-0.1,2.7,100,8532,64.91,13.8
2024-06-02 17:30,0.433,5.2,0.379,0.222,3.9,0.051,0.21,1.8,0.169,-0.1,4.5,-0.1,2.7,100,8526,64.91,12.4
2024-06-02 17:45,0.433,5.2,0.379,0.222,3.9,0.05,0.21,1.8,0.17,-0.1,4.5,-0.1,2.7,100,8512,64.92,10.4
2024-06-02 18:00,0.433,5.2,0.379,0.222,3.9,0.051,0.21,2,0.17,-0.1,4.5,-0.1,2.7,100,8503,64.92,8.8
2024-06-02 18:15,0.433,5.2,0.379,0.222,3.9,0.051,0.21,2,0.17,-0.1,4.5,-0.1,2.8,100,8498,64.94,7.4
2024-06-02 18:30,0.433,5.2,0.381,0.222,3.9,0.05,0.209,2.1,0.17,-0.1,4.5,-0.1,2.8,100,8489,64.94,6.6
2024-06-02 18:45,0.433,5.2,0.381,0.222,3.9,0.05,0.209,2.2,0.171,-0.1,4.5,-0.1,2.8,100,8488,64.95,5.4
2024-06-02 19:00,0.433,5.2,0.381,0.222,3.9,0.051,0.209,2.3,0.171,-0.1,4.5,-0.1,2.8,100,8484,64.95,3.8
2024-06-02 19:15,0.433,5.2,0.381,0.222,3.9,0.05,0.209,2.3,0.172,-0.1,4.4,-0.1,2.9,100,8480,64.96,2.6
2024-06-02 19:30,0.433,5.2,0.381,0.222,3.9,0.051,0.208,2.4,0.173,-0.1,4.4,-0.1,2.9,100,8472,64.97,1.6
2024-06-02 19:45,0.433,5.2,0.382,0.222,3.9,0.05,0.208,2.4,0.173,-0.1,4.4,-0.1,2.9,100,8470,64.98,1.2
2024-06-02 20:00,0.433,5.2,0.381,0.222,3.9,0.05,0.208,2.4,0.171,-0.1,4.4,-0.1,2.9,100,8469,64.99,0.6
2024-06-02 20:15,0.433,5.2,0.382,0.222,3.9,0.05,0.208,2.4,0.169,-0.1,4.4,-0.1,3,100,8471,65,0
2024-06-02 20:30,0.433,5.2,0.381,0.222,3.9,0.05,0.207,2.4,0.17,-0.1,4.4,-0.1,3,100,8468,65.01,0.1
2024-06-02 20:45,0.433,5.2,0.382,0.222,3.9,0.05,0.207,2.4,0.169,-0.1,4.4,-0.1,3,100,8463,65.01,-0.8
2024-06-02 21:00,0.433,5.2,0.382,0.222,3.9,0.049,0.207,2.4,0.169,-0.1,4.4,-0.1,3,100,8463,65.01,-1.6
2024-06-02 21:15,0.433,5.2,0.382,0.223,3.9,0.052,0.207,2.4,0.168,-0.1,4.4,-0.1,3.1,100,8457,65.01,-2.6
2024-06-02 21:30,0.433,5.2,0.381,0.223,3.9,0.051,0.206,2.4,0.168,-0.1,4.4,-0.1,3.1,100,8457,65.01,-3.3
2024-06-02 21:45,0.433,5.2,0.381,0.223,4,0.053,0.206,2.4,0.168,-0.1,4.4,-0.1,3.1,100,8454,65.02,-3.9
2024-06-02 22:00,0.433,5.2,0.382,0.222,4,0.052,0.206,2.4,0.167,-0.1,4.4,-0.1,3.1,100,8453,65.02,-4.6
2024-06-02 22:15,0.433,5.2,0.381,0.223,4,0.051,0.206,2.4,0.167,-0.1,4.4,-0.1,3.1,100,8447,65.02,-5
2024-06-02 22:30,0.433,5.2,0.381,0.223,4,0.053,0.205,2.4,0.167,-0.1,4.4,-0.1,3.1,100,8447,65.03,-5.6
2024-06-02 22:45,0.433,5.2,0.381,0.223,4,0.052,0.205,2.3,0.167,-0.1,4.4,-0.1,3.1,100,8447,65.04,-6.2
2024-06-02 23:00,0.433,5.2,0.382,0.223,4,0.052,0.205,2.3,0.168,-0.1,4.4,-0.1,3.1,100,8447,65.04,-6.4
2024-06-02 23:15,0.433,5.2,0.381,0.223,4,0.051,0.205,2.3,0.167,-0.1,4.5,-0.1,3.1,100,8444,65.04,-6.9
2024-06-02 23:30,0.433,5.2,0.382,0.223,4,0.052,0.205,2.3,0.166,-0.1,4.5,-0.1,3.1,100,8445,65.03,-7.4
2024-06-02 23:45,0.433,5.2,0.382,0.223,4,0.051,0.205,2.3,0.168,-0.1,4.5,-0.1,3.1,100,8447,65.03,-7.6
2024-06-03 00:00,0.433,5.2,0.381,0.223,4,0.051,0.204,2.3,0.166,-0.1,4.5,-0.1,3.1,100,8444,65.03,-8
2024-06-03 00:15,0.433,5.2,0.381,0.223,4,0.051,0.204,2.3,0.167,-0.1,4.5,-0.1,3.1,100,8387,65.03,-8.3
2024-06-03 00:30,0.433,5.2,0.381,0.223,4,0.05,0.204,2.2,0.164,-0.1,4.5,-0.1,3.1,100,8412,65.03,-8.7
2024-06-03 00:45,0.433,5.2,0.382,0.223,4,0.051,0.204,2.2,0.164,-0.1,4.5,-0.1,3.1,100,8410,65.03,-8.6
2024-06-03 01:00,0.433,5.2,0.382,0.223,4,0.051,0.204,2.2,0.162,-0.1,4.5,-0.1,3.1,100,8415,65.03,-8.6
2024-06-03 01:15,0.433,5.2,0.382,0.223,4,0.051,0.204,2.2,0.162,-0.1,4.5,-0.1,3.1,100,8415,65.03,-9.1
2024-06-03 01:30,0.433,5.2,0.381,0.223,4,0.051,0.204,2.2,0.162,-0.1,4.5,-0.1,3.1,100,8417,65.03,-9.7
2024-06-03 01:45,0.433,5.2,0.381,0.223,4,0.051,0.204,2.2,0.162,-0.1,4.5,-0.1,3.1,100,8416,65.02,-10.3
2024-06-03 02:00,0.433,5.2,0.381,0.223,4,0.051,0.204,2.1,0.162,-0.1,4.5,-0.1,3.1,100,8413,65.01,-10.4
2024-06-03 02:15,0.433,5.2,0.381,0.223,4.1,0.051,0.203,2.1,0.162,-0.1,4.5,-0.1,3.1,100,8415,65,-10.7
2024-06-03 02:30,0.433,5.2,0.381,0.223,4.1,0.051,0.203,2.1,0.162,-0.1,4.5,-0.1,3.1,100,8415,64.99,-10.9
2024-06-03 02:45,0.433,5.2,0.381,0.224,4.1,0.051,0.203,2.1,0.162,-0.1,4.5,-0.1,3.1,100,8417,64.98,-11
2024-06-03 03:00,0.433,5.2,0.381,0.223,4.1,0.051,0.203,2.1,0.16,-0.1,4.5,-0.1,3.1,100,8418,64.97,-11.1
2024-06-03 03:15,0.433,5.2,0.381,0.223,4.1,0.051,0.203,2.1,0.162,-0.1,4.5,-0.1,3.1,100,8417,64.96,-11.4
2024-06-03 03:30,0.433,5.2,0.381,0.223,4.1,0.051,0.203,2,0.163,-0.1,4.5,-0.1,3.1,100,8416,64.96,-12.1
2024-06-03 03:45,0.433,5.2,0.381,0.223,4.1,0.051,0.203,2,0.16,-0.1,4.5,-0.1,3.1,100,8415,64.95,-12.7
2024-06-03 04:00,0.433,5.2,0.38,0.223,4.1,0.051,0.203,2,0.161,-0.1,4.5,-0.1,3.1,100,8416,64.95,-12.9
2024-06-03 04:15,0.433,5.2,0.38,0.224,4.1,0.051,0.203,2,0.162,-0.1,4.5,-0.1,3.1,100,8406,64.95,-12.6
2024-06-03 04:30,0.433,5.2,0.38,0.224,4.1,0.051,0.203,2,0.161,-0.1,4.5,-0.1,3.1,100,8412,64.96,-12.1
2024-06-03 04:45,0.433,5.2,0.38,0.224,4.1,0.051,0.203,2,0.161,-0.1,4.5,-0.1,3.1,100,8412,64.96,-12.3
2024-06-03 05:00,0.433,5.2,0.381,0.223,4.1,0.052,0.202,1.9,0.162,-0.1,4.5,-0.1,3.1,100,8412,64.95,-12.8
2024-06-03 05:15,0.433,5.2,0.38,0.223,4.1,0.051,0.202,1.9,0.159,-0.1,4.5,-0.1,3.1,100,8409,64.96,-13.2
2024-06-03 05:30,0.433,5.2,0.379,0.223,4.1,0.05,0.202,1.9,0.161,-0.1,4.5,-0.1,3,100,8408,64.96,-13.3
2024-06-03 05:45,0.433,5.2,0.379,0.223,4.1,0.052,0.202,1.9,0.161,-0.1,4.5,-0.1,3,100,8410,64.96,-13.4
2024-06-03 06:00,0.433,5.2,0.379,0.223,4.1,0.05,0.202,1.9,0.161,-0.1,4.5,-0.1,3,100,8408,64.97,-13.7
2024-06-03 06:15,0.433,5.2,0.379,0.223,4.1,0.051,0.202,1.9,0.159,-0.1,4.5,-0.1,3,100,8403,64.99,-14.2
2024-06-03 06:30,0.433,5.2,0.38,0.223,4.1,0.052,0.202,1.8,0.161,-0.1,4.5,-0.1,3,100,8403,64.99,-14.6
2024-06-03 06:45,0.433,5.2,0.378,0.223,4.1,0.051,0.202,1.8,0.159,-0.1,4.5,-0.1,3,100,8406,65.01,-14.8
2024-06-03 07:00,0.433,5.2,0.379,0.223,4.1,0.051,0.202,1.8,0.159,-0.1,4.5,-0.1,3,100,8405,65.03,-15
2024-06-03 07:15,0.433,5.2,0.379,0.223,4.1,0.051,0.202,1.8,0.159,-0.1,4.5,-0.1,3,100,8282,65.04,-15
2024-06-03 07:30,0.433,5.2,0.378,0.223,4.1,0.051,0.201,1.8,0.16,-0.1,4.5,-0.1,3,100,8412,65.05,-14.7
2024-06-03 07:45,0.433,5.2,0.378,0.223,4.1,0.051,0.201,1.8,0.16,-0.1,4.5,-0.1,3,100,8448,65.07,-13.6
2024-06-03 08:00,0.433,5.2,0.379,0.223,4.1,0.051,0.202,1.8,0.158,-0.1,4.5,-0.1,3,100,8490,65.09,-11.4
2024-06-03 08:15,0.433,5.2,0.378,0.223,4.1,0.051,0.201,1.7,0.158,-0.1,4.5,-0.1,3,100,8531,65.12,-8.7
2024-06-03 08:30,0.433,5.2,0.378,0.223,4.1,0.052,0.201,1.7,0.158,-0.1,4.5,-0.1,3,100,8542,65.14,-5.8
2024-06-03 08:45,0.433,5.2,0.379,0.223,4.1,0.052,0.201,1.7,0.159,-0.1,4.5,-0.1,2.9,100,8570,65.17,-3.5
2024-06-03 09:00,0.433,5.2,0.378,0.223,4.1,0.051,0.201,1.7,0.159,-0.1,4.5,-0.1,2.9,100,8598,65.19,-2
2024-06-03 09:15,0.433,5.2,0.379,0.223,4.1,0.054,0.201,1.7,0.158,-0.1,4.5,-0.1,2.9,100,8573,65.2,-0.3
2024-06-03 09:30,0.433,5.2,0.377,0.223,4,0.052,0.201,1.7,0.159,-0.1,4.5,-0.1,2.9,100,8624,65.21,1.1
2024-06-03 09:45,0.433,5.2,0.377,0.222,4,0.049,0.201,1.7,0.159,-0.1,4.5,-0.1,2.9,100,8650,65.21,2.2
2024-06-03 10:00,0.433,5.2,0.377,0.222,4,0.049,0.201,1.6,0.158,-0.1,4.5,-0.1,2.9,100,8671,65.21,3.6
2024-06-03 10:15,0.433,5.2,0.377,0.222,4,0.05,0.201,1.6,0.158,-0.1,4.5,-0.1,2.9,100,8692,65.21,4.4
2024-06-03 10:30,0.433,5.2,0.376,0.222,4,0.05,0.201,1.6,0.159,-0.1,4.5,-0.1,2.9,100,8712,65.2,5.4
2024-06-03 10:45,0.433,5.2,0.378,0.222,4,0.05,0.201,1.6,0.159,-0.1,4.5,-0.1,2.9,100,8698,65.2,6.9
2024-06-03 11:00,0.433,5.2,0.377,0.222,4,0.051,0.201,1.6,0.16,-0.1,4.5,-0.1,2.9,100,8718,65.19,8.8
2024-06-03 11:15,0.433,5.2,0.379,0.222,4,0.051,0.201,1.6,0.156,-0.1,4.5,-0.1,2.9,100,8718,65.18,10.3
2024-06-03 11:30,0.433,5.2,0.379,0.222,4,0.05,0.201,1.6,0.159,-0.1,4.5,-0.1,2.9,100,8713,65.16,11.9
2024-06-03 11:45,0.433,5.2,0.379,0.222,4,0.051,0.201,1.6,0.157,-0.1,4.5,-0.1,2.9,100,8692,65.14,14
2024-06-03 12:00,0.433,5.2,0.379,0.222,4,0.051,0.201,1.6,0.158,-0.1,4.5,-0.1,2.9,100,8685,65.12,15.6
2024-06-03 12:15,0.433,5.2,0.378,0.222,4,0.051,0.201,1.6,0.16,-0.1,4.5,-0.1,2.8,100,8674,65.1,16.3
2024-06-03 12:30,0.433,5.2,0.379,0.222,4,0.05,0.202,1.6,0.159,-0.1,4.5,-0.1,2.8,100,8666,65.07,17
2024-06-03 12:45,0.433,5.2,0.379,0.222,4,0.051,0.202,1.6,0.157,-0.1,4.5,-0.1,2.8,100,8636,65.05,17.6
2024-06-03 13:00,0.433,5.2,0.378,0.221,4,0.051,0.202,1.5,0.158,-0.1,4.5,-0.1,2.8,100,8640,65.02,18.2
2024-06-03 13:15,0.433,5.2,0.379,0.221,4,0.051,0.202,1.5,0.16,-0.1,4.5,-0.1,2.8,100,8610,65,19.7
2024-06-03 13:30,0.433,5.2,0.377,0.221,4,0.051,0.202,1.5,0.159,-0.1,4.5,-0.1,2.8,100,8618,64.97,20.7
2024-06-03 13:45,0.433,5.2,0.378,0.221,4,0.05,0.202,1.5,0.161,-0.1,4.5,-0.1,2.8,100,8604,64.95,21.4
2024-06-03 14:00,0.433,5.2,0.378,0.221,4,0.051,0.202,1.5,0.158,-0.1,4.5,-0.1,2.8,100,8597,64.93,22
2024-06-03 14:15,0.433,5.2,0.378,0.221,4,0.051,0.203,1.5,0.159,-0.1,4.5,-0.1,2.8,100,8584,64.91,23.2
2024-06-03 14:30,0.433,5.2,0.379,0.221,4,0.052,0.203,1.5,0.162,-0.1,4.5,-0.1,2.8,100,8565,64.89,23.9
2024-06-03 14:45,0.433,5.2,0.379,0.221,4,0.051,0.204,1.5,0.162,-0.1,4.5,-0.1,2.8,100,8558,64.89,23.3
2024-06-03 15:00,0.433,5.2,0.379,0.221,4,0.052,0.205,1.5,0.162,-0.1,4.5,-0.1,2.8,100,8550,64.88,23
2024-06-03 15:15,0.433,5.2,0.379,0.221,4,0.05,0.206,1.5,0.164,-0.1,4.5,-0.1,2.8,100,8529,64.87,23
2024-06-03 15:30,0.433,5.2,0.379,0.221,4,0.051,0.207,1.6,0.163,-0.1,4.5,-0.1,2.8,100,8532,64.86,22.4
2024-06-03 15:45,0.433,5.2,0.379,0.222,4,0.051,0.208,1.6,0.167,-0.1,4.5,-0.1,2.8,100,8531,64.84,21.8
2024-06-03 16:00,0.433,5.2,0.378,0.222,4,0.05,0.208,1.7,0.168,-0.1,4.5,-0.1,2.8,100,8528,64.83,20.8
2024-06-03 16:15,0.433,5.2,0.379,0.222,4,0.051,0.208,1.8,0.167,-0.1,4.5,-0.1,2.8,100,8510,64.82,20.3
2024-06-03 16:30,0.433,5.2,0.379,0.222,3.9,0.05,0.208,2,0.169,-0.1,4.5,-0.1,2.8,100,8512,64.82,19.1
2024-06-03 16:45,0.433,5.2,0.379,0.222,3.9,0.051,0.208,2.1,0.171,-0.1,4.5,-0.1,2.8,100,8511,64.83,17.8
2024-06-03 17:00,0.433,5.2,0.378,0.222,3.9,0.051,0.208,2.3,0.173,-0.1,4.4,-0.1,2.8,100,8507,64.82,16.8
2024-06-03 17:15,0.433,5.2,0.379,0.222,3.9,0.05,0.208,2.4,0.173,-0.1,4.4,-0.1,2.9,100,8505,64.82,15.8
2024-06-03 17:30,0.433,5.2,0.38,0.222,3.9,0.05,0.208,2.6,0.172,-0.1,4.4,-0.1,2.9,100,8420,64.82,14.7
2024-06-03 17:45,0.433,5.2,0.379,0.222,3.9,0.05,0.208,2.7,0.17,-0.1,4.4,-0.1,2.9,100,8479,64.83,13.1
2024-06-03 18:00,0.433,5.2,0.38,0.222,3.9,0.05,0.207,2.8,0.173,-0.1,4.4,-0.1,3,100,8472,64.84,11.4
2024-06-03 18:15,0.433,5.2,0.38,0.222,3.9,0.05,0.207,2.9,0.173,-0.1,4.4,-0.1,3,100,8466,64.84,10.1
2024-06-03 18:30,0.433,5.2,0.38,0.222,3.9,0.049,0.207,3,0.173,-0.1,4.4,-0.1,3.1,100,8456,64.85,9.1
2024-06-03 18:45,0.433,5.2,0.38,0.222,3.9,0.051,0.207,3.1,0.171,-0.1,4.4,-0.1,3.1,100,8453,64.86,8.4
2024-06-03 19:00,0.433,5.2,0.38,0.222,4,0.052,0.207,3.2,0.172,-0.1,4.4,-0.1,3.2,100,8451,64.91,7.5
2024-06-03 19:15,0.433,5.2,0.38,0.223,4,0.05,0.207,3.3,0.172,-0.1,4.4,-0.1,3.2,100,8445,64.94,7.2
2024-06-03 19:30,0.433,5.2,0.38,0.223,4,0.05,0.206,3.3,0.171,-0.1,4.4,-0.1,3.2,100,8447,64.95,6
2024-06-03 19:45,0.433,5.2,0.38,0.223,4,0.051,0.206,3.3,0.172,-0.1,4.4,-0.1,3.3,100,8440,64.95,4.7
2024-06-03 20:00,0.433,5.2,0.38,0.222,4,0.053,0.206,3.4,0.173,-0.1,4.4,-0.1,3.3,100,8435,64.95,3.8
2024-06-03 20:15,0.433,5.2,0.38,0.222,4,0.051,0.206,3.4,0.173,-0.1,4.4,-0.1,3.4,100,8436,64.96,2.5
2024-06-03 20:30,0.433,5.2,0.38,0.223,4,0.053,0.206,3.4,0.172,-0.1,4.4,-0.1,3.4,100,8432,64.97,1.4
2024-06-03 20:45,0.433,5.2,0.38,0.222,4,0.052,0.206,3.4,0.17,-0.1,4.4,-0.1,3.4,100,8428,64.98,0.3
2024-06-03 21:00,0.433,5.2,0.38,0.223,4,0.051,0.206,3.4,0.172,-0.1,4.4,-0.1,3.4,100,8426,64.98,-1.1
2024-06-03 21:15,0.433,5.2,0.38,0.223,4.1,0.051,0.206,3.3,0.17,-0.1,4.4,-0.1,3.5,100,8423,64.98,-2.2
2024-06-03 21:30,0.433,5.1,0.381,0.222,4.1,0.051,0.205,3.3,0.17,-0.1,4.4,-0.1,3.5,100,8422,64.99,-2.9
2024-06-03 21:45,0.433,5.1,0.381,0.223,4.1,0.05,0.205,3.3,0.171,-0.1,4.4,-0.1,3.5,100,8420,64.98,-3.6
2024-06-03 22:00,0.433,5.1,0.381,0.223,4.1,0.051,0.205,3.3,0.171,-0.1,4.5,-0.1,3.5,100,8419,64.98,-4.3
2024-06-03 22:15,0.433,5.1,0.381,0.223,4.1,0.051,0.205,3.2,0.169,-0.1,4.5,-0.1,3.6,100,8361,64.98,-4.8
2024-06-03 22:30,0.433,5.1,0.38,0.223,4.1,0.051,0.205,3.2,0.169,-0.1,4.5,-0.1,3.6,100,8415,64.97,-5.1
2024-06-03 22:45,0.433,5.1,0.381,0.223,4.1,0.051,0.205,3.2,0.171,-0.1,4.5,-0.1,3.6,100,8414,64.97,-5.8
2024-06-03 23:00,0.433,5.1,0.38,0.223,4.2,0.05,0.205,3.1,0.17,-0.1,4.5,-0.1,3.6,100,8412,64.97,-6.3
2024-06-03 23:15,0.433,5.2,0.381,0.223,4.2,0.051,0.205,3.1,0.169,-0.1,4.5,-0.1,3.6,100,8415,64.97,-6.7
2024-06-03 23:30,0.433,5.2,0.381,0.223,4.2,0.052,0.204,3.1,0.169,-0.1,4.5,-0.1,3.6,100,8415,64.97,-7.2
2024-06-03 23:45,0.433,5.2,0.381,0.223,4.2,0.053,0.204,3,0.167,-0.1,4.5,-0.1,3.6,100,8412,64.98,-7.6
2024-06-04 00:00,0.433,5.2,0.38,0.223,4.2,0.051,0.204,3,0.169,-0.1,4.5,-0.1,3.6,100,8412,64.98,-8
2024-06-04 00:15,0.433,5.2,0.381,0.223,4.2,0.052,0.204,3,0.169,-0.1,4.5,-0.1,3.6,100,8353,64.98,-7.8
2024-06-04 00:30,0.433,5.2,0.381,0.223,4.2,0.053,0.204,2.9,0.168,-0.1,4.5,-0.1,3.6,100,8377,64.98,-7.7
2024-06-04 00:45,0.433,5.2,0.381,0.223,4.2,0.053,0.204,2.9,0.167,-0.1,4.5,-0.1,3.6,100,8375,64.98,-7.4
2024-06-04 01:00,0.433,5.2,0.381,0.223,4.2,0.051,0.204,2.9,0.166,-0.1,4.5,-0.1,3.6,100,8380,64.97,-7.6
2024-06-04 01:15,0.433,5.2,0.381,0.223,4.2,0.052,0.204,2.8,0.167,-0.1,4.5,-0.1,3.6,100,8381,64.97,-8.1
2024-06-04 01:30,0.433,5.2,0.381,0.223,4.3,0.051,0.203,2.8,0.165,-0.1,4.5,-0.1,3.6,100,8384,64.97,-8.8
2024-06-04 01:45,0.433,5.2,0.381,0.223,4.3,0.051,0.203,2.8,0.167,-0.1,4.5,-0.1,3.6,100,8382,64.95,-9.4
2024-06-04 02:00,0.433,5.2,0.381,0.223,4.3,0.052,0.203,2.7,0.164,-0.1,4.5,-0.1,3.5,100,8384,64.94,-9.9
2024-06-04 02:15,0.433,5.2,0.38,0.223,4.3,0.052,0.203,2.7,0.167,-0.1,4.5,-0.1,3.5,100,8384,64.94,-10.4
2024-06-04 02:30,0.433,5.2,0.38,0.223,4.3,0.052,0.203,2.7,0.168,-0.1,4.5,-0.1,3.5,100,8387,64.93,-10.7
2024-06-04 02:45,0.433,5.2,0.38,0.223,4.3,0.053,0.203,2.6,0.165,-0.1,4.5,-0.1,3.5,100,8383,64.92,-10.6
2024-06-04 03:00,0.433,5.2,0.38,0.223,4.3,0.051,0.203,2.6,0.164,-0.1,4.6,-0.1,3.5,100,8382,64.91,-10.6
2024-06-04 03:15,0.433,5.2,0.38,0.223,4.3,0.051,0.203,2.6,0.164,-0.1,4.6,-0.1,3.5,100,8384,64.91,-11
2024-06-04 03:30,0.433,5.2,0.381,0.223,4.3,0.052,0.203,2.6,0.165,-0.1,4.6,-0.1,3.5,100,8383,64.91,-11.3
2024-06-04 03:45,0.433,5.2,0.379,0.223,4.3,0.051,0.203,2.5,0.165,-0.1,4.6,-0.1,3.5,100,8382,64.9,-11.7
2024-06-04 04:00,0.433,5.2,0.38,0.223,4.3,0.051,0.203,2.5,0.167,-0.1,4.6,-0.1,3.5,100,8383,64.9,-11.9
2024-06-04 04:15,0.433,5.2,0.38,0.223,4.3,0.051,0.203,2.5,0.165,-0.1,4.6,-0.1,3.5,100,8384,64.89,-11.8
2024-06-04 04:30,0.433,5.2,0.38,0.223,4.3,0.051,0.203,2.4,0.163,-0.1,4.6,-0.1,3.4,100,8377,64.89,-11.7
2024-06-04 04:45,0.433,5.2,0.38,0.224,4.3,0.052,0.203,2.4,0.163,-0.1,4.6,-0.1,3.4,100,8378,64.89,-12.1
2024-06-04 05:00,0.433,5.2,0.379,0.224,4.3,0.052,0.203,2.4,0.163,-0.1,4.6,-0.1,3.4,100,8377,64.88,-12.8
2024-06-04 05:15,0.433,5.2,0.38,0.223,4.3,0.051,0.203,2.4,0.163,-0.1,4.6,-0.1,3.4,100,8377,64.88,-13.1
2024-06-04 05:30,0.433,5.2,0.38,0.223,4.3,0.052,0.202,2.3,0.162,-0.1,4.6,-0.1,3.4,100,8374,64.88,-13
2024-06-04 05:45,0.433,5.2,0.379,0.223,4.3,0.051,0.202,2.3,0.161,-0.1,4.6,-0.1,3.4,100,8374,64.89,-12.7
2024-06-04 06:00,0.433,5.2,0.38,0.223,4.3,0.052,0.202,2.3,0.16,-0.1,4.6,-0.1,3.4,100,8375,64.89,-13.1
2024-06-04 06:15,0.433,5.2,0.379,0.224,4.3,0.052,0.202,2.3,0.161,-0.1,4.6,-0.1,3.4,100,8376,64.89,-13.6
2024-06-04 06:30,0.433,5.2,0.379,0.224,4.3,0.05,0.202,2.2,0.161,-0.1,4.6,-0.1,3.4,100,8330,64.9,-13.7
2024-06-04 06:45,0.433,5.2,0.379,0.223,4.3,0.052,0.202,2.2,0.161,-0.1,4.6,-0.1,3.3,100,8370,64.92,-13.9
2024-06-04 07:00,0.433,5.2,0.379,0.224,4.3,0.05,0.202,2.2,0.163,-0.1,4.6,-0.1,3.3,100,8371,64.92,-14.1
2024-06-04 07:15,0.433,5.2,0.379,0.224,4.3,0.052,0.202,2.2,0.161,-0.1,4.6,-0.1,3.3,100,8361,64.94,-14.1
2024-06-04 07:30,0.433,5.2,0.378,0.224,4.3,0.051,0.202,2.2,0.161,-0.1,4.6,-0.1,3.3,100,8380,64.95,-14
2024-06-04 07:45,0.433,5.2,0.379,0.224,4.3,0.051,0.202,2.1,0.162,-0.1,4.6,-0.1,3.3,100,8415,64.97,-13
2024-06-04 08:00,0.433,5.2,0.379,0.224,4.3,0.052,0.202,2.1,0.161,-0.1,4.6,-0.1,3.3,100,8453,64.99,-10.8
2024-06-04 08:15,0.433,5.2,0.379,0.224,4.3,0.052,0.202,2.1,0.161,-0.1,4.6,-0.1,3.3,100,8485,65.02,-7.9
2024-06-04 08:30,0.433,5.2,0.378,0.224,4.3,0.051,0.202,2.1,0.161,-0.1,4.6,-0.1,3.3,100,8524,65.05,-5
2024-06-04 08:45,0.433,5.2,0.378,0.223,4.3,0.051,0.202,2,0.161,-0.1,4.6,-0.1,3.3,100,8558,65.08,-2.4
2024-06-04 09:00,0.433,5.2,0.378,0.223,4.3,0.052,0.202,2,0.163,-0.1,4.6,-0.1,3.2,100,8591,65.11,-0.4
2024-06-04 09:15,0.433,5.2,0.379,0.223,4.3,0.05,0.201,2,0.162,-0.1,4.6,-0.1,3.2,100,8618,65.13,1.2
2024-06-04 09:30,0.433,5.2,0.378,0.223,4.3,0.052,0.202,2,0.163,-0.1,4.6,-0.1,3.2,100,8640,65.14,3.2
2024-06-04 09:45,0.433,5.2,0.378,0.223,4.3,0.051,0.201,1.9,0.162,-0.1,4.6,-0.1,3.2,100,8654,65.15,4.8
2024-06-04 10:00,0.433,5.2,0.378,0.223,4.3,0.05,0.202,1.9,0.162,-0.1,4.6,-0.1,3.2,100,8675,65.15,5.8
2024-06-04 10:15,0.433,5.2,0.379,0.223,4.3,0.051,0.201,1.9,0.161,-0.1,4.6,-0.1,3.2,100,8686,65.15,6.8
2024-06-04 10:30,0.433,5.2,0.379,0.223,4.2,0.052,0.201,1.9,0.163,-0.1,4.6,-0.1,3.2,100,8696,65.15,7.5
2024-06-04 10:45,0.433,5.2,0.379,0.223,4.2,0.049,0.201,1.9,0.162,-0.1,4.6,-0.1,3.2,100,8703,65.15,8.3
2024-06-04 11:00,0.433,5.2,0.38,0.223,4.2,0.05,0.201,1.9,0.162,-0.1,4.6,-0.1,3.1,100,8709,65.15,9.3
2024-06-04 11:15,0.433,5.2,0.379,0.223,4.2,0.052,0.202,1.8,0.162,-0.1,4.6,-0.1,3.1,100,8709,65.14,10.4
2024-06-04 11:30,0.433,5.2,0.38,0.223,4.2,0.051,0.202,1.8,0.161,-0.1,4.6,-0.1,3.1,100,8706,65.13,11.9
2024-06-04 11:45,0.433,5.2,0.38,0.223,4.2,0.052,0.202,1.8,0.16,-0.1,4.6,-0.1,3.1,100,8700,65.13,13.6
2024-06-04 12:00,0.433,5.2,0.378,0.222,4.2,0.051,0.202,1.8,0.162,-0.1,4.6,-0.1,3.1,100,8690,65.11,15
2024-06-04 12:15,0.433,5.2,0.38,0.222,4.2,0.051,0.202,1.8,0.163,-0.1,4.6,-0.1,3.1,100,8680,65.09,16.1
2024-06-04 12:30,0.433,5.2,0.379,0.222,4.2,0.05,0.202,1.8,0.163,-0.1,4.6,-0.1,3.1,100,8671,65.07,17.4
2024-06-04 12:45,0.433,5.2,0.378,0.223,4.2,0.051,0.202,1.8,0.163,-0.1,4.6,-0.1,3.1,100,8643,65.06,18.5
2024-06-04 13:00,0.433,5.2,0.379,0.223,4.2,0.051,0.202,1.8,0.164,-0.1,4.6,-0.1,3.1,100,8637,65.04,19.2
2024-06-04 13:15,0.433,5.2,0.379,0.222,4.2,0.052,0.203,1.8,0.163,-0.1,4.6,-0.1,3.1,100,8626,65.02,19.7
2024-06-04 13:30,0.433,5.2,0.378,0.222,4.2,0.052,0.203,1.7,0.163,-0.1,4.6,-0.1,3,100,8621,64.99,20.1
2024-06-04 13:45,0.433,5.2,0.379,0.222,4.2,0.051,0.203,1.7,0.163,-0.1,4.6,-0.1,3,100,8607,64.97,21.1
2024-06-04 14:00,0.433,5.2,0.379,0.223,4.2,0.051,0.204,1.7,0.164,-0.1,4.6,-0.1,3,100,8600,64.96,21.6
2024-06-04 14:15,0.433,5.2,0.379,0.223,4.2,0.051,0.205,1.7,0.163,-0.1,4.6,-0.1,3,100,8563,64.94,21.9
2024-06-04 14:30,0.433,5.2,0.38,0.223,4.2,0.051,0.205,1.7,0.162,-0.1,4.6,-0.1,3,100,8580,64.93,21.4
2024-06-04 14:45,0.433,5.2,0.38,0.223,4.2,0.051,0.206,1.8,0.164,-0.1,4.6,-0.1,3,100,8576,64.92,21.6
2024-06-04 15:00,0.433,5.2,0.38,0.223,4.1,0.051,0.206,1.8,0.168,-0.1,4.6,-0.1,3,100,8573,64.9,21.4
2024-06-04 15:15,0.433,5.2,0.379,0.223,4.1,0.05,0.207,1.9,0.167,-0.1,4.6,-0.1,3,100,8566,64.9,20.4
2024-06-04 15:30,0.433,5.2,0.379,0.223,4.1,0.051,0.207,2,0.168,-0.1,4.6,-0.1,3,100,8567,64.9,19.4
2024-06-04 15:45,0.433,5.2,0.379,0.223,4.1,0.051,0.207,2.2,0.168,-0.1,4.6,-0.1,3,100,8567,64.9,18.3
2024-06-04 16:00,0.433,5.2,0.381,0.223,4.1,0.051,0.207,2.3,0.172,-0.1,4.6,-0.1,3,100,8567,64.9,17.6
2024-06-04 16:15,0.433,5.2,0.381,0.223,4.1,0.051,0.207,2.4,0.173,-0.1,4.5,-0.1,3,100,8570,64.9,17.1
2024-06-04 16:30,0.433,5.2,0.381,0.223,4.1,0.05,0.207,2.6,0.173,-0.1,4.5,-0.1,3.1,100,8566,64.9,16.5
2024-06-04 16:45,0.433,5.2,0.38,0.223,4.1,0.051,0.207,2.8,0.174,-0.1,4.5,-0.1,3.1,100,8564,64.9,15.8
2024-06-04 17:00,0.433,5.2,0.381,0.224,4.1,0.05,0.207,2.9,0.172,-0.1,4.5,-0.1,3.1,100,8557,64.91,15.1
2024-06-04 17:15,0.433,5.2,0.38,0.224,4.1,0.051,0.207,3,0.172,-0.1,4.5,-0.1,3.2,100,8546,64.91,14.2
2024-06-04 17:30,0.433,5.2,0.38,0.223,4.1,0.052,0.207,3.2,0.174,-0.1,4.5,-0.1,3.2,100,8539,64.91,13.2
2024-06-04 17:45,0.433,5.2,0.381,0.223,4.1,0.051,0.206,3.3,0.173,-0.1,4.5,-0.1,3.3,100,8524,64.92,11.5
2024-06-04 18:00,0.433,5.2,0.381,0.223,4.1,0.051,0.206,3.4,0.174,-0.1,4.5,-0.1,3.3,100,8515,64.93,10
2024-06-04 18:15,0.433,5.2,0.381,0.224,4.1,0.051,0.206,3.5,0.175,-0.1,4.5,-0.1,3.3,100,8510,64.94,8.7
2024-06-04 18:30,0.433,5.2,0.38,0.224,4.1,0.052,0.206,3.6,0.175,-0.1,4.5,-0.1,3.4,100,8496,64.94,8.2
2024-06-04 18:45,0.433,5.2,0.381,0.224,4.1,0.05,0.206,3.6,0.174,-0.1,4.5,-0.1,3.4,100,8497,64.99,7.4
2024-06-04 19:00,0.433,5.2,0.381,0.224,4.1,0.052,0.205,3.7,0.174,-0.1,4.5,-0.1,3.5,100,8491,65.01,7
2024-06-04 19:15,0.433,5.2,0.381,0.224,4.2,0.052,0.205,3.7,0.175,-0.1,4.5,-0.1,3.5,100,8488,65.01,5.5
2024-06-04 19:30,0.433,5.2,0.38,0.224,4.2,0.051,0.205,3.8,0.175,-0.1,4.5,-0.1,3.6,100,8484,65.02,4.4
2024-06-04 19:45,0.433,5.2,0.381,0.224,4.2,0.053,0.205,3.8,0.174,-0.1,4.5,-0.1,3.6,100,8478,65.03,3.8
2024-06-04 20:00,0.433,5.2,0.381,0.224,4.2,0.053,0.205,3.8,0.174,-0.1,4.5,-0.1,3.7,100,8476,65.04,2.2
2024-06-04 20:15,0.433,5.2,0.38,0.224,4.2,0.052,0.205,3.8,0.175,-0.1,4.5,-0.1,3.7,100,8466,65.04,0.8
2024-06-04 20:30,0.433,5.2,0.38,0.224,4.2,0.051,0.205,3.8,0.175,-0.1,4.5,-0.1,3.7,100,8466,65.04,-0.4
2024-06-04 20:45,0.433,5.2,0.381,0.224,4.2,0.052,0.205,3.8,0.174,-0.1,4.5,-0.1,3.7,100,8464,65.04,-2
2024-06-04 21:00,0.433,5.2,0.381,0.224,4.3,0.052,0.205,3.8,0.174,-0.1,4.5,-0.1,3.8,100,8463,65.04,-3.1
2024-06-04 21:15,0.433,5.2,0.381,0.224,4.3,0.053,0.205,3.7,0.174,-0.1,4.5,-0.1,3.8,100,8462,65.04,-3.6
2024-06-04 21:30,0.433,5.2,0.381,0.224,4.3,0.053,0.204,3.7,0.174,-0.1,4.6,-0.1,3.8,100,8455,65.04,-4.2
2024-06-04 21:45,0.433,5.2,0.381,0.224,4.3,0.053,0.204,3.7,0.174,-0.1,4.6,-0.1,3.8,100,8456,65.05,-4.7
2024-06-04 22:00,0.433,5.2,0.38,0.224,4.3,0.054,0.204,3.6,0.175,-0.1,4.6,-0.1,3.8,100,8454,65.06,-5.3
2024-06-04 22:15,0.433,5.2,0.382,0.224,4.3,0.053,0.204,3.6,0.173,-0.1,4.6,-0.1,3.9,100,8453,65.06,-5.8
2024-06-04 22:30,0.433,5.2,0.381,0.224,4.3,0.052,0.204,3.5,0.17,-0.1,4.6,-0.1,3.9,100,8451,65.07,-6.3
2024-06-04 22:45,0.433,5.2,0.381,0.224,4.4,0.054,0.204,3.5,0.17,-0.1,4.6,-0.1,3.9,100,8450,65.08,-6.6
2024-06-04 23:00,0.433,5.2,0.381,0.224,4.4,0.053,0.204,3.5,0.169,-0.1,4.6,-0.1,3.9,100,8450,65.07,-7.4
2024-06-04 23:15,0.433,5.2,0.382,0.224,4.4,0.052,0.204,3.4,0.17,-0.1,4.6,-0.1,3.9,100,8446,65.07,-7.9
2024-06-04 23:30,0.433,5.2,0.381,0.224,4.4,0.055,0.204,3.4,0.171,-0.1,4.6,-0.1,3.9,100,8449,65.08,-8
2024-06-04 23:45,0.433,5.2,0.381,0.224,4.4,0.054,0.203,3.3,0.171,-0.1,4.6,-0.1,3.9,100,8447,65.08,-8.7
2024-06-05 00:00,0.433,5.2,0.381,0.224,4.4,0.054,0.203,3.3,0.169,-0.1,4.6,-0.1,3.9,100,8445,65.07,-9.3
2024-06-05 00:15,0.433,5.2,0.381,0.224,4.4,0.055,0.203,3.3,0.169,-0.1,4.6,-0.1,3.9,100,8388,65.06,-9.4
2024-06-05 00:30,0.433,5.2,0.38,0.224,4.4,0.056,0.203,3.2,0.171,-0.1,4.6,-0.1,3.9,100,8410,65.06,-10
2024-06-05 00:45,0.433,5.2,0.381,0.224,4.4,0.053,0.203,3.2,0.17,-0.1,4.6,-0.1,3.8,100,8404,65.05,-10.5
2024-06-05 01:00,0.433,5.2,0.38,0.224,4.4,0.054,0.203,3.1,0.17,-0.1,4.6,-0.1,3.8,100,8409,65.06,-10.8
2024-06-05 01:15,0.433,5.2,0.381,0.224,4.5,0.053,0.203,3.1,0.169,-0.1,4.6,-0.1,3.8,100,8410,65.05,-11.4
2024-06-05 01:30,0.433,5.2,0.381,0.224,4.5,0.055,0.203,3.1,0.169,-0.1,4.7,-0.1,3.8,100,8410,65.06,-11.6
2024-06-05 01:45,0.433,5.2,0.38,0.224,4.5,0.054,0.203,3,0.169,-0.1,4.7,-0.1,3.8,100,8412,65.06,-11.5
2024-06-05 02:00,0.433,5.2,0.381,0.224,4.5,0.054,0.203,3,0.168,-0.1,4.7,-0.1,3.8,100,8412,65.05,-11.7
2024-06-05 02:15,0.433,5.2,0.38,0.224,4.5,0.054,0.203,3,0.166,-0.1,4.7,-0.1,3.8,100,8415,65.04,-12
2024-06-05 02:30,0.433,5.2,0.38,0.224,4.5,0.055,0.203,2.9,0.167,-0.1,4.7,-0.1,3.8,100,8413,65.03,-12.3
2024-06-05 02:45,0.433,5.2,0.38,0.225,4.5,0.054,0.203,2.9,0.167,-0.1,4.7,-0.1,3.8,100,8412,65.02,-12.5
2024-06-05 03:00,0.433,5.2,0.381,0.225,4.5,0.055,0.203,2.9,0.167,-0.1,4.7,-0.1,3.7,100,8412,65.01,-12.8
2024-06-05 03:15,0.433,5.2,0.38,0.225,4.5,0.054,0.203,2.8,0.166,-0.1,4.7,-0.1,3.7,100,8412,65.02,-13
2024-06-05 03:30,0.433,5.2,0.38,0.225,4.5,0.053,0.203,2.8,0.167,-0.1,4.7,-0.1,3.7,100,8413,65.01,-13.5
2024-06-05 03:45,0.433,5.2,0.379,0.225,4.5,0.053,0.203,2.8,0.167,-0.1,4.7,-0.1,3.7,100,8412,64.99,-13.6
2024-06-05 04:00,0.433,5.2,0.38,0.225,4.5,0.054,0.203,2.7,0.166,-0.1,4.7,-0.1,3.7,100,8414,64.99,-13.2
2024-06-05 04:15,0.433,5.2,0.38,0.225,4.5,0.055,0.203,2.7,0.166,-0.1,4.7,-0.1,3.7,100,8413,64.98,-13.4
2024-06-05 04:30,0.433,5.2,0.38,0.225,4.5,0.054,0.202,2.6,0.168,-0.1,4.7,-0.1,3.7,100,8402,64.98,-13.7
2024-06-05 04:45,0.433,5.3,0.379,0.225,4.5,0.054,0.202,2.6,0.167,-0.1,4.7,-0.1,3.7,100,8406,64.98,-14
2024-06-05 05:00,0.433,5.3,0.379,0.225,4.5,0.053,0.202,2.6,0.166,-0.1,4.7,-0.1,3.6,100,8403,64.98,-13.9
2024-06-05 05:15,0.433,5.3,0.379,0.225,4.5,0.053,0.202,2.5,0.166,-0.1,4.7,-0.1,3.6,100,8406,64.99,-14.2
2024-06-05 05:30,0.433,5.3,0.379,0.225,4.5,0.056,0.202,2.5,0.166,-0.1,4.7,-0.1,3.6,100,8395,64.98,-14.7
2024-06-05 05:45,0.433,5.3,0.379,0.225,4.5,0.054,0.202,2.5,0.165,-0.1,4.7,-0.1,3.6,100,8400,64.97,-15
2024-06-05 06:00,0.433,5.3,0.38,0.225,4.5,0.052,0.202,2.4,0.165,-0.1,4.7,-0.1,3.6,100,8403,64.98,-15.2
2024-06-05 06:15,0.433,5.3,0.379,0.225,4.5,0.053,0.202,2.4,0.165,-0.1,4.7,-0.1,3.6,100,8401,64.99,-15.5
2024-06-05 06:30,0.433,5.3,0.379,0.225,4.5,0.054,0.202,2.4,0.163,-0.1,4.7,-0.1,3.6,100,8395,64.99,-15.9
2024-06-05 06:45,0.433,5.3,0.379,0.225,4.5,0.055,0.202,2.4,0.165,-0.1,4.7,-0.1,3.5,100,8396,64.99,-16.2
2024-06-05 07:00,0.433,5.3,0.378,0.225,4.5,0.054,0.202,2.3,0.163,-0.1,4.7,-0.1,3.5,100,8398,65,-16.4
2024-06-05 07:15,0.433,5.3,0.379,0.225,4.5,0.052,0.202,2.3,0.164,-0.1,4.7,-0.1,3.5,100,8396,65,-16.2
2024-06-05 07:30,0.433,5.3,0.379,0.225,4.5,0.053,0.202,2.3,0.163,-0.1,4.7,-0.1,3.5,100,8406,65.01,-16
2024-06-05 07:45,0.433,5.3,0.379,0.225,4.5,0.053,0.202,2.2,0.165,-0.1,4.7,-0.1,3.5,100,8444,65.03,-15.3
2024-06-05 08:00,0.433,5.3,0.377,0.225,4.4,0.053,0.202,2.2,0.163,-0.1,4.7,-0.1,3.5,100,8488,65.05,-13.1
2024-06-05 08:15,0.433,5.3,0.377,0.225,4.4,0.052,0.202,2.2,0.161,-0.1,4.7,-0.1,3.4,100,8533,65.08,-10.4
2024-06-05 08:30,0.433,5.3,0.377,0.225,4.4,0.055,0.202,2.2,0.162,-0.1,4.7,-0.1,3.4,100,8573,65.1,-7.9
2024-06-05 08:45,0.433,5.3,0.378,0.225,4.4,0.053,0.202,2.1,0.163,-0.1,4.7,-0.1,3.4,100,8615,65.12,-5.9
2024-06-05 09:00,0.433,5.3,0.378,0.225,4.4,0.053,0.201,2.1,0.163,-0.1,4.7,-0.1,3.4,100,8652,65.14,-3.6
2024-06-05 09:15,0.433,5.3,0.377,0.224,4.4,0.052,0.201,2.1,0.163,-0.1,4.7,-0.1,3.4,100,8686,65.15,-1.4
2024-06-05 09:30,0.433,5.3,0.378,0.224,4.4,0.052,0.202,2.1,0.163,-0.1,4.7,-0.1,3.4,100,8708,65.16,0.3
2024-06-05 09:45,0.433,5.3,0.377,0.224,4.4,0.052,0.201,2,0.163,-0.1,4.7,-0.1,3.4,100,8722,65.18,2.2
2024-06-05 10:00,0.433,5.3,0.378,0.224,4.4,0.052,0.201,2,0.163,-0.1,4.7,-0.1,3.3,100,8731,65.18,4.4
2024-06-05 10:15,0.433,5.3,0.378,0.224,4.4,0.051,0.201,2,0.161,-0.1,4.7,-0.1,3.3,100,8733,65.19,5.6
2024-06-05 10:30,0.433,5.3,0.377,0.224,4.4,0.052,0.201,2,0.162,-0.1,4.7,-0.1,3.3,100,8741,65.18,6.2
2024-06-05 10:45,0.433,5.3,0.378,0.224,4.4,0.052,0.201,1.9,0.163,-0.1,4.7,-0.1,3.3,100,8747,65.17,7.1
2024-06-05 11:00,0.433,5.3,0.379,0.224,4.4,0.051,0.201,1.9,0.163,-0.1,4.7,-0.1,3.3,100,8744,65.18,8.8
2024-06-05 11:15,0.433,5.3,0.376,0.224,4.4,0.051,0.202,1.9,0.163,-0.1,4.7,-0.1,3.3,100,8738,65.17,10.6
2024-06-05 11:30,0.433,5.3,0.377,0.224,4.4,0.051,0.202,1.9,0.163,-0.1,4.7,-0.1,3.3,100,8725,65.16,12.1
2024-06-05 11:45,0.433,5.3,0.377,0.224,4.4,0.052,0.202,1.9,0.162,-0.1,4.7,-0.1,3.2,100,8714,65.15,13.4
2024-06-05 12:00,0.433,5.3,0.376,0.224,4.4,0.051,0.202,1.9,0.163,-0.1,4.7,-0.1,3.2,100,8703,65.13,14.7
2024-06-05 12:15,0.433,5.3,0.377,0.224,4.4,0.053,0.202,1.8,0.163,-0.1,4.7,-0.1,3.2,100,8687,65.11,16.2
2024-06-05 12:30,0.433,5.3,0.377,0.224,4.3,0.053,0.202,1.8,0.163,-0.1,4.7,-0.1,3.2,100,8678,65.09,16.6
2024-06-05 12:45,0.433,5.3,0.377,0.224,4.3,0.052,0.202,1.8,0.163,-0.1,4.7,-0.1,3.2,100,8655,65.07,16.7
2024-06-05 13:00,0.433,5.3,0.377,0.224,4.3,0.051,0.202,1.8,0.164,-0.1,4.7,-0.1,3.2,100,8658,65.06,16.6
2024-06-05 13:15,0.433,5.3,0.376,0.224,4.3,0.05,0.202,1.8,0.164,-0.1,4.7,-0.1,3.2,100,8659,65.04,16.8
2024-06-05 13:30,0.433,5.3,0.377,0.224,4.3,0.051,0.202,1.8,0.163,-0.1,4.7,-0.1,3.1,100,8652,65.02,17.8
2024-06-05 13:45,0.433,5.3,0.377,0.224,4.3,0.052,0.203,1.8,0.164,-0.1,4.7,-0.1,3.1,100,8645,65,19.1
2024-06-05 14:00,0.433,5.3,0.377,0.224,4.3,0.051,0.203,1.8,0.163,-0.1,4.7,-0.1,3.1,100,8632,64.97,21
2024-06-05 14:15,0.433,5.3,0.377,0.224,4.3,0.05,0.204,1.8,0.164,-0.1,4.7,-0.1,3.1,100,8614,64.94,22.4
2024-06-05 14:30,0.433,5.3,0.377,0.224,4.3,0.051,0.204,1.7,0.165,-0.1,4.7,-0.1,3.1,100,8601,64.92,22.2
2024-06-05 14:45,0.433,5.3,0.379,0.224,4.3,0.051,0.205,1.7,0.164,-0.1,4.7,-0.1,3.1,100,8589,64.9,22.1
2024-06-05 15:00,0.433,5.3,0.376,0.224,4.3,0.051,0.205,1.8,0.166,-0.1,4.7,-0.1,3.1,100,8580,64.89,21.9
2024-06-05 15:15,0.433,5.3,0.379,0.224,4.3,0.051,0.206,1.8,0.169,-0.1,4.7,-0.1,3.1,100,8573,64.87,21.3
2024-06-05 15:30,0.433,5.3,0.379,0.224,4.3,0.051,0.207,1.8,0.171,-0.1,4.7,-0.1,3.1,100,8569,64.87,20.6
2024-06-05 15:45,0.433,5.3,0.378,0.223,4.3,0.051,0.207,1.9,0.168,-0.1,4.7,-0.1,3.1,100,8566,64.87,19.8
2024-06-05 16:00,0.433,5.3,0.378,0.223,4.2,0.051,0.207,2,0.171,-0.1,4.7,-0.1,3.1,100,8567,64.87,19.1
2024-06-05 16:15,0.433,5.3,0.378,0.223,4.2,0.051,0.208,2.1,0.172,-0.1,4.7,-0.1,3.1,100,8561,64.88,18.3
2024-06-05 16:30,0.433,5.3,0.379,0.223,4.2,0.053,0.208,2.2,0.174,-0.1,4.6,-0.1,3.1,100,8560,64.88,17.6
2024-06-05 16:45,0.433,5.3,0.38,0.224,4.2,0.052,0.207,2.4,0.174,-0.1,4.6,-0.1,3.1,100,8555,64.89,16.9
2024-06-05 17:00,0.433,5.3,0.38,0.224,4.2,0.052,0.207,2.5,0.172,-0.1,4.6,-0.1,3.1,100,8551,64.89,16.1
2024-06-05 17:15,0.433,5.3,0.38,0.224,4.2,0.051,0.207,2.7,0.174,-0.1,4.6,-0.1,3.1,100,8544,64.89,15.2
2024-06-05 17:30,0.433,5.3,0.379,0.224,4.2,0.051,0.207,2.8,0.174,-0.1,4.6,-0.1,3.2,100,8530,64.89,14.1
2024-06-05 17:45,0.433,5.3,0.38,0.224,4.2,0.053,0.207,2.9,0.175,-0.1,4.6,-0.1,3.2,100,8517,64.89,12.5
2024-06-05 18:00,0.433,5.3,0.38,0.224,4.2,0.051,0.207,3,0.175,-0.1,4.6,-0.1,3.2,100,8507,64.91,10.6
2024-06-05 18:15,0.433,5.3,0.38,0.224,4.2,0.05,0.206,3.1,0.175,-0.1,4.6,-0.1,3.3,100,8498,64.93,8.9
2024-06-05 18:30,0.433,5.3,0.38,0.224,4.2,0.051,0.206,3.2,0.175,-0.1,4.6,-0.1,3.3,100,8494,64.95,8.3
2024-06-05 18:45,0.433,5.3,0.38,0.224,4.2,0.05,0.206,3.3,0.175,-0.1,4.6,-0.1,3.4,100,8491,64.97,7.4
2024-06-05 19:00,0.433,5.3,0.38,0.224,4.2,0.051,0.206,3.4,0.174,-0.1,4.6,-0.1,3.4,100,8485,64.97,5.4
2024-06-05 19:15,0.433,5.3,0.381,0.224,4.2,0.052,0.206,3.4,0.175,-0.1,4.6,-0.1,3.4,100,8481,64.97,4
2024-06-05 19:30,0.433,5.3,0.38,0.224,4.2,0.051,0.206,3.5,0.175,-0.1,4.6,-0.1,3.5,100,8474,64.98,2.6
2024-06-05 19:45,0.433,5.2,0.38,0.224,4.2,0.052,0.206,3.5,0.175,-0.1,4.6,-0.1,3.5,100,8473,64.99,1.1
2024-06-05 20:00,0.433,5.2,0.381,0.224,4.2,0.053,0.206,3.5,0.175,-0.1,4.6,-0.1,3.6,100,8470,65,0.4
2024-06-05 20:15,0.433,5.2,0.381,0.224,4.3,0.052,0.206,3.5,0.174,-0.1,4.6,-0.1,3.6,100,8464,65.01,-0.4
2024-06-05 20:30,0.433,5.2,0.382,0.224,4.3,0.052,0.205,3.5,0.175,-0.1,4.6,-0.1,3.6,100,8461,65.03,-0.6
2024-06-05 20:45,0.433,5.2,0.381,0.224,4.3,0.053,0.205,3.5,0.175,-0.1,4.6,-0.1,3.6,100,8462,65.04,-1.1
2024-06-05 21:00,0.433,5.2,0.38,0.224,4.3,0.052,0.205,3.5,0.175,-0.1,4.6,-0.1,3.7,100,8460,65.04,-1.7
2024-06-05 21:15,0.433,5.2,0.381,0.224,4.3,0.053,0.205,3.4,0.174,-0.1,4.6,-0.1,3.7,100,8456,65.05,-2.2
2024-06-05 21:30,0.433,5.2,0.381,0.224,4.3,0.054,0.205,3.4,0.175,-0.1,4.6,-0.1,3.7,100,8456,65.05,-2.7
2024-06-05 21:45,0.433,5.2,0.381,0.224,4.3,0.054,0.205,3.4,0.174,-0.1,4.6,-0.1,3.7,100,8456,65.05,-3.7
2024-06-05 22:00,0.433,5.2,0.38,0.224,4.3,0.053,0.204,3.4,0.174,-0.1,4.6,-0.1,3.7,100,8452,65.05,-4.3
2024-06-05 22:15,0.433,5.2,0.381,0.224,4.3,0.054,0.204,3.3,0.174,-0.1,4.6,-0.1,3.7,100,8451,65.06,-5.1
2024-06-05 22:30,0.433,5.2,0.38,0.224,4.4,0.054,0.204,3.3,0.172,-0.1,4.6,-0.1,3.7,100,8447,65.07,-5.8
2024-06-05 22:45,0.433,5.2,0.381,0.224,4.4,0.055,0.204,3.2,0.173,-0.1,4.6,-0.1,3.7,100,8445,65.07,-6.4
2024-06-05 23:00,0.433,5.2,0.38,0.224,4.4,0.055,0.204,3.2,0.171,-0.1,4.6,-0.1,3.7,100,8444,65.07,-7.4
2024-06-05 23:15,0.433,5.2,0.381,0.224,4.4,0.054,0.204,3.2,0.172,-0.1,4.6,-0.1,3.7,100,8444,65.07,-7.8
2024-06-05 23:30,0.433,5.2,0.38,0.224,4.4,0.053,0.204,3.2,0.173,-0.1,4.6,-0.1,3.7,100,8445,65.07,-8
2024-06-05 23:45,0.433,5.2,0.381,0.225,4.4,0.053,0.204,3.1,0.171,-0.1,4.6,-0.1,3.7,100,8443,65.06,-8.1
2024-06-06 00:00,0.433,5.2,0.381,0.225,4.4,0.055,0.204,3.1,0.171,-0.1,4.7,-0.1,3.7,100,8443,65.06,-8.4
2024-06-06 00:15,0.433,5.2,0.38,0.225,4.4,0.055,0.204,3.1,0.171,-0.1,4.7,-0.1,3.7,100,8382,65.05,-8.6
2024-06-06 00:30,0.433,5.2,0.38,0.225,4.4,0.054,0.203,3,0.173,-0.1,4.7,-0.1,3.7,100,8403,65.04,-9.1
2024-06-06 00:45,0.433,5.2,0.38,0.225,4.4,0.054,0.203,3,0.172,-0.1,4.7,-0.1,3.7,100,8408,65.03,-9.1
2024-06-06 01:00,0.433,5.2,0.381,0.225,4.4,0.053,0.203,3,0.173,-0.1,4.7,-0.1,3.7,100,8410,65.02,-9.7
2024-06-06 01:15,0.433,5.2,0.38,0.225,4.4,0.053,0.203,2.9,0.17,-0.1,4.7,-0.1,3.7,100,8414,65.02,-10.4
2024-06-06 01:30,0.433,5.2,0.38,0.225,4.4,0.055,0.203,2.9,0.17,-0.1,4.7,-0.1,3.7,100,8412,65.02,-11
2024-06-06 01:45,0.433,5.3,0.38,0.225,4.4,0.053,0.203,2.9,0.17,-0.1,4.7,-0.1,3.7,100,8414,65.02,-11.2
2024-06-06 02:00,0.433,5.3,0.38,0.225,4.4,0.055,0.203,2.8,0.17,-0.1,4.7,-0.1,3.7,100,8412,65.01,-11.4
2024-06-06 02:15,0.433,5.3,0.38,0.225,4.4,0.055,0.203,2.8,0.17,-0.1,4.7,-0.1,3.7,100,8415,65.01,-11.7
2024-06-06 02:30,0.433,5.3,0.38,0.225,4.4,0.055,0.203,2.8,0.169,-0.1,4.7,-0.1,3.7,100,8413,65,-12.1
2024-06-06 02:45,0.433,5.3,0.38,0.225,4.4,0.056,0.203,2.7,0.169,-0.1,4.7,-0.1,3.7,100,8414,64.99,-11.7
2024-06-06 03:00,0.433,5.3,0.38,0.225,4.4,0.056,0.203,2.7,0.168,-0.1,4.7,-0.1,3.7,100,8415,64.99,-11.5
2024-06-06 03:15,0.433,5.3,0.38,0.225,4.4,0.054,0.203,2.7,0.167,-0.1,4.7,-0.1,3.6,100,8412,64.97,-12
2024-06-06 03:30,0.433,5.3,0.38,0.225,4.4,0.056,0.203,2.6,0.168,-0.1,4.7,-0.1,3.6,100,8412,64.96,-12.4
2024-06-06 03:45,0.433,5.3,0.379,0.225,4.4,0.055,0.203,2.6,0.168,-0.1,4.7,-0.1,3.6,100,8413,64.96,-12.4
2024-06-06 04:00,0.433,5.3,0.38,0.225,4.4,0.054,0.203,2.6,0.167,-0.1,4.7,-0.1,3.6,100,8413,64.95,-12.8
2024-06-06 04:15,0.433,5.3,0.38,0.225,4.4,0.055,0.203,2.6,0.168,-0.1,4.7,-0.1,3.6,100,8415,64.95,-13.2
2024-06-06 04:30,0.433,5.3,0.379,0.225,4.4,0.056,0.203,2.5,0.167,-0.1,4.7,-0.1,3.6,100,8404,64.94,-13.4
2024-06-06 04:45,0.433,5.3,0.38,0.225,4.4,0.055,0.203,2.5,0.168,-0.1,4.7,-0.1,3.6,100,8408,64.94,-13.3
2024-06-06 05:00,0.433,5.3,0.379,0.225,4.4,0.055,0.203,2.5,0.168,-0.1,4.7,-0.1,3.6,100,8409,64.95,-13.5
2024-06-06 05:15,0.433,5.3,0.38,0.225,4.4,0.055,0.203,2.4,0.169,-0.1,4.7,-0.1,3.5,100,8403,64.95,-13.1
2024-06-06 05:30,0.433,5.3,0.379,0.225,4.4,0.056,0.203,2.4,0.168,-0.1,4.7,-0.1,3.5,100,8403,64.96,-13.2
2024-06-06 05:45,0.433,5.3,0.38,0.225,4.4,0.054,0.202,2.4,0.168,-0.1,4.7,-0.1,3.5,100,8406,64.96,-13.6
2024-06-06 06:00,0.433,5.3,0.379,0.225,4.4,0.056,0.202,2.4,0.168,-0.1,4.7,-0.1,3.5,100,8405,64.97,-14
2024-06-06 06:15,0.433,5.3,0.38,0.225,4.4,0.054,0.203,2.3,0.167,-0.1,4.7,-0.1,3.5,100,8396,64.97,-14
2024-06-06 06:30,0.433,5.3,0.38,0.225,4.4,0.054,0.203,2.3,0.169,-0.1,4.7,-0.1,3.5,100,8398,64.98,-14
2024-06-06 06:45,0.433,5.3,0.38,0.225,4.4,0.054,0.202,2.3,0.167,-0.1,4.7,-0.1,3.5,100,8402,64.98,-14.2
2024-06-06 07:00,0.433,5.3,0.378,0.225,4.4,0.053,0.202,2.3,0.167,-0.1,4.7,-0.1,3.4,100,8401,64.99,-14.4
2024-06-06 07:15,0.433,5.3,0.379,0.225,4.4,0.055,0.202,2.2,0.167,-0.1,4.7,-0.1,3.4,100,8403,65,-14.7
2024-06-06 07:30,0.433,5.3,0.379,0.225,4.4,0.053,0.202,2.2,0.167,-0.1,4.7,-0.1,3.4,100,8410,65.01,-14.8
2024-06-06 07:45,0.433,5.3,0.379,0.225,4.4,0.054,0.202,2.2,0.166,-0.1,4.7,-0.1,3.4,100,8446,65.02,-14
2024-06-06 08:00,0.433,5.3,0.38,0.225,4.4,0.054,0.202,2.2,0.165,-0.1,4.7,-0.1,3.4,100,8488,65.04,-11.5
2024-06-06 08:15,0.433,5.3,0.379,0.225,4.4,0.053,0.202,2.1,0.165,-0.1,4.7,-0.1,3.4,100,8532,65.06,-9
2024-06-06 08:30,0.433,5.3,0.379,0.225,4.4,0.053,0.202,2.1,0.165,-0.1,4.7,-0.1,3.4,100,8565,65.08,-6.8
2024-06-06 08:45,0.433,5.3,0.379,0.225,4.4,0.055,0.202,2.1,0.165,-0.1,4.7,-0.1,3.4,100,8606,65.09,-4.6
2024-06-06 09:00,0.433,5.3,0.38,0.225,4.4,0.054,0.202,2.1,0.166,-0.1,4.7,-0.1,3.3,100,8639,65.11,-2.5
2024-06-06 09:15,0.433,5.3,0.379,0.224,4.4,0.054,0.202,2,0.165,-0.1,4.7,-0.1,3.3,100,8668,65.13,-0.3
2024-06-06 09:30,0.433,5.3,0.378,0.224,4.4,0.053,0.202,2,0.164,-0.1,4.7,-0.1,3.3,100,8692,65.14,1.4
2024-06-06 09:45,0.433,5.3,0.379,0.224,4.4,0.053,0.202,2,0.164,-0.1,4.7,-0.1,3.3,100,8714,65.15,2.7
2024-06-06 10:00,0.433,5.3,0.378,0.224,4.4,0.052,0.202,2,0.164,-0.1,4.7,-0.1,3.3,100,8728,65.16,4.2
2024-06-06 10:15,0.433,5.3,0.378,0.224,4.4,0.053,0.202,2,0.165,-0.1,4.7,-0.1,3.3,100,8738,65.17,5.3
2024-06-06 10:30,0.433,5.3,0.379,0.224,4.4,0.053,0.202,1.9,0.163,-0.1,4.7,-0.1,3.3,100,8740,65.17,6.4
2024-06-06 10:45,0.433,5.3,0.377,0.224,4.4,0.052,0.202,1.9,0.164,-0.1,4.7,-0.1,3.3,100,8745,65.18,7.9
2024-06-06 11:00,0.433,5.3,0.378,0.224,4.4,0.051,0.202,1.9,0.163,-0.1,4.7,-0.1,3.2,100,8742,65.17,9.3
2024-06-06 11:15,0.433,5.3,0.379,0.224,4.3,0.051,0.202,1.9,0.164,-0.1,4.7,-0.1,3.2,100,8735,65.16,10.7
2024-06-06 11:30,0.433,5.3,0.378,0.223,4.3,0.051,0.202,1.9,0.164,-0.1,4.7,-0.1,3.2,100,8723,65.15,12.5
2024-06-06 11:45,0.433,5.3,0.378,0.223,4.3,0.053,0.202,1.9,0.165,-0.1,4.7,-0.1,3.2,100,8713,65.14,14.2
2024-06-06 12:00,0.433,5.3,0.378,0.224,4.3,0.052,0.202,1.8,0.163,-0.1,4.7,-0.1,3.2,100,8700,65.12,15.4
2024-06-06 12:15,0.433,5.3,0.379,0.223,4.3,0.052,0.202,1.8,0.165,-0.1,4.7,-0.1,3.2,100,8687,65.11,16.1
2024-06-06 12:30,0.433,5.3,0.378,0.223,4.3,0.051,0.202,1.8,0.164,-0.1,4.7,-0.1,3.2,100,8675,65.09,16.7
2024-06-06 12:45,0.433,5.3,0.377,0.223,4.3,0.051,0.203,1.8,0.164,-0.1,4.7,-0.1,3.2,100,8655,65.07,17.8
2024-06-06 13:00,0.433,5.3,0.378,0.223,4.3,0.052,0.202,1.8,0.165,-0.1,4.7,-0.1,3.1,100,8651,65.05,19.1
2024-06-06 13:15,0.433,5.3,0.379,0.223,4.3,0.051,0.203,1.8,0.165,-0.1,4.7,-0.1,3.1,100,8640,65.02,20.6
2024-06-06 13:30,0.433,5.3,0.378,0.223,4.3,0.052,0.203,1.8,0.164,-0.1,4.7,-0.1,3.1,100,8621,64.99,22
2024-06-06 13:45,0.433,5.3,0.378,0.223,4.3,0.051,0.203,1.8,0.164,-0.1,4.7,-0.1,3.1,100,8606,64.97,22.3
2024-06-06 14:00,0.433,5.3,0.379,0.223,4.3,0.051,0.204,1.8,0.166,-0.1,4.7,-0.1,3.1,100,8595,64.95,22.8
2024-06-06 14:15,0.433,5.3,0.378,0.224,4.3,0.053,0.204,1.8,0.169,-0.1,4.7,-0.1,3.1,100,8583,64.93,23.1
2024-06-06 14:30,0.433,5.3,0.378,0.224,4.3,0.052,0.205,1.8,0.17,-0.1,4.7,-0.1,3.1,100,8569,64.91,23.3
2024-06-06 14:45,0.433,5.3,0.379,0.224,4.3,0.052,0.206,1.8,0.172,-0.1,4.7,-0.1,3.1,100,8562,64.9,23.4
2024-06-06 15:00,0.433,5.3,0.379,0.224,4.2,0.053,0.206,1.8,0.17,-0.1,4.7,-0.1,3.1,100,8555,64.89,23.4
2024-06-06 15:15,0.433,5.3,0.379,0.224,4.2,0.052,0.207,1.9,0.17,-0.1,4.7,-0.1,3.1,100,8545,64.88,23.2
2024-06-06 15:30,0.433,5.3,0.379,0.224,4.2,0.051,0.208,2,0.174,-0.1,4.7,-0.1,3.1,100,8542,64.87,22.9
2024-06-06 15:45,0.433,5.3,0.379,0.224,4.2,0.049,0.207,2.1,0.174,-0.1,4.6,-0.1,3.1,100,8538,64.87,22.5
2024-06-06 16:00,0.433,5.3,0.379,0.224,4.2,0.051,0.208,2.2,0.174,-0.1,4.6,-0.1,3.1,100,8534,64.86,21.8
2024-06-06 16:15,0.433,5.3,0.379,0.224,4.2,0.053,0.208,2.4,0.176,-0.1,4.6,-0.1,3.1,100,8527,64.87,21.1
2024-06-06 16:30,0.433,5.3,0.38,0.224,4.2,0.052,0.208,2.5,0.176,-0.1,4.6,-0.1,3.1,100,8524,64.88,19.8
2024-06-06 16:45,0.433,5.3,0.38,0.224,4.2,0.051,0.208,2.7,0.176,-0.1,4.6,-0.1,3.1,100,8518,64.89,18.6
2024-06-06 17:00,0.433,5.3,0.381,0.224,4.2,0.05,0.207,2.8,0.178,-0.1,4.6,-0.1,3.2,100,8512,64.9,17.3
2024-06-06 17:15,0.433,5.3,0.38,0.224,4.2,0.051,0.207,3,0.179,-0.1,4.6,-0.1,3.2,100,8507,64.91,15.6
2024-06-06 17:30,0.433,5.3,0.38,0.224,4.2,0.051,0.207,3.1,0.18,-0.1,4.6,-0.1,3.2,100,8497,64.92,13.6
2024-06-06 17:45,0.433,5.3,0.38,0.224,4.2,0.052,0.207,3.3,0.178,-0.1,4.6,-0.1,3.3,100,8482,64.93,11.1
2024-06-06 18:00,0.433,5.3,0.38,0.224,4.2,0.051,0.207,3.4,0.18,-0.1,4.6,-0.1,3.3,100,8478,64.93,9.3
2024-06-06 18:15,0.433,5.3,0.381,0.224,4.2,0.052,0.206,3.5,0.178,-0.1,4.6,-0.1,3.4,100,8473,64.94,7.5
2024-06-06 18:30,0.433,5.2,0.38,0.225,4.2,0.051,0.206,3.6,0.179,-0.1,4.6,-0.1,3.4,100,8466,64.95,6
2024-06-06 18:45,0.433,5.2,0.381,0.225,4.2,0.053,0.206,3.7,0.179,-0.1,4.6,-0.1,3.5,100,8460,64.96,4.9
2024-06-06 19:00,0.433,5.2,0.38,0.225,4.2,0.053,0.206,3.8,0.179,-0.1,4.6,-0.1,3.5,100,8458,64.97,4.5
2024-06-06 19:15,0.433,5.2,0.381,0.225,4.2,0.053,0.206,3.8,0.178,-0.1,4.6,-0.1,3.6,100,8452,64.98,4.2
2024-06-06 19:30,0.433,5.2,0.381,0.225,4.2,0.052,0.205,3.8,0.179,-0.1,4.6,-0.1,3.6,100,8454,64.99,3.9
2024-06-06 19:45,0.433,5.2,0.381,0.225,4.2,0.054,0.205,3.9,0.179,-0.1,4.6,-0.1,3.7,100,8448,65,2.7
2024-06-06 20:00,0.433,5.2,0.38,0.225,4.3,0.055,0.205,3.9,0.178,-0.1,4.6,-0.1,3.7,100,8445,65.01,1.5
2024-06-06 20:15,0.433,5.2,0.38,0.225,4.3,0.055,0.205,3.9,0.179,-0.1,4.6,-0.1,3.7,100,8445,65.02,0.9
2024-06-06 20:30,0.433,5.2,0.38,0.225,4.3,0.054,0.205,3.9,0.179,-0.1,4.6,-0.1,3.8,100,8444,65.03,0.2
2024-06-06 20:45,0.433,5.2,0.381,0.225,4.3,0.055,0.205,3.8,0.179,-0.1,4.6,-0.1,3.8,100,8436,65.04,-0.7
2024-06-06 21:00,0.433,5.2,0.38,0.225,4.3,0.054,0.205,3.8,0.178,-0.1,4.6,-0.1,3.8,100,8434,65.04,-2
2024-06-06 21:15,0.433,5.2,0.381,0.225,4.3,0.055,0.205,3.8,0.177,-0.1,4.6,-0.1,3.9,100,8431,65.04,-2.9
2024-06-06 21:30,0.433,5.2,0.381,0.226,4.3,0.056,0.205,3.8,0.177,-0.1,4.6,-0.1,3.9,100,8428,65.04,-3.4
2024-06-06 21:45,0.433,5.2,0.381,0.226,4.4,0.055,0.204,3.7,0.175,-0.1,4.6,-0.1,3.9,100,8429,65.05,-3.8
2024-06-06 22:00,0.433,5.2,0.381,0.226,4.4,0.053,0.205,3.7,0.178,-0.1,4.6,-0.1,3.9,100,8428,65.05,-4.6
2024-06-06 22:15,0.433,5.2,0.38,0.226,4.4,0.055,0.205,3.6,0.177,-0.1,4.6,-0.1,3.9,100,8421,65.05,-5.4
2024-06-06 22:30,0.433,5.2,0.381,0.226,4.4,0.054,0.204,3.6,0.176,-0.1,4.6,-0.1,3.9,100,8423,65.05,-5.9
2024-06-06 22:45,0.433,5.2,0.381,0.226,4.4,0.056,0.204,3.6,0.175,-0.1,4.6,-0.1,3.9,100,8422,65.06,-6.4
2024-06-06 23:00,0.433,5.2,0.38,0.226,4.4,0.055,0.204,3.5,0.175,-0.1,4.6,-0.1,3.9,100,8422,65.06,-6.8
2024-06-06 23:15,0.433,5.2,0.38,0.226,4.4,0.055,0.204,3.5,0.175,-0.1,4.7,-0.1,3.9,100,8420,65.06,-7
2024-06-06 23:30,0.433,5.2,0.38,0.226,4.4,0.056,0.204,3.4,0.174,-0.1,4.7,-0.1,3.9,100,8423,65.06,-7.4
2024-06-06 23:45,0.433,5.2,0.381,0.226,4.4,0.056,0.204,3.4,0.175,-0.1,4.7,-0.1,3.9,100,8420,65.06,-8
2024-06-07 00:00,0.433,5.2,0.381,0.226,4.5,0.055,0.204,3.3,0.175,-0.1,4.7,-0.1,3.9,100,8418,65.06,-8.5
2024-06-07 00:15,0.433,5.2,0.381,0.226,4.5,0.056,0.204,3.3,0.175,-0.1,4.7,-0.1,3.9,100,8355,65.07,-8.5
2024-06-07 00:30,0.433,5.2,0.381,0.226,4.5,0.056,0.204,3.3,0.173,-0.1,4.7,-0.1,3.9,100,8380,65.06,-8.6
2024-06-07 00:45,0.433,5.2,0.38,0.226,4.5,0.057,0.204,3.2,0.173,-0.1,4.7,-0.1,3.9,100,8385,65.06,-9
2024-06-07 01:00,0.433,5.2,0.38,0.226,4.5,0.056,0.204,3.2,0.171,-0.1,4.7,-0.1,3.9,100,8387,65.06,-9.4
2024-06-07 01:15,0.433,5.2,0.38,0.226,4.5,0.056,0.203,3.2,0.172,-0.1,4.7,-0.1,3.9,100,8389,65.06,-9.3
2024-06-07 01:30,0.433,5.3,0.381,0.226,4.5,0.056,0.203,3.1,0.173,-0.1,4.7,-0.1,3.9,100,8390,65.05,-9.4
2024-06-07 01:45,0.433,5.3,0.379,0.226,4.5,0.056,0.203,3.1,0.172,-0.1,4.7,-0.1,3.9,100,8390,65.05,-9.5
2024-06-07 02:00,0.433,5.3,0.38,0.226,4.5,0.056,0.203,3,0.171,-0.1,4.7,-0.1,3.9,100,8394,65.06,-9.4
2024-06-07 02:15,0.433,5.3,0.379,0.226,4.5,0.057,0.203,3,0.172,-0.1,4.7,-0.1,3.8,100,8390,65.06,-9.7
2024-06-07 02:30,0.433,5.3,0.38,0.226,4.5,0.057,0.203,3,0.172,-0.1,4.7,-0.1,3.8,100,8392,65.05,-9.9
2024-06-07 02:45,0.433,5.3,0.38,0.226,4.5,0.056,0.203,2.9,0.173,-0.1,4.7,-0.1,3.8,100,8392,65.05,-10.2
2024-06-07 03:00,0.433,5.3,0.38,0.226,4.5,0.056,0.203,2.9,0.173,-0.1,4.7,-0.1,3.8,100,8393,65.04,-10.7
2024-06-07 03:15,0.433,5.3,0.38,0.226,4.5,0.055,0.203,2.9,0.173,-0.1,4.7,-0.1,3.8,100,8392,65.04,-11.1
2024-06-07 03:30,0.433,5.3,0.38,0.226,4.5,0.056,0.203,2.8,0.17,-0.1,4.7,-0.1,3.8,100,8391,65.03,-11.2
2024-06-07 03:45,0.433,5.3,0.38,0.226,4.5,0.056,0.203,2.8,0.172,-0.1,4.7,-0.1,3.8,100,8390,65.02,-11.2
2024-06-07 04:00,0.433,5.3,0.38,0.226,4.5,0.056,0.203,2.8,0.172,-0.1,4.7,-0.1,3.7,100,8393,65.02,-11.1
2024-06-07 04:15,0.433,5.3,0.38,0.226,4.5,0.055,0.203,2.7,0.172,-0.1,4.7,-0.1,3.7,100,8381,65.01,-11.2
2024-06-07 04:30,0.433,5.3,0.38,0.226,4.5,0.056,0.203,2.7,0.172,-0.1,4.7,-0.1,3.7,100,8387,65,-11.4
2024-06-07 04:45,0.433,5.3,0.379,0.226,4.5,0.057,0.203,2.7,0.171,-0.1,4.7,-0.1,3.7,100,8384,65,-11.9
2024-06-07 05:00,0.433,5.3,0.38,0.226,4.5,0.056,0.203,2.6,0.17,-0.1,4.8,-0.1,3.7,100,8387,65,-12.2
2024-06-07 05:15,0.433,5.3,0.379,0.226,4.5,0.056,0.203,2.6,0.17,-0.1,4.8,-0.1,3.7,100,8388,65.01,-12.7
2024-06-07 05:30,0.433,5.3,0.379,0.226,4.5,0.057,0.202,2.6,0.17,-0.1,4.8,-0.1,3.7,100,8386,65.01,-12.9
2024-06-07 05:45,0.433,5.3,0.378,0.226,4.5,0.057,0.203,2.5,0.17,-0.1,4.8,-0.1,3.7,100,8380,65.02,-13.3
2024-06-07 06:00,0.433,5.3,0.379,0.226,4.5,0.057,0.203,2.5,0.169,-0.1,4.8,-0.1,3.6,100,8380,65.02,-13.4
2024-06-07 06:15,0.433,5.3,0.379,0.226,4.5,0.056,0.203,2.5,0.169,-0.1,4.8,-0.1,3.6,100,8380,65.03,-13.4
2024-06-07 06:30,0.433,5.3,0.379,0.226,4.5,0.055,0.203,2.5,0.169,-0.1,4.8,-0.1,3.6,100,8373,65.04,-13.6
2024-06-07 06:45,0.433,5.3,0.379,0.226,4.5,0.056,0.203,2.4,0.167,-0.1,4.8,-0.1,3.6,100,8380,65.06,-13.7
2024-06-07 07:00,0.433,5.3,0.378,0.226,4.5,0.056,0.202,2.4,0.169,-0.1,4.8,-0.1,3.6,100,8379,65.07,-13.9
2024-06-07 07:15,0.433,5.3,0.379,0.226,4.5,0.056,0.202,2.4,0.17,-0.1,4.8,-0.1,3.6,100,8379,65.07,-14
2024-06-07 07:30,0.433,5.3,0.379,0.226,4.5,0.054,0.202,2.4,0.169,-0.1,4.8,-0.1,3.6,100,8390,65.09,-13.8
2024-06-07 07:45,0.433,5.3,0.379,0.226,4.5,0.056,0.202,2.3,0.169,-0.1,4.8,-0.1,3.5,100,8418,65.1,-12.6
2024-06-07 08:00,0.433,5.3,0.378,0.226,4.5,0.056,0.202,2.3,0.168,-0.1,4.8,-0.1,3.5,100,8458,65.12,-10.1
2024-06-07 08:15,0.433,5.3,0.379,0.226,4.5,0.057,0.202,2.3,0.169,-0.1,4.8,-0.1,3.5,100,8499,65.14,-7.6
2024-06-07 08:30,0.433,5.3,0.379,0.226,4.5,0.055,0.202,2.2,0.17,-0.1,4.8,-0.1,3.5,100,8534,65.16,-4.8
2024-06-07 08:45,0.433,5.3,0.378,0.226,4.5,0.054,0.202,2.2,0.167,-0.1,4.8,-0.1,3.5,100,8568,65.19,-2.2
2024-06-07 09:00,0.433,5.3,0.379,0.226,4.5,0.056,0.202,2.2,0.168,-0.1,4.8,-0.1,3.4,100,8600,65.2,-0.1
2024-06-07 09:15,0.433,5.3,0.379,0.226,4.5,0.055,0.202,2.2,0.169,-0.1,4.8,-0.1,3.4,100,8627,65.22,2
2024-06-07 09:30,0.433,5.3,0.379,0.226,4.4,0.054,0.202,2.1,0.169,-0.1,4.8,-0.1,3.4,100,8650,65.23,3.8
2024-06-07 09:45,0.433,5.3,0.379,0.226,4.4,0.054,0.202,2.1,0.169,-0.1,4.8,-0.1,3.4,100,8669,65.23,5.1
2024-06-07 10:00,0.433,5.3,0.379,0.226,4.4,0.053,0.202,2.1,0.169,-0.1,4.8,-0.1,3.4,100,8690,65.23,6.2
2024-06-07 10:15,0.433,5.3,0.379,0.226,4.4,0.051,0.202,2.1,0.168,-0.1,4.8,-0.1,3.4,100,8693,65.24,7.9
2024-06-07 10:30,0.433,5.3,0.378,0.225,4.4,0.052,0.202,2,0.169,-0.1,4.7,-0.1,3.4,100,8696,65.24,9.4
2024-06-07 10:45,0.433,5.3,0.379,0.225,4.4,0.054,0.202,2,0.17,-0.1,4.7,-0.1,3.4,100,8698,65.22,11.5
2024-06-07 11:00,0.433,5.3,0.378,0.225,4.4,0.054,0.202,2,0.169,-0.1,4.7,-0.1,3.3,100,8691,65.21,13.2
2024-06-07 11:15,0.433,5.3,0.379,0.225,4.4,0.054,0.202,2,0.168,-0.1,4.7,-0.1,3.3,100,8685,65.19,14.1
2024-06-07 11:30,0.433,5.3,0.378,0.225,4.4,0.053,0.202,2,0.169,-0.1,4.7,-0.1,3.3,100,8682,65.17,14.2
2024-06-07 11:45,0.433,5.3,0.378,0.225,4.4,0.053,0.203,2,0.17,-0.1,4.7,-0.1,3.3,100,8681,65.15,14.8
2024-06-07 12:00,0.433,5.3,0.377,0.225,4.4,0.054,0.203,2,0.17,-0.1,4.7,-0.1,3.3,100,8679,65.14,15.8
2024-06-07 12:15,0.433,5.3,0.379,0.225,4.4,0.053,0.203,1.9,0.17,-0.1,4.7,-0.1,3.3,100,8671,65.12,17.2
2024-06-07 12:30,0.433,5.3,0.379,0.225,4.4,0.053,0.203,1.9,0.169,-0.1,4.7,-0.1,3.3,100,8663,65.1,18.4
2024-06-07 12:45,0.433,5.3,0.377,0.225,4.4,0.053,0.203,1.9,0.17,-0.1,4.7,-0.1,3.2,100,8637,65.07,19.5
2024-06-07 13:00,0.433,5.3,0.379,0.225,4.4,0.052,0.203,1.9,0.17,-0.1,4.7,-0.1,3.2,100,8633,65.04,20.2
2024-06-07 13:15,0.433,5.3,0.378,0.225,4.4,0.054,0.203,1.9,0.17,-0.1,4.7,-0.1,3.2,100,8626,65.01,21.2
2024-06-07 13:30,0.433,5.3,0.377,0.225,4.4,0.053,0.204,1.9,0.17,-0.1,4.7,-0.1,3.2,100,8616,64.99,22.6
2024-06-07 13:45,0.433,5.3,0.377,0.225,4.3,0.053,0.204,1.9,0.17,-0.1,4.7,-0.1,3.2,100,8605,64.97,23.2
2024-06-07 14:00,0.433,5.3,0.378,0.225,4.3,0.052,0.205,1.9,0.17,-0.1,4.7,-0.1,3.2,100,8595,64.96,23.6
2024-06-07 14:15,0.433,5.3,0.378,0.226,4.3,0.052,0.205,1.9,0.171,-0.1,4.7,-0.1,3.2,100,8586,64.94,23.9
2024-06-07 14:30,0.433,5.3,0.377,0.225,4.3,0.054,0.206,1.9,0.171,-0.1,4.7,-0.1,3.2,100,8578,64.92,23.8
2024-06-07 14:45,0.433,5.3,0.379,0.226,4.3,0.054,0.207,1.9,0.175,-0.1,4.7,-0.1,3.2,100,8567,64.91,23.7
2024-06-07 15:00,0.433,5.3,0.379,0.226,4.3,0.053,0.207,2,0.174,-0.1,4.7,-0.1,3.1,100,8561,64.9,23.6
2024-06-07 15:15,0.433,5.3,0.378,0.226,4.3,0.054,0.207,2.1,0.175,-0.1,4.7,-0.1,3.1,100,8557,64.9,23.3
2024-06-07 15:30,0.433,5.3,0.38,0.226,4.3,0.054,0.208,2.2,0.176,-0.1,4.7,-0.1,3.1,100,8551,64.89,23
2024-06-07 15:45,0.433,5.3,0.379,0.226,4.3,0.053,0.208,2.3,0.176,-0.1,4.7,-0.1,3.2,100,8547,64.88,22.8
2024-06-07 16:00,0.433,5.3,0.38,0.226,4.3,0.054,0.207,2.5,0.177,-0.1,4.7,-0.1,3.2,100,8542,64.88,22.3
2024-06-07 16:15,0.433,5.3,0.378,0.226,4.3,0.054,0.207,2.6,0.179,-0.1,4.7,-0.1,3.2,100,8534,64.88,21.7
2024-06-07 16:30,0.433,5.3,0.38,0.226,4.3,0.054,0.207,2.8,0.179,-0.1,4.7,-0.1,3.2,100,8532,64.88,21
2024-06-07 16:45,0.433,5.3,0.38,0.226,4.3,0.054,0.207,2.9,0.179,-0.1,4.7,-0.1,3.3,100,8524,64.88,20.3
2024-06-07 17:00,0.433,5.3,0.379,0.225,4.3,0.054,0.207,3.1,0.178,-0.1,4.7,-0.1,3.3,100,8517,64.89,19.6
2024-06-07 17:15,0.433,5.3,0.379,0.225,4.3,0.054,0.207,3.2,0.179,-0.1,4.7,-0.1,3.3,100,8507,64.9,18.8
2024-06-07 17:30,0.433,5.3,0.38,0.226,4.3,0.054,0.207,3.4,0.181,-0.1,4.7,-0.1,3.4,100,8493,64.91,17.7
2024-06-07 17:45,0.433,5.3,0.38,0.226,4.3,0.054,0.207,3.5,0.18,-0.1,4.7,-0.1,3.4,100,8481,64.95,15.5
2024-06-07 18:00,0.433,5.3,0.38,0.226,4.3,0.054,0.206,3.6,0.18,-0.1,4.7,-0.1,3.4,100,8475,64.96,13.5
2024-06-07 18:15,0.433,5.3,0.38,0.226,4.3,0.055,0.206,3.7,0.18,-0.1,4.7,-0.1,3.5,100,8463,64.97,12.2
2024-06-07 18:30,0.433,5.3,0.38,0.226,4.3,0.053,0.206,3.8,0.18,-0.1,4.7,-0.1,3.6,100,8457,64.96,11.1
2024-06-07 18:45,0.433,5.3,0.38,0.226,4.3,0.055,0.206,3.9,0.179,-0.1,4.6,-0.1,3.6,100,8454,64.96,10.3
2024-06-07 19:00,0.433,5.3,0.38,0.226,4.3,0.054,0.206,4,0.18,-0.1,4.6,-0.1,3.6,100,8450,64.97,8.9
2024-06-07 19:15,0.433,5.3,0.38,0.226,4.3,0.054,0.206,4,0.181,-0.1,4.6,-0.1,3.7,100,8446,64.98,7.3
2024-06-07 19:30,0.433,5.3,0.379,0.226,4.3,0.053,0.206,4.1,0.182,-0.1,4.6,-0.1,3.7,100,8440,64.99,6.3
2024-06-07 19:45,0.433,5.3,0.379,0.226,4.3,0.056,0.205,4.1,0.18,-0.1,4.6,-0.1,3.8,100,8437,64.99,5.5
2024-06-07 20:00,0.433,5.3,0.38,0.226,4.3,0.057,0.205,4.1,0.18,-0.1,4.7,-0.1,3.8,100,8434,64.98,4
2024-06-07 20:15,0.433,5.3,0.379,0.226,4.3,0.056,0.205,4.1,0.179,-0.1,4.7,-0.1,3.9,100,8430,64.99,3.4
2024-06-07 20:30,0.433,5.3,0.379,0.226,4.4,0.056,0.205,4.1,0.18,-0.1,4.7,-0.1,3.9,100,8430,65,3
2024-06-07 20:45,0.433,5.3,0.379,0.226,4.4,0.056,0.205,4.1,0.179,-0.1,4.7,-0.1,3.9,100,8427,65.01,2.4
2024-06-07 21:00,0.433,5.3,0.38,0.226,4.4,0.056,0.205,4.1,0.178,-0.1,4.7,-0.1,4,100,8426,65.01,1.9
2024-06-07 21:15,0.433,5.3,0.379,0.226,4.4,0.056,0.205,4.1,0.18,-0.1,4.7,-0.1,4,100,8425,65.02,0.6
2024-06-07 21:30,0.433,5.3,0.379,0.226,4.4,0.056,0.205,4.1,0.18,-0.1,4.7,-0.1,4,100,8414,65.03,-1.1
2024-06-07 21:45,0.433,5.3,0.381,0.227,4.4,0.057,0.205,4,0.179,-0.1,4.7,-0.1,4,100,8418,65.04,-2.3
2024-06-07 22:00,0.433,5.3,0.38,0.226,4.4,0.056,0.205,4,0.179,-0.1,4.7,-0.1,4,100,8418,65.04,-3.3
2024-06-07 22:15,0.433,5.3,0.38,0.226,4.5,0.056,0.205,3.9,0.18,-0.1,4.7,-0.1,4.1,100,8408,65.04,-4.2
2024-06-07 22:30,0.433,5.3,0.379,0.226,4.5,0.056,0.204,3.9,0.181,-0.1,4.7,-0.1,4.1,100,8412,65.04,-3.8
2024-06-07 22:45,0.433,5.3,0.379,0.226,4.5,0.057,0.204,3.8,0.18,-0.1,4.7,-0.1,4.1,100,8411,65.05,-3.9
2024-06-07 23:00,0.433,5.3,0.379,0.226,4.5,0.057,0.204,3.8,0.178,-0.1,4.7,-0.1,4.1,100,8409,65.04,-4.9
2024-06-07 23:15,0.433,5.3,0.381,0.227,4.5,0.058,0.204,3.8,0.18,-0.1,4.7,-0.1,4.1,100,8408,65.04,-5.9
2024-06-07 23:30,0.433,5.3,0.38,0.226,4.5,0.056,0.204,3.7,0.18,-0.1,4.7,-0.1,4.1,100,8410,65.03,-6.3
2024-06-07 23:45,0.433,5.3,0.38,0.227,4.5,0.057,0.204,3.7,0.178,-0.1,4.7,-0.1,4.1,100,8408,65.04,-6.1
2024-06-08 00:00,0.433,5.3,0.38,0.227,4.6,0.058,0.204,3.6,0.179,-0.1,4.7,-0.1,4.1,100,8407,65.03,-6.5
2024-06-08 00:15,0.433,5.3,0.379,0.227,4.6,0.057,0.204,3.6,0.177,-0.1,4.7,-0.1,4.1,100,8353,65.03,-6.2
2024-06-08 00:30,0.433,5.3,0.38,0.227,4.6,0.057,0.204,3.5,0.177,-0.1,4.7,-0.1,4.1,100,8368,65.04,-5.9
2024-06-08 00:45,0.433,5.3,0.38,0.226,4.6,0.058,0.204,3.5,0.176,-0.1,4.7,-0.1,4.1,100,8375,65.02,-6.5
2024-06-08 01:00,0.433,5.3,0.38,0.226,4.6,0.058,0.204,3.5,0.176,-0.1,4.8,-0.1,4.1,100,8379,65.03,-7.5
2024-06-08 01:15,0.433,5.3,0.379,0.226,4.6,0.058,0.204,3.4,0.176,-0.1,4.8,-0.1,4,100,8380,65.03,-8.6
2024-06-08 01:30,0.433,5.3,0.38,0.226,4.6,0.058,0.204,3.4,0.178,-0.1,4.8,-0.1,4,100,8376,65.03,-9
2024-06-08 01:45,0.433,5.3,0.38,0.226,4.6,0.056,0.203,3.3,0.177,-0.1,4.8,-0.1,4,100,8380,65.03,-9.5
2024-06-08 02:00,0.433,5.3,0.38,0.226,4.6,0.058,0.204,3.3,0.176,-0.1,4.8,-0.1,4,100,8377,65.02,-10
2024-06-08 02:15,0.433,5.3,0.379,0.226,4.6,0.057,0.203,3.3,0.175,-0.1,4.8,-0.1,4,100,8379,65.02,-10.5
2024-06-08 02:30,0.433,5.3,0.379,0.226,4.6,0.058,0.204,3.2,0.176,-0.1,4.8,-0.1,4,100,8379,65.01,-10.9
2024-06-08 02:45,0.433,5.3,0.38,0.226,4.6,0.058,0.203,3.2,0.175,-0.1,4.8,-0.1,4,100,8379,65.02,-10.9
2024-06-08 03:00,0.433,5.3,0.379,0.226,4.6,0.058,0.203,3.1,0.175,-0.1,4.8,-0.1,4,100,8379,65.01,-10.8
2024-06-08 03:15,0.433,5.3,0.38,0.226,4.6,0.058,0.203,3.1,0.174,-0.1,4.8,-0.1,4,100,8379,65,-10.8
2024-06-08 03:30,0.433,5.3,0.379,0.226,4.6,0.058,0.203,3.1,0.172,-0.1,4.8,-0.1,3.9,100,8380,65,-11.1
2024-06-08 03:45,0.433,5.3,0.379,0.226,4.6,0.058,0.203,3,0.173,-0.1,4.8,-0.1,3.9,100,8378,65,-11.6
2024-06-08 04:00,0.433,5.3,0.379,0.226,4.6,0.058,0.203,3,0.172,-0.1,4.8,-0.1,3.9,100,8378,65,-12
2024-06-08 04:15,0.433,5.3,0.38,0.226,4.6,0.057,0.203,3,0.174,-0.1,4.8,-0.1,3.9,100,8377,65,-12.3
2024-06-08 04:30,0.433,5.3,0.38,0.227,4.6,0.057,0.203,2.9,0.173,-0.1,4.8,-0.1,3.9,100,8373,65.01,-12.4
2024-06-08 04:45,0.433,5.3,0.379,0.227,4.6,0.058,0.203,2.9,0.173,-0.1,4.8,-0.1,3.9,100,8372,65,-12.4
2024-06-08 05:00,0.433,5.3,0.379,0.227,4.6,0.057,0.203,2.8,0.173,-0.1,4.8,-0.1,3.9,100,8374,65,-12.2
2024-06-08 05:15,0.433,5.3,0.379,0.227,4.6,0.058,0.203,2.8,0.171,-0.1,4.8,-0.1,3.8,100,8368,65.01,-12.2
2024-06-08 05:30,0.433,5.3,0.379,0.227,4.6,0.058,0.203,2.8,0.176,-0.1,4.8,-0.1,3.8,100,8368,65.01,-12.5
2024-06-08 05:45,0.433,5.3,0.38,0.227,4.6,0.057,0.203,2.8,0.174,-0.1,4.8,-0.1,3.8,100,8368,65.01,-12.3
2024-06-08 06:00,0.433,5.3,0.378,0.227,4.6,0.057,0.203,2.7,0.174,-0.1,4.8,-0.1,3.8,100,8368,65.01,-12.1
2024-06-08 06:15,0.433,5.3,0.378,0.227,4.6,0.057,0.203,2.7,0.173,-0.1,4.9,-0.1,3.8,100,8367,65.02,-12.3
2024-06-08 06:30,0.433,5.3,0.379,0.227,4.6,0.059,0.203,2.7,0.172,-0.1,4.9,-0.1,3.8,100,8365,65.03,-12.9
2024-06-08 06:45,0.433,5.3,0.379,0.227,4.6,0.057,0.203,2.6,0.173,-0.1,4.9,-0.1,3.7,100,8367,65.04,-13.3
2024-06-08 07:00,0.433,5.3,0.379,0.227,4.6,0.058,0.203,2.6,0.174,-0.1,4.9,-0.1,3.7,100,8367,65.06,-13.8
2024-06-08 07:15,0.433,5.3,0.379,0.227,4.6,0.059,0.203,2.6,0.174,-0.1,4.9,-0.1,3.7,100,8368,65.06,-13.9
2024-06-08 07:30,0.433,5.3,0.379,0.227,4.6,0.059,0.203,2.5,0.174,-0.1,4.9,-0.1,3.7,100,8374,65.08,-13.8
2024-06-08 07:45,0.433,5.3,0.379,0.227,4.6,0.059,0.203,2.5,0.172,-0.1,4.9,-0.1,3.7,100,8406,65.1,-13.1
2024-06-08 08:00,0.433,5.3,0.379,0.227,4.6,0.058,0.203,2.5,0.171,-0.1,4.9,-0.1,3.7,100,8447,65.12,-11.3
2024-06-08 08:15,0.433,5.3,0.379,0.227,4.6,0.058,0.203,2.4,0.17,-0.1,4.9,-0.1,3.7,100,8487,65.14,-8.8
2024-06-08 08:30,0.433,5.3,0.379,0.227,4.6,0.058,0.203,2.4,0.17,-0.1,4.9,-0.1,3.6,100,8523,65.17,-6
2024-06-08 08:45,0.433,5.3,0.379,0.227,4.6,0.058,0.203,2.4,0.172,-0.1,4.9,-0.1,3.6,100,8567,65.19,-3.7
2024-06-08 09:00,0.433,5.3,0.379,0.227,4.6,0.057,0.203,2.4,0.172,-0.1,4.9,-0.1,3.6,100,8599,65.22,-1.7
2024-06-08 09:15,0.433,5.3,0.379,0.227,4.6,0.056,0.203,2.3,0.173,-0.1,4.9,-0.1,3.6,100,8625,65.24,-0.1
2024-06-08 09:30,0.433,5.3,0.379,0.227,4.6,0.057,0.203,2.3,0.17,-0.1,4.8,-0.1,3.6,100,8651,65.26,2.3
2024-06-08 09:45,0.433,5.3,0.378,0.227,4.6,0.057,0.202,2.3,0.17,-0.1,4.8,-0.1,3.6,100,8675,65.27,4.2
2024-06-08 10:00,0.433,5.3,0.379,0.226,4.5,0.056,0.203,2.2,0.171,-0.1,4.8,-0.1,3.5,100,8688,65.28,5.6
2024-06-08 10:15,0.433,5.3,0.379,0.226,4.5,0.057,0.203,2.2,0.17,-0.1,4.8,-0.1,3.5,100,8693,65.29,7
2024-06-08 10:30,0.433,5.3,0.379,0.226,4.5,0.058,0.203,2.2,0.17,-0.1,4.8,-0.1,3.5,100,8703,65.29,7.9
2024-06-08 10:45,0.433,5.3,0.378,0.226,4.5,0.055,0.203,2.2,0.171,-0.1,4.8,-0.1,3.5,100,8707,65.28,9.1
2024-06-08 11:00,0.433,5.3,0.379,0.226,4.5,0.056,0.203,2.2,0.17,-0.1,4.8,-0.1,3.5,100,8710,65.27,9.9
2024-06-08 11:15,0.433,5.3,0.378,0.226,4.5,0.056,0.203,2.1,0.171,-0.1,4.8,-0.1,3.4,100,8712,65.26,10.8
2024-06-08 11:30,0.433,5.3,0.378,0.226,4.5,0.057,0.203,2.1,0.171,-0.1,4.8,-0.1,3.4,100,8709,65.25,12.7
2024-06-08 11:45,0.433,5.3,0.379,0.226,4.5,0.056,0.203,2.1,0.171,-0.1,4.8,-0.1,3.4,100,8700,65.23,14.3
2024-06-08 12:00,0.433,5.3,0.379,0.226,4.5,0.056,0.203,2.1,0.171,-0.1,4.8,-0.1,3.4,100,8690,65.21,15
2024-06-08 12:15,0.433,5.3,0.379,0.226,4.5,0.056,0.203,2.1,0.17,-0.1,4.8,-0.1,3.4,100,8683,65.19,15.9
2024-06-08 12:30,0.433,5.3,0.379,0.226,4.5,0.057,0.203,2,0.172,-0.1,4.8,-0.1,3.4,100,8666,65.17,17.4
2024-06-08 12:45,0.433,5.3,0.379,0.226,4.5,0.055,0.203,2,0.171,-0.1,4.8,-0.1,3.4,100,8647,65.15,19.1
2024-06-08 13:00,0.433,5.3,0.38,0.226,4.5,0.056,0.203,2,0.172,-0.1,4.8,-0.1,3.4,100,8646,65.12,19.2
2024-06-08 13:15,0.433,5.3,0.379,0.226,4.4,0.057,0.204,2,0.173,-0.1,4.8,-0.1,3.3,100,8637,65.1,19.8
2024-06-08 13:30,0.433,5.3,0.379,0.226,4.4,0.056,0.204,2,0.171,-0.1,4.8,-0.1,3.3,100,8631,65.07,20.2
2024-06-08 13:45,0.433,5.3,0.379,0.226,4.4,0.056,0.205,2,0.175,-0.1,4.8,-0.1,3.3,100,8629,65.05,19.5
2024-06-08 14:00,0.433,5.3,0.379,0.226,4.4,0.056,0.205,2,0.174,-0.1,4.8,-0.1,3.3,100,8628,65.05,18.9
2024-06-08 14:15,0.433,5.3,0.379,0.226,4.4,0.056,0.206,2,0.174,-0.1,4.8,-0.1,3.3,100,8631,65.04,18.6
2024-06-08 14:30,0.433,5.3,0.379,0.226,4.4,0.056,0.206,2,0.175,-0.1,4.8,-0.1,3.3,100,8630,65.03,18.3
2024-06-08 14:45,0.433,5.3,0.378,0.227,4.4,0.056,0.207,2,0.174,-0.1,4.8,-0.1,3.3,100,8630,65.03,17.7
2024-06-08 15:00,0.433,5.3,0.38,0.227,4.4,0.057,0.207,2.1,0.177,-0.1,4.8,-0.1,3.3,100,8633,65.04,17.2
2024-06-08 15:15,0.433,5.3,0.379,0.227,4.4,0.056,0.207,2.2,0.178,-0.1,4.8,-0.1,3.3,100,8634,65.04,16.9
2024-06-08 15:30,0.433,5.3,0.38,0.227,4.4,0.056,0.207,2.3,0.178,-0.1,4.8,-0.1,3.3,100,8630,65.04,16.3
2024-06-08 15:45,0.433,5.3,0.379,0.227,4.4,0.057,0.208,2.4,0.179,-0.1,4.8,-0.1,3.3,100,8634,65.05,15.6
2024-06-08 16:00,0.433,5.3,0.379,0.226,4.4,0.056,0.208,2.5,0.179,-0.1,4.8,-0.1,3.3,100,8631,65.05,15
2024-06-08 16:15,0.433,5.3,0.38,0.226,4.4,0.056,0.207,2.6,0.18,-0.1,4.7,-0.1,3.3,100,8628,65.05,14.2
2024-06-08 16:30,0.433,5.3,0.379,0.227,4.4,0.056,0.208,2.8,0.18,-0.1,4.7,-0.1,3.3,100,8624,65.06,13.5
2024-06-08 16:45,0.433,5.3,0.379,0.226,4.4,0.057,0.208,2.9,0.179,-0.1,4.7,-0.1,3.3,100,8621,65.08,12.6
2024-06-08 17:00,0.433,5.3,0.381,0.227,4.3,0.057,0.207,3,0.18,-0.1,4.7,-0.1,3.4,100,8614,65.08,12
2024-06-08 17:15,0.433,5.3,0.38,0.227,4.3,0.056,0.207,3.1,0.181,-0.1,4.7,-0.1,3.4,100,8605,65.07,11.1
2024-06-08 17:30,0.433,5.3,0.38,0.227,4.3,0.056,0.207,3.2,0.18,-0.1,4.7,-0.1,3.4,100,8589,65.07,9.9
2024-06-08 17:45,0.433,5.3,0.379,0.227,4.3,0.057,0.207,3.3,0.181,-0.1,4.7,-0.1,3.4,100,8580,65.07,8.7
2024-06-08 18:00,0.433,5.3,0.379,0.227,4.3,0.056,0.206,3.4,0.181,-0.1,4.7,-0.1,3.5,100,8568,65.09,7.4
2024-06-08 18:15,0.433,5.3,0.38,0.227,4.3,0.056,0.206,3.5,0.181,-0.1,4.7,-0.1,3.5,100,8558,65.1,6.1
2024-06-08 18:30,0.433,5.3,0.38,0.227,4.3,0.057,0.206,3.5,0.182,-0.1,4.7,-0.1,3.6,100,8550,65.1,4.7
2024-06-08 18:45,0.433,5.3,0.38,0.227,4.4,0.057,0.206,3.6,0.18,-0.1,4.7,-0.1,3.6,100,8545,65.11,3.9
2024-06-08 19:00,0.433,5.3,0.38,0.227,4.4,0.057,0.206,3.6,0.181,-0.1,4.7,-0.1,3.6,100,8541,65.11,2.4
2024-06-08 19:15,0.433,5.3,0.38,0.227,4.4,0.057,0.206,3.7,0.18,-0.1,4.7,-0.1,3.7,100,8538,65.11,1.8
2024-06-08 19:30,0.433,5.3,0.38,0.227,4.4,0.057,0.206,3.7,0.18,-0.1,4.7,-0.1,3.7,100,8529,65.11,1.2
2024-06-08 19:45,0.433,5.3,0.38,0.227,4.4,0.057,0.206,3.7,0.179,-0.1,4.7,-0.1,3.7,100,8526,65.12,0.9
2024-06-08 20:00,0.433,5.3,0.38,0.227,4.4,0.057,0.206,3.7,0.182,-0.1,4.7,-0.1,3.8,100,8526,65.12,0
2024-06-08 20:15,0.433,5.3,0.382,0.227,4.4,0.058,0.205,3.7,0.18,-0.1,4.7,-0.1,3.8,100,8526,65.12,-1
2024-06-08 20:30,0.433,5.3,0.38,0.227,4.4,0.059,0.205,3.7,0.181,-0.1,4.7,-0.1,3.8,100,8522,65.13,-2
2024-06-08 20:45,0.433,5.3,0.381,0.227,4.4,0.058,0.205,3.7,0.181,-0.1,4.7,-0.1,3.8,100,8516,65.14,-2.5
2024-06-08 21:00,0.433,5.3,0.38,0.227,4.4,0.059,0.205,3.6,0.181,-0.1,4.7,-0.1,3.9,100,8515,65.15,-3.4
2024-06-08 21:15,0.433,5.3,0.382,0.227,4.4,0.058,0.205,3.6,0.181,-0.1,4.7,-0.1,3.9,100,8513,65.15,-4
2024-06-08 21:30,0.433,5.3,0.38,0.227,4.4,0.058,0.205,3.6,0.182,-0.1,4.7,-0.1,3.9,100,8506,65.15,-4.6
2024-06-08 21:45,0.433,5.3,0.379,0.227,4.5,0.058,0.205,3.6,0.181,-0.1,4.7,-0.1,3.9,100,8506,65.16,-4.3
2024-06-08 22:00,0.433,5.3,0.38,0.227,4.5,0.058,0.205,3.5,0.18,-0.1,4.7,-0.1,3.9,100,8507,65.17,-4.9
2024-06-08 22:15,0.433,5.3,0.381,0.227,4.5,0.057,0.205,3.5,0.181,-0.1,4.7,-0.1,3.9,100,8500,65.16,-5.4
2024-06-08 22:30,0.433,5.3,0.382,0.227,4.5,0.058,0.205,3.4,0.181,-0.1,4.7,-0.1,3.9,100,8499,65.15,-5.8
2024-06-08 22:45,0.433,5.3,0.38,0.227,4.5,0.057,0.205,3.4,0.18,-0.1,4.7,-0.1,3.9,100,8497,65.14,-6.4
2024-06-08 23:00,0.433,5.3,0.381,0.227,4.5,0.057,0.205,3.4,0.179,-0.1,4.7,-0.1,3.9,100,8497,65.13,-7.1
2024-06-08 23:15,0.433,5.3,0.38,0.227,4.5,0.057,0.204,3.3,0.179,-0.1,4.7,-0.1,3.9,100,8496,65.12,-7.7
2024-06-08 23:30,0.433,5.3,0.381,0.227,4.5,0.058,0.204,3.3,0.18,-0.1,4.7,-0.1,3.9,100,8494,65.11,-8.1
2024-06-08 23:45,0.433,5.3,0.38,0.227,4.5,0.057,0.204,3.3,0.18,-0.1,4.8,-0.1,3.9,100,8495,65.11,-8.4
2024-06-09 00:00,0.433,5.3,0.381,0.227,4.5,0.056,0.204,3.2,0.179,-0.1,4.8,-0.1,3.9,100,8494,65.1,-8.8
2024-06-09 00:15,0.433,5.3,0.38,0.227,4.5,0.057,0.204,3.2,0.179,-0.1,4.8,-0.1,3.9,100,8425,65.07,-9
2024-06-09 00:30,0.433,5.3,0.381,0.227,4.5,0.057,0.204,3.2,0.177,-0.1,4.8,-0.1,3.9,100,8449,65.05,-9.4
2024-06-09 00:45,0.433,5.3,0.38,0.227,4.6,0.057,0.204,3.1,0.179,-0.1,4.8,-0.1,3.9,100,8458,65.04,-9.6
2024-06-09 01:00,0.433,5.3,0.38,0.227,4.6,0.057,0.204,3.1,0.178,-0.1,4.8,-0.1,3.9,100,8460,65.04,-9.8
2024-06-09 01:15,0.433,5.3,0.381,0.227,4.6,0.057,0.204,3.1,0.178,-0.1,4.8,-0.1,3.9,100,8460,65.03,-10.1
2024-06-09 01:30,0.433,5.3,0.38,0.228,4.6,0.058,0.204,3,0.176,-0.1,4.8,-0.1,3.9,100,8462,65.02,-10.4
2024-06-09 01:45,0.433,5.3,0.381,0.228,4.6,0.057,0.204,3,0.178,-0.1,4.8,-0.1,3.9,100,8462,65.02,-11
2024-06-09 02:00,0.433,5.3,0.379,0.228,4.6,0.058,0.204,3,0.178,-0.1,4.8,-0.1,3.8,100,8461,65.02,-11.5
2024-06-09 02:15,0.433,5.3,0.379,0.228,4.6,0.056,0.204,2.9,0.177,-0.1,4.8,-0.1,3.8,100,8460,65,-11.6
2024-06-09 02:30,0.433,5.3,0.379,0.228,4.6,0.057,0.204,2.9,0.176,-0.1,4.8,-0.1,3.8,100,8460,64.99,-11.6
2024-06-09 02:45,0.433,5.3,0.381,0.228,4.6,0.056,0.204,2.9,0.174,-0.1,4.8,-0.1,3.8,100,8462,64.98,-12
2024-06-09 03:00,0.433,5.3,0.38,0.228,4.6,0.057,0.204,2.8,0.173,-0.1,4.8,-0.1,3.8,100,8463,64.96,-12.1
2024-06-09 03:15,0.433,5.3,0.378,0.228,4.6,0.056,0.204,2.8,0.175,-0.1,4.8,-0.1,3.8,100,8462,64.95,-12.1
2024-06-09 03:30,0.433,5.3,0.379,0.228,4.6,0.057,0.204,2.8,0.174,-0.1,4.8,-0.1,3.8,100,8462,64.95,-11.9
2024-06-09 03:45,0.433,5.3,0.38,0.228,4.6,0.056,0.203,2.8,0.175,-0.1,4.8,-0.1,3.8,100,8462,64.95,-11.9
2024-06-09 04:00,0.433,5.3,0.379,0.228,4.6,0.057,0.204,2.7,0.175,-0.1,4.8,-0.1,3.7,100,8459,64.94,-12.2
2024-06-09 04:15,0.433,5.3,0.38,0.228,4.6,0.056,0.204,2.7,0.175,-0.1,4.8,-0.1,3.7,100,8455,64.94,-12.2
2024-06-09 04:30,0.433,5.3,0.379,0.228,4.6,0.056,0.203,2.7,0.175,-0.1,4.8,-0.1,3.7,100,8458,64.94,-12.7
2024-06-09 04:45,0.433,5.3,0.379,0.228,4.6,0.057,0.203,2.6,0.174,-0.1,4.8,-0.1,3.7,100,8456,64.93,-12.7
2024-06-09 05:00,0.433,5.3,0.379,0.228,4.6,0.056,0.204,2.6,0.175,-0.1,4.8,-0.1,3.7,100,8456,64.92,-12.9
2024-06-09 05:15,0.433,5.3,0.379,0.228,4.6,0.058,0.203,2.6,0.176,-0.1,4.8,-0.1,3.7,100,8451,64.92,-13.2
2024-06-09 05:30,0.433,5.3,0.378,0.228,4.6,0.057,0.203,2.5,0.174,-0.1,4.8,-0.1,3.7,100,8450,64.92,-13.6
2024-06-09 05:45,0.433,5.3,0.379,0.228,4.6,0.056,0.204,2.5,0.175,-0.1,4.8,-0.1,3.7,100,8453,64.92,-14.1
2024-06-09 06:00,0.433,5.3,0.38,0.228,4.5,0.056,0.203,2.5,0.173,-0.1,4.8,-0.1,3.6,100,8450,64.93,-14.4
2024-06-09 06:15,0.433,5.3,0.378,0.228,4.5,0.056,0.203,2.4,0.175,-0.1,4.8,-0.1,3.6,100,8451,64.94,-14.5
2024-06-09 06:30,0.433,5.3,0.379,0.228,4.5,0.058,0.203,2.4,0.176,-0.1,4.8,-0.1,3.6,100,8446,64.93,-14.5
2024-06-09 06:45,0.433,5.3,0.379,0.228,4.5,0.056,0.203,2.4,0.176,-0.1,4.8,-0.1,3.6,100,8447,64.93,-14.4
2024-06-09 07:00,0.433,5.3,0.379,0.228,4.5,0.056,0.203,2.4,0.175,-0.1,4.8,-0.1,3.6,100,8447,64.94,-14.3
2024-06-09 07:15,0.433,5.3,0.378,0.228,4.5,0.056,0.203,2.3,0.174,-0.1,4.8,-0.1,3.6,100,8446,64.94,-14.5
2024-06-09 07:30,0.433,5.3,0.378,0.228,4.5,0.057,0.203,2.3,0.174,-0.1,4.8,-0.1,3.6,100,8456,64.95,-14.5
2024-06-09 07:45,0.433,5.3,0.379,0.228,4.5,0.056,0.203,2.3,0.176,-0.1,4.8,-0.1,3.5,100,8485,64.96,-13.9
2024-06-09 08:00,0.433,5.3,0.378,0.228,4.5,0.057,0.203,2.3,0.173,-0.1,4.8,-0.1,3.5,100,8526,64.99,-11.9
2024-06-09 08:15,0.433,5.3,0.378,0.228,4.5,0.058,0.203,2.2,0.173,-0.1,4.8,-0.1,3.5,100,8560,65,-9.5
2024-06-09 08:30,0.433,5.3,0.379,0.228,4.5,0.059,0.203,2.2,0.172,-0.1,4.8,-0.1,3.5,100,8607,65.02,-7.2
2024-06-09 08:45,0.433,5.3,0.378,0.228,4.5,0.057,0.203,2.2,0.173,-0.1,4.8,-0.1,3.5,100,8653,65.04,-4.6
2024-06-09 09:00,0.433,5.3,0.378,0.228,4.5,0.057,0.203,2.2,0.173,-0.1,4.8,-0.1,3.4,100,8688,65.05,-2
2024-06-09 09:15,0.433,5.3,0.378,0.228,4.5,0.06,0.203,2.1,0.173,-0.1,4.8,-0.1,3.4,100,8715,65.06,0.2
2024-06-09 09:30,0.433,5.3,0.378,0.227,4.5,0.055,0.202,2.1,0.171,-0.1,4.8,-0.1,3.4,100,8738,65.06,1.2
2024-06-09 09:45,0.433,5.3,0.379,0.227,4.5,0.057,0.203,2.1,0.174,-0.1,4.8,-0.1,3.4,100,8752,65.07,2.8
2024-06-09 10:00,0.433,5.3,0.378,0.227,4.5,0.056,0.203,2.1,0.173,-0.1,4.8,-0.1,3.4,100,8761,65.07,4
2024-06-09 10:15,0.433,5.3,0.378,0.227,4.5,0.056,0.202,2,0.173,-0.1,4.8,-0.1,3.4,100,8766,65.07,5.1
2024-06-09 10:30,0.433,5.3,0.378,0.227,4.4,0.057,0.203,2,0.172,-0.1,4.8,-0.1,3.4,100,8773,65.06,6.5
2024-06-09 10:45,0.433,5.3,0.377,0.227,4.4,0.056,0.203,2,0.171,-0.1,4.8,-0.1,3.4,100,8773,65.06,7.2
2024-06-09 11:00,0.433,5.3,0.377,0.227,4.4,0.056,0.203,2,0.172,-0.1,4.8,-0.1,3.3,100,8771,65.05,8
2024-06-09 11:15,0.433,5.3,0.378,0.227,4.4,0.057,0.203,2,0.171,-0.1,4.8,-0.1,3.3,100,8772,65.03,8.6
2024-06-09 11:30,0.433,5.3,0.378,0.227,4.4,0.056,0.203,2,0.172,-0.1,4.8,-0.1,3.3,100,8766,65.02,10.4
2024-06-09 11:45,0.433,5.3,0.377,0.227,4.4,0.056,0.203,1.9,0.174,-0.1,4.8,-0.1,3.3,100,8753,65.01,12.6
2024-06-09 12:00,0.433,5.3,0.377,0.227,4.4,0.056,0.203,1.9,0.174,-0.1,4.8,-0.1,3.3,100,8735,64.99,14.5
2024-06-09 12:15,0.433,5.3,0.377,0.227,4.4,0.056,0.203,1.9,0.173,-0.1,4.8,-0.1,3.3,100,8721,64.97,15.9
2024-06-09 12:30,0.433,5.3,0.376,0.227,4.4,0.056,0.203,1.9,0.173,-0.1,4.8,-0.1,3.3,100,8704,64.94,16.8
2024-06-09 12:45,0.433,5.3,0.377,0.227,4.4,0.056,0.203,1.9,0.175,-0.1,4.8,-0.1,3.2,100,8680,64.93,17.4
2024-06-09 13:00,0.433,5.3,0.377,0.226,4.4,0.056,0.203,1.9,0.174,-0.1,4.8,-0.1,3.2,100,8676,64.91,17.3
2024-06-09 13:15,0.433,5.3,0.377,0.226,4.4,0.057,0.203,1.9,0.172,-0.1,4.8,-0.1,3.2,100,8646,64.89,17.8
2024-06-09 13:30,0.433,5.3,0.377,0.227,4.4,0.056,0.204,1.8,0.174,-0.1,4.7,-0.1,3.2,100,8663,64.87,18.1
2024-06-09 13:45,0.433,5.3,0.377,0.227,4.4,0.056,0.204,1.8,0.174,-0.1,4.7,-0.1,3.2,100,8659,64.85,18.3
2024-06-09 14:00,0.433,5.3,0.377,0.227,4.4,0.056,0.204,1.8,0.175,-0.1,4.7,-0.1,3.2,100,8656,64.85,18
2024-06-09 14:15,0.433,5.3,0.376,0.226,4.3,0.056,0.205,1.8,0.175,-0.1,4.7,-0.1,3.2,100,8657,64.85,17.8
2024-06-09 14:30,0.433,5.3,0.376,0.226,4.3,0.056,0.205,1.8,0.175,-0.1,4.7,-0.1,3.2,100,8656,64.84,17.3
2024-06-09 14:45,0.433,5.3,0.377,0.226,4.3,0.057,0.206,1.8,0.175,-0.1,4.7,-0.1,3.1,100,8653,64.83,16.7
2024-06-09 15:00,0.433,5.3,0.377,0.226,4.3,0.056,0.206,1.8,0.176,-0.1,4.7,-0.1,3.1,100,8656,64.83,16.3
2024-06-09 15:15,0.433,5.3,0.377,0.226,4.3,0.056,0.207,1.9,0.178,-0.1,4.7,-0.1,3.1,100,8655,64.83,16
2024-06-09 15:30,0.433,5.3,0.377,0.226,4.3,0.056,0.208,1.9,0.178,-0.1,4.7,-0.1,3.1,100,8650,64.84,15.4
2024-06-09 15:45,0.433,5.3,0.377,0.226,4.3,0.056,0.208,2,0.179,-0.1,4.7,-0.1,3.1,100,8651,64.84,14.7
2024-06-09 16:00,0.433,5.3,0.378,0.226,4.3,0.056,0.208,2,0.18,-0.1,4.7,-0.1,3.1,100,8643,64.84,14
2024-06-09 16:15,0.433,5.3,0.378,0.226,4.3,0.057,0.208,2.2,0.18,-0.1,4.7,-0.1,3.1,100,8639,64.84,13.1
2024-06-09 16:30,0.433,5.3,0.377,0.227,4.3,0.056,0.208,2.2,0.181,-0.1,4.7,-0.1,3.1,100,8643,64.84,12.6
2024-06-09 16:45,0.433,5.3,0.378,0.226,4.3,0.057,0.208,2.4,0.18,-0.1,4.7,-0.1,3.2,100,8640,64.85,12.2
2024-06-09 17:00,0.433,5.3,0.378,0.227,4.3,0.057,0.208,2.4,0.183,-0.1,4.7,-0.1,3.2,100,8633,64.85,11.5
2024-06-09 17:15,0.433,5.3,0.378,0.227,4.3,0.057,0.208,2.6,0.184,-0.1,4.7,-0.1,3.2,100,8625,64.85,10.9
2024-06-09 17:30,0.433,5.3,0.378,0.227,4.3,0.057,0.208,2.6,0.181,-0.1,4.7,-0.1,3.2,100,8611,64.86,10.2
2024-06-09 17:45,0.433,5.3,0.378,0.227,4.2,0.056,0.207,2.8,0.183,-0.1,4.7,-0.1,3.2,100,8594,64.87,8.8
2024-06-09 18:00,0.433,5.3,0.378,0.227,4.2,0.058,0.207,2.8,0.183,-0.1,4.7,-0.1,3.3,100,8583,64.87,7.7
2024-06-09 18:15,0.433,5.3,0.378,0.227,4.2,0.056,0.207,2.9,0.183,-0.1,4.7,-0.1,3.3,100,8574,64.88,6.8
2024-06-09 18:30,0.433,5.3,0.378,0.227,4.2,0.057,0.207,3,0.183,-0.1,4.7,-0.1,3.3,100,8567,64.9,6.1
2024-06-09 18:45,0.433,5.3,0.379,0.227,4.2,0.056,0.207,3,0.183,-0.1,4.7,-0.1,3.4,100,8560,64.91,5.5
2024-06-09 19:00,0.433,5.3,0.379,0.227,4.2,0.057,0.207,3.1,0.184,-0.1,4.7,-0.1,3.4,100,8557,64.9,4.8
2024-06-09 19:15,0.433,5.3,0.378,0.227,4.2,0.056,0.206,3.1,0.182,-0.1,4.7,-0.1,3.4,100,8548,64.91,4.4
2024-06-09 19:30,0.433,5.3,0.378,0.227,4.3,0.056,0.206,3.1,0.182,-0.1,4.7,-0.1,3.4,100,8544,64.92,3.9
2024-06-09 19:45,0.433,5.3,0.377,0.227,4.3,0.056,0.206,3.2,0.182,-0.1,4.7,-0.1,3.5,100,8542,64.94,2.7
2024-06-09 20:00,0.433,5.3,0.377,0.227,4.3,0.057,0.206,3.2,0.182,-0.1,4.7,-0.1,3.5,100,8538,64.94,1.7
2024-06-09 20:15,0.433,5.3,0.379,0.227,4.3,0.056,0.206,3.2,0.182,-0.1,4.7,-0.1,3.5,100,8530,64.95,1.1
2024-06-09 20:30,0.433,5.3,0.378,0.227,4.3,0.056,0.206,3.2,0.182,-0.1,4.6,-0.1,3.5,100,8529,64.96,-0.1
2024-06-09 20:45,0.433,5.3,0.379,0.227,4.3,0.056,0.206,3.2,0.182,-0.1,4.6,-0.1,3.6,100,8526,64.97,-1
2024-06-09 21:00,0.433,5.3,0.378,0.227,4.3,0.057,0.206,3.1,0.183,-0.1,4.6,-0.1,3.6,100,8523,64.97,-1.6
2024-06-09 21:15,0.433,5.3,0.378,0.227,4.3,0.058,0.206,3.1,0.181,-0.1,4.7,-0.1,3.6,100,8520,64.97,-2.5
2024-06-09 21:30,0.433,5.3,0.379,0.227,4.3,0.058,0.206,3.1,0.18,-0.1,4.7,-0.1,3.6,100,8518,64.97,-2.9
2024-06-09 21:45,0.433,5.3,0.379,0.227,4.3,0.057,0.206,3.1,0.182,-0.1,4.7,-0.1,3.6,100,8515,64.99,-3.2
2024-06-09 22:00,0.433,5.3,0.378,0.227,4.3,0.058,0.206,3.1,0.182,-0.1,4.7,-0.1,3.6,100,8513,65,-2.4
2024-06-09 22:15,0.433,5.3,0.379,0.227,4.3,0.059,0.205,3,0.181,-0.1,4.7,-0.1,3.6,100,8511,65,-2.9
2024-06-09 22:30,0.433,5.3,0.378,0.227,4.3,0.058,0.205,3,0.181,-0.1,4.7,-0.1,3.6,100,8507,65,-4
2024-06-09 22:45,0.433,5.3,0.378,0.227,4.3,0.058,0.205,3,0.182,-0.1,4.7,-0.1,3.6,100,8506,65,-4.8
2024-06-09 23:00,0.434,5.3,0.379,0.227,4.3,0.058,0.205,3,0.179,-0.1,4.7,-0.1,3.6,100,8504,65,-5.8
2024-06-09 23:15,0.433,5.3,0.379,0.228,4.4,0.06,0.205,2.9,0.182,-0.1,4.7,-0.1,3.6,100,8502,64.97,-6.3
2024-06-09 23:30,0.433,5.3,0.379,0.228,4.4,0.059,0.205,2.9,0.181,-0.1,4.7,-0.1,3.6,100,8501,64.97,-7
2024-06-09 23:45,0.433,5.3,0.378,0.228,4.4,0.06,0.205,2.9,0.179,-0.1,4.7,-0.1,3.6,100,8501,64.96,-8
2024-06-10 00:00,0.434,5.3,0.378,0.228,4.4,0.058,0.205,2.9,0.179,-0.1,4.7,-0.1,3.6,100,8501,64.95,-8.5
2024-06-10 00:15,0.433,5.3,0.378,0.228,4.4,0.059,0.205,2.8,0.18,-0.1,4.7,-0.1,3.6,100,8440,64.94,-8.8
2024-06-10 00:30,0.433,5.3,0.378,0.228,4.4,0.059,0.205,2.8,0.179,-0.1,4.7,-0.1,3.6,100,8458,64.93,-9.1
2024-06-10 00:45,0.433,5.3,0.379,0.228,4.4,0.059,0.204,2.8,0.178,-0.1,4.7,-0.1,3.6,100,8462,64.93,-9.3
2024-06-10 01:00,0.433,5.3,0.379,0.228,4.4,0.058,0.204,2.8,0.178,-0.1,4.7,-0.1,3.6,100,8466,64.92,-9.7
2024-06-10 01:15,0.434,5.3,0.378,0.228,4.4,0.058,0.205,2.7,0.178,-0.1,4.7,-0.1,3.6,100,8468,64.92,-10
2024-06-10 01:30,0.433,5.3,0.378,0.228,4.4,0.058,0.204,2.7,0.179,-0.1,4.7,-0.1,3.6,100,8468,64.91,-10.6
2024-06-10 01:45,0.433,5.3,0.378,0.228,4.4,0.057,0.204,2.7,0.179,-0.1,4.7,-0.1,3.6,100,8469,64.91,-10.8
2024-06-10 02:00,0.434,5.3,0.378,0.228,4.4,0.058,0.204,2.7,0.179,-0.1,4.7,-0.1,3.6,100,8468,64.89,-10.8
2024-06-10 02:15,0.434,5.3,0.378,0.228,4.4,0.058,0.204,2.6,0.177,-0.1,4.7,-0.1,3.6,100,8467,64.89,-11.1
2024-06-10 02:30,0.434,5.3,0.378,0.228,4.4,0.059,0.204,2.6,0.176,-0.1,4.7,-0.1,3.6,100,8469,64.88,-11.3
2024-06-10 02:45,0.433,5.3,0.377,0.228,4.4,0.058,0.204,2.6,0.176,-0.1,4.7,-0.1,3.6,100,8467,64.87,-11.6
2024-06-10 03:00,0.433,5.3,0.378,0.228,4.4,0.057,0.204,2.5,0.178,-0.1,4.7,-0.1,3.5,100,8469,64.85,-11.8
2024-06-10 03:15,0.433,5.3,0.377,0.228,4.4,0.057,0.204,2.5,0.177,-0.1,4.7,-0.1,3.5,100,8467,64.84,-12.1
2024-06-10 03:30,0.433,5.3,0.378,0.228,4.4,0.057,0.204,2.5,0.176,-0.1,4.7,-0.1,3.5,100,8466,64.84,-12.5
2024-06-10 03:45,0.433,5.3,0.378,0.229,4.4,0.058,0.204,2.5,0.178,-0.1,4.7,-0.1,3.5,100,8466,64.83,-12.8
2024-06-10 04:00,0.434,5.3,0.376,0.229,4.4,0.058,0.203,2.4,0.177,-0.1,4.7,-0.1,3.5,100,8467,64.84,-13
2024-06-10 04:15,0.433,5.3,0.377,0.228,4.4,0.058,0.204,2.4,0.177,-0.1,4.7,-0.1,3.5,100,8464,64.83,-13.5
2024-06-10 04:30,0.434,5.3,0.376,0.229,4.4,0.058,0.204,2.4,0.176,-0.1,4.7,-0.1,3.5,100,8457,64.84,-13.3
2024-06-10 04:45,0.434,5.3,0.376,0.228,4.4,0.057,0.203,2.4,0.176,-0.1,4.7,-0.1,3.5,100,8463,64.84,-13.5
2024-06-10 05:00,0.433,5.3,0.377,0.228,4.4,0.059,0.203,2.4,0.176,-0.1,4.7,-0.1,3.5,100,8461,64.85,-14
2024-06-10 05:15,0.433,5.3,0.376,0.229,4.4,0.059,0.203,2.3,0.176,-0.1,4.7,-0.1,3.4,100,8458,64.86,-14.4
2024-06-10 05:30,0.433,5.3,0.377,0.229,4.4,0.058,0.203,2.3,0.174,-0.1,4.7,-0.1,3.4,100,8456,64.86,-14.5
2024-06-10 05:45,0.434,5.3,0.377,0.228,4.4,0.059,0.203,2.3,0.176,-0.1,4.7,-0.1,3.4,100,8459,64.86,-14.4
2024-06-10 06:00,0.434,5.3,0.377,0.228,4.4,0.058,0.203,2.3,0.175,-0.1,4.7,-0.1,3.4,100,8459,64.86,-14.5
2024-06-10 06:15,0.434,5.3,0.378,0.228,4.4,0.059,0.203,2.2,0.176,-0.1,4.7,-0.1,3.4,100,8458,64.87,-14.7
2024-06-10 06:30,0.433,5.3,0.376,0.228,4.4,0.058,0.203,2.2,0.176,-0.1,4.7,-0.1,3.4,100,8451,64.88,-14.5
2024-06-10 06:45,0.433,5.3,0.376,0.228,4.4,0.059,0.203,2.2,0.176,-0.1,4.7,-0.1,3.4,100,8451,64.89,-14.8
2024-06-10 07:00,0.434,5.3,0.377,0.228,4.4,0.06,0.203,2.2,0.176,-0.1,4.7,-0.1,3.4,100,8453,64.89,-14.7
2024-06-10 07:15,0.433,5.3,0.377,0.228,4.4,0.059,0.203,2.1,0.176,-0.1,4.7,-0.1,3.4,100,8452,64.9,-14.5
2024-06-10 07:30,0.434,5.3,0.377,0.228,4.4,0.059,0.203,2.1,0.176,-0.1,4.7,-0.1,3.3,100,8462,64.91,-14.3
2024-06-10 07:45,0.434,5.3,0.377,0.228,4.4,0.057,0.203,2.1,0.177,-0.1,4.7,-0.1,3.3,100,8472,64.91,-14.1
2024-06-10 08:00,0.434,5.3,0.376,0.228,4.3,0.056,0.203,2.1,0.175,-0.1,4.7,-0.1,3.3,100,8478,64.93,-13.5
2024-06-10 08:15,0.434,5.3,0.376,0.228,4.3,0.057,0.203,2,0.176,-0.1,4.7,-0.1,3.3,100,8523,64.95,-12.8
2024-06-10 08:30,0.434,5.3,0.376,0.228,4.3,0.056,0.203,2,0.175,-0.1,4.7,-0.1,3.3,100,8584,64.97,-10.6
2024-06-10 08:45,0.434,5.3,0.375,0.228,4.3,0.056,0.203,2,0.176,-0.1,4.7,-0.1,3.3,100,8625,65.01,-7.9
2024-06-10 09:00,0.434,5.3,0.375,0.228,4.3,0.057,0.203,2,0.177,-0.1,4.7,-0.1,3.3,100,8676,65.03,-5
2024-06-10 09:15,0.434,5.3,0.375,0.228,4.3,0.056,0.203,2,0.176,-0.1,4.7,-0.1,3.3,100,8690,65.05,-2.7
2024-06-10 09:30,0.434,5.3,0.376,0.228,4.3,0.057,0.202,1.9,0.175,-0.1,4.7,-0.1,3.2,100,8738,65.07,-0.5
2024-06-10 09:45,0.434,5.3,0.376,0.227,4.3,0.056,0.203,1.9,0.174,-0.1,4.7,-0.1,3.2,100,8754,65.09,1.6
2024-06-10 10:00,0.434,5.3,0.376,0.227,4.3,0.058,0.202,1.9,0.176,-0.1,4.7,-0.1,3.2,100,8762,65.1,2.7
2024-06-10 10:15,0.434,5.3,0.376,0.227,4.3,0.057,0.203,1.9,0.173,-0.1,4.7,-0.1,3.2,100,8768,65.09,3.7
2024-06-10 10:30,0.433,5.3,0.376,0.227,4.3,0.057,0.202,1.9,0.173,-0.1,4.7,-0.1,3.2,100,8773,65.1,5
2024-06-10 10:45,0.434,5.3,0.375,0.227,4.3,0.057,0.202,1.9,0.174,-0.1,4.7,-0.1,3.2,100,8772,65.09,5.9
2024-06-10 11:00,0.433,5.3,0.376,0.227,4.3,0.057,0.203,1.8,0.175,-0.1,4.7,-0.1,3.2,100,8779,65.1,7.3
2024-06-10 11:15,0.434,5.3,0.375,0.227,4.3,0.056,0.203,1.8,0.174,-0.1,4.7,-0.1,3.2,100,8772,65.1,9.9
2024-06-10 11:30,0.434,5.2,0.376,0.227,4.3,0.056,0.203,1.8,0.174,-0.1,4.7,-0.1,3.1,100,8750,65.09,11.9
2024-06-10 11:45,0.433,5.2,0.376,0.226,4.3,0.055,0.203,1.8,0.174,-0.1,4.7,-0.1,3.1,100,8746,65.07,12.3
2024-06-10 12:00,0.433,5.2,0.375,0.226,4.3,0.055,0.203,1.8,0.174,-0.1,4.7,-0.1,3.1,100,8736,65.05,13.3
2024-06-10 12:15,0.433,5.2,0.376,0.226,4.3,0.055,0.203,1.8,0.174,-0.1,4.7,-0.1,3.1,100,8725,65.04,14.4
2024-06-10 12:30,0.434,5.2,0.375,0.226,4.2,0.054,0.203,1.8,0.174,-0.1,4.7,-0.1,3.1,100,8701,65.02,14.5
2024-06-10 12:45,0.433,5.2,0.376,0.226,4.2,0.056,0.203,1.7,0.176,-0.1,4.7,-0.1,3.1,100,8684,65.01,14.4
2024-06-10 13:00,0.433,5.2,0.376,0.226,4.2,0.054,0.203,1.7,0.174,-0.1,4.6,-0.1,3.1,100,8703,64.99,14.7
2024-06-10 13:15,0.433,5.2,0.376,0.226,4.2,0.056,0.203,1.7,0.175,-0.1,4.6,-0.1,3.1,100,8692,64.98,16.1
2024-06-10 13:30,0.433,5.2,0.376,0.226,4.2,0.055,0.203,1.7,0.176,-0.1,4.6,-0.1,3.1,100,8678,64.96,16.7
2024-06-10 13:45,0.433,5.2,0.376,0.226,4.2,0.055,0.203,1.7,0.177,-0.1,4.6,-0.1,3.1,100,8661,64.94,17.2
2024-06-10 14:00,0.433,5.2,0.375,0.226,4.2,0.056,0.204,1.7,0.176,-0.1,4.6,-0.1,3,100,8653,64.93,16.7
2024-06-10 14:15,0.434,5.2,0.376,0.226,4.2,0.055,0.204,1.7,0.176,-0.1,4.6,-0.1,3,100,8651,64.92,17.3
2024-06-10 14:30,0.433,5.2,0.376,0.226,4.2,0.056,0.204,1.7,0.177,-0.1,4.6,-0.1,3,100,8656,64.9,16.8
2024-06-10 14:45,0.433,5.2,0.376,0.226,4.2,0.056,0.205,1.7,0.177,-0.1,4.6,-0.1,3,100,8661,64.89,16.6
2024-06-10 15:00,0.433,5.2,0.376,0.226,4.2,0.055,0.205,1.7,0.176,-0.1,4.6,-0.1,3,100,8659,64.88,16.6
2024-06-10 15:15,0.433,5.2,0.375,0.226,4.2,0.056,0.206,1.7,0.176,-0.1,4.6,-0.1,3,100,8657,64.87,16.5
2024-06-10 15:30,0.433,5.2,0.376,0.226,4.2,0.056,0.206,1.7,0.178,-0.1,4.6,-0.1,3,100,8652,64.87,16.1
2024-06-10 15:45,0.433,5.2,0.376,0.226,4.2,0.053,0.207,1.7,0.181,-0.1,4.6,-0.1,3,100,8652,64.86,15.6
2024-06-10 16:00,0.433,5.2,0.375,0.226,4.1,0.055,0.208,1.7,0.182,-0.1,4.6,-0.1,3,100,8643,64.85,15.2
2024-06-10 16:15,0.434,5.2,0.375,0.226,4.1,0.054,0.208,1.8,0.181,-0.1,4.6,-0.1,3,100,8640,64.85,14.5
2024-06-10 16:30,0.434,5.2,0.375,0.226,4.1,0.054,0.208,1.8,0.181,-0.1,4.6,-0.1,3,100,8623,64.86,13.5
2024-06-10 16:45,0.434,5.2,0.376,0.227,4.1,0.055,0.209,1.9,0.182,-0.1,4.6,-0.1,3,100,8618,64.87,12.3
2024-06-10 17:00,0.433,5.2,0.375,0.227,4.1,0.053,0.209,2,0.182,-0.1,4.6,-0.1,3,100,8610,64.88,11.4
2024-06-10 17:15,0.434,5.2,0.376,0.227,4.1,0.056,0.209,2.1,0.184,-0.1,4.6,-0.1,3,100,8601,64.9,10.3
2024-06-10 17:30,0.434,5.2,0.376,0.227,4.1,0.056,0.209,2.2,0.184,-0.1,4.6,-0.1,3,100,8583,64.89,8.9
2024-06-10 17:45,0.434,5.2,0.376,0.227,4.1,0.056,0.208,2.3,0.185,-0.1,4.6,-0.1,3,100,8574,64.89,7.4
2024-06-10 18:00,0.434,5.2,0.376,0.227,4.1,0.055,0.208,2.4,0.184,-0.1,4.6,-0.1,3,100,8566,64.89,6
2024-06-10 18:15,0.434,5.2,0.375,0.227,4.1,0.055,0.208,2.4,0.185,-0.1,4.6,-0.1,3.1,100,8558,64.89,4.9
2024-06-10 18:30,0.434,5.2,0.378,0.227,4.1,0.055,0.208,2.5,0.183,-0.1,4.6,-0.1,3.1,100,8552,64.91,4
2024-06-10 18:45,0.434,5.2,0.377,0.227,4.1,0.057,0.208,2.6,0.185,-0.1,4.6,-0.1,3.1,100,8552,64.93,3.8
2024-06-10 19:00,0.434,5.2,0.376,0.227,4.1,0.057,0.207,2.6,0.184,-0.1,4.6,-0.1,3.1,100,8545,64.93,2.6
2024-06-10 19:15,0.434,5.2,0.377,0.227,4.1,0.055,0.207,2.7,0.184,-0.1,4.5,-0.1,3.2,100,8539,64.93,1
2024-06-10 19:30,0.434,5.2,0.378,0.228,4.1,0.055,0.207,2.7,0.183,-0.1,4.5,-0.1,3.2,100,8535,64.93,0.4
2024-06-10 19:45,0.434,5.2,0.377,0.228,4.1,0.056,0.207,2.7,0.183,-0.1,4.5,-0.1,3.2,100,8533,64.94,0.1
2024-06-10 20:00,0.434,5.2,0.377,0.228,4.1,0.056,0.207,2.7,0.182,-0.1,4.5,-0.1,3.2,100,8529,64.94,-1
2024-06-10 20:15,0.434,5.2,0.376,0.228,4.1,0.057,0.207,2.7,0.182,-0.1,4.5,-0.1,3.2,100,8523,64.94,-1.8
2024-06-10 20:30,0.434,5.2,0.378,0.228,4.1,0.056,0.207,2.7,0.185,-0.1,4.5,-0.1,3.3,100,8526,64.95,-2.7
2024-06-10 20:45,0.434,5.2,0.378,0.228,4.1,0.056,0.207,2.7,0.183,-0.1,4.5,-0.1,3.3,100,8521,64.96,-3.4
2024-06-10 21:00,0.434,5.2,0.377,0.228,4.1,0.057,0.207,2.7,0.181,-0.1,4.5,-0.1,3.3,100,8521,64.97,-4.4
2024-06-10 21:15,0.434,5.2,0.378,0.228,4.1,0.056,0.206,2.7,0.183,-0.1,4.5,-0.1,3.3,100,8510,64.96,-5.1
2024-06-10 21:30,0.434,5.2,0.378,0.228,4.1,0.057,0.206,2.7,0.184,-0.1,4.5,-0.1,3.3,100,8511,64.96,-5.3
2024-06-10 21:45,0.434,5.2,0.378,0.228,4.1,0.058,0.206,2.7,0.183,-0.1,4.5,-0.1,3.3,100,8510,64.97,-5.8
2024-06-10 22:00,0.434,5.2,0.378,0.228,4.1,0.057,0.206,2.7,0.183,-0.1,4.5,-0.1,3.3,100,8510,64.98,-6.8
2024-06-10 22:15,0.434,5.2,0.378,0.228,4.1,0.058,0.206,2.6,0.181,-0.1,4.5,-0.1,3.3,100,8505,64.99,-7.1
2024-06-10 22:30,0.434,5.2,0.378,0.228,4.1,0.057,0.206,2.6,0.182,-0.1,4.5,-0.1,3.3,100,8506,64.99,-7.4
2024-06-10 22:45,0.434,5.2,0.379,0.228,4.1,0.057,0.205,2.6,0.182,-0.1,4.5,-0.1,3.3,100,8503,64.99,-8
2024-06-10 23:00,0.434,5.2,0.376,0.228,4.2,0.057,0.205,2.6,0.181,-0.1,4.5,-0.1,3.3,100,8504,64.99,-8.3
2024-06-10 23:15,0.434,5.2,0.378,0.228,4.2,0.056,0.205,2.6,0.18,-0.1,4.5,-0.1,3.3,100,8502,64.97,-8.6
2024-06-10 23:30,0.434,5.2,0.377,0.227,4.2,0.056,0.205,2.5,0.18,-0.1,4.5,-0.1,3.3,100,8501,64.97,-8.6
2024-06-10 23:45,0.434,5.2,0.378,0.227,4.2,0.057,0.205,2.5,0.179,-0.1,4.5,-0.1,3.3,100,8500,64.96,-9.2
2024-06-11 00:00,0.434,5.2,0.378,0.227,4.2,0.057,0.205,2.5,0.179,-0.1,4.5,-0.1,3.3,100,8501,64.95,-9.6
2024-06-11 00:15,0.434,5.2,0.378,0.228,4.2,0.058,0.205,2.5,0.181,-0.1,4.5,-0.1,3.3,100,8437,64.95,-9.8
2024-06-11 00:30,0.434,5.2,0.377,0.228,4.2,0.056,0.205,2.5,0.18,-0.1,4.5,-0.1,3.3,100,8456,64.95,-10.4
2024-06-11 00:45,0.434,5.2,0.377,0.228,4.2,0.056,0.205,2.4,0.177,-0.1,4.5,-0.1,3.3,100,8459,64.95,-10.8
2024-06-11 01:00,0.434,5.2,0.377,0.228,4.2,0.057,0.205,2.4,0.179,-0.1,4.5,-0.1,3.3,100,8462,64.95,-11.3
2024-06-11 01:15,0.434,5.2,0.377,0.228,4.2,0.057,0.204,2.4,0.178,-0.1,4.5,-0.1,3.3,100,8465,64.95,-11.7
2024-06-11 01:30,0.434,5.2,0.376,0.228,4.2,0.057,0.204,2.4,0.178,-0.1,4.5,-0.1,3.3,100,8463,64.96,-11.8
2024-06-11 01:45,0.434,5.2,0.378,0.228,4.2,0.057,0.204,2.4,0.18,-0.1,4.6,-0.1,3.3,100,8468,64.95,-11.9
2024-06-11 02:00,0.434,5.2,0.377,0.228,4.2,0.057,0.204,2.3,0.18,-0.1,4.6,-0.1,3.3,100,8466,64.94,-11.6
2024-06-11 02:15,0.434,5.2,0.376,0.228,4.2,0.057,0.204,2.3,0.18,-0.1,4.6,-0.1,3.3,100,8468,64.94,-11.7
2024-06-11 02:30,0.434,5.2,0.377,0.228,4.2,0.057,0.204,2.3,0.179,-0.1,4.6,-0.1,3.3,100,8466,64.92,-12
2024-06-11 02:45,0.434,5.2,0.376,0.228,4.2,0.057,0.204,2.3,0.176,-0.1,4.6,-0.1,3.3,100,8469,64.92,-12.2
2024-06-11 03:00,0.434,5.2,0.376,0.228,4.2,0.056,0.204,2.3,0.18,-0.1,4.6,-0.1,3.3,100,8469,64.92,-12.4
2024-06-11 03:15,0.434,5.2,0.376,0.228,4.2,0.056,0.204,2.2,0.176,-0.1,4.6,-0.1,3.3,100,8468,64.92,-12.5
2024-06-11 03:30,0.434,5.2,0.376,0.228,4.2,0.056,0.204,2.2,0.179,-0.1,4.6,-0.1,3.3,100,8466,64.91,-13.2
2024-06-11 03:45,0.434,5.2,0.375,0.228,4.2,0.057,0.204,2.2,0.177,-0.1,4.6,-0.1,3.3,100,8467,64.91,-13.7
2024-06-11 04:00,0.434,5.2,0.375,0.228,4.2,0.056,0.204,2.2,0.177,-0.1,4.6,-0.1,3.3,100,8464,64.9,-14.1
2024-06-11 04:15,0.434,5.2,0.376,0.228,4.2,0.056,0.204,2.2,0.177,-0.1,4.6,-0.1,3.3,100,8465,64.9,-14.3
2024-06-11 04:30,0.434,5.2,0.375,0.228,4.2,0.056,0.203,2.1,0.177,-0.1,4.6,-0.1,3.2,100,8459,64.9,-14.4
2024-06-11 04:45,0.434,5.2,0.375,0.228,4.2,0.056,0.204,2.1,0.176,-0.1,4.6,-0.1,3.2,100,8460,64.91,-14.4
2024-06-11 05:00,0.434,5.2,0.376,0.229,4.2,0.056,0.203,2.1,0.176,-0.1,4.6,-0.1,3.2,100,8461,64.9,-14.5
2024-06-11 05:15,0.434,5.2,0.375,0.228,4.2,0.056,0.203,2.1,0.177,-0.1,4.6,-0.1,3.2,100,8462,64.91,-14.7
2024-06-11 05:30,0.434,5.2,0.375,0.228,4.2,0.056,0.203,2.1,0.176,-0.1,4.6,-0.1,3.2,100,8456,64.91,-15.1
2024-06-11 05:45,0.434,5.1,0.375,0.228,4.2,0.056,0.203,2,0.176,-0.1,4.6,-0.1,3.2,100,8456,64.91,-15.1
2024-06-11 06:00,0.434,5.1,0.375,0.228,4.2,0.056,0.203,2,0.176,-0.1,4.6,-0.1,3.2,100,8458,64.92,-14.8
2024-06-11 06:15,0.434,5.1,0.376,0.228,4.2,0.056,0.203,2,0.174,-0.1,4.6,-0.1,3.2,100,8457,64.93,-14.8
2024-06-11 06:30,0.434,5.1,0.374,0.228,4.2,0.057,0.203,2,0.175,-0.1,4.6,-0.1,3.2,100,8458,64.93,-15.1
2024-06-11 06:45,0.434,5.1,0.375,0.228,4.2,0.056,0.203,2,0.176,-0.1,4.6,-0.1,3.2,100,8454,64.94,-15.4
2024-06-11 07:00,0.434,5.1,0.375,0.228,4.2,0.057,0.203,1.9,0.177,-0.1,4.6,-0.1,3.1,100,8452,64.96,-15.8
2024-06-11 07:15,0.434,5.1,0.375,0.228,4.2,0.057,0.203,1.9,0.176,-0.1,4.6,-0.1,3.1,100,8453,64.97,-16
2024-06-11 07:30,0.434,5.1,0.376,0.228,4.2,0.056,0.203,1.9,0.177,-0.1,4.6,-0.1,3.1,100,8459,64.97,-15.7
2024-06-11 07:45,0.434,5.1,0.375,0.228,4.2,0.056,0.203,1.9,0.177,-0.1,4.5,-0.1,3.1,100,8489,64.99,-14.5
2024-06-11 08:00,0.434,5.1,0.374,0.228,4.2,0.057,0.203,1.9,0.177,-0.1,4.5,-0.1,3.1,100,8525,65.02,-12.4
2024-06-11 08:15,0.434,5.1,0.374,0.228,4.1,0.055,0.203,1.8,0.176,-0.1,4.5,-0.1,3.1,100,8573,65.05,-10.6
2024-06-11 08:30,0.434,5.1,0.374,0.228,4.1,0.055,0.202,1.8,0.176,-0.1,4.5,-0.1,3.1,100,8618,65.07,-8.1
2024-06-11 08:45,0.434,5.1,0.374,0.228,4.1,0.055,0.202,1.8,0.176,-0.1,4.5,-0.1,3.1,100,8659,65.11,-5.3
2024-06-11 09:00,0.434,5.1,0.374,0.228,4.1,0.055,0.202,1.8,0.175,-0.1,4.5,-0.1,3.1,100,8699,65.13,-3.3
2024-06-11 09:15,0.434,5.1,0.373,0.228,4.1,0.055,0.202,1.8,0.173,-0.1,4.5,-0.1,3.1,100,8724,65.14,-2
2024-06-11 09:30,0.434,5.1,0.375,0.227,4.1,0.056,0.202,1.8,0.175,-0.1,4.5,-0.1,3.1,100,8758,65.15,-0.8
2024-06-11 09:45,0.434,5.1,0.374,0.227,4.1,0.055,0.202,1.7,0.175,-0.1,4.5,-0.1,3,100,8770,65.16,0.7
2024-06-11 10:00,0.434,5.1,0.374,0.227,4.1,0.056,0.202,1.7,0.175,-0.1,4.5,-0.1,3,100,8789,65.17,2.2
2024-06-11 10:15,0.434,5.1,0.374,0.226,4.1,0.056,0.202,1.7,0.175,-0.1,4.5,-0.1,3,100,8796,65.18,4
2024-06-11 10:30,0.434,5.1,0.374,0.226,4.1,0.055,0.202,1.7,0.174,-0.1,4.5,-0.1,3,100,8795,65.18,5.9
2024-06-11 10:45,0.434,5.1,0.374,0.226,4.1,0.055,0.202,1.7,0.175,-0.1,4.5,-0.1,3,100,8788,65.17,7.5
2024-06-11 11:00,0.434,5.1,0.374,0.226,4.1,0.054,0.202,1.7,0.175,-0.1,4.5,-0.1,3,100,8778,65.16,8.7
2024-06-11 11:15,0.434,5.1,0.374,0.226,4.1,0.054,0.202,1.7,0.174,-0.1,4.5,-0.1,3,100,8773,65.15,9.4
2024-06-11 11:30,0.434,5.1,0.374,0.226,4.1,0.054,0.202,1.6,0.175,-0.1,4.5,-0.1,3,100,8765,65.14,10.4
2024-06-11 11:45,0.434,5.1,0.373,0.225,4.1,0.053,0.202,1.6,0.175,-0.1,4.5,-0.1,2.9,100,8756,65.13,11.8
2024-06-11 12:00,0.434,5.1,0.374,0.225,4.1,0.053,0.202,1.6,0.174,-0.1,4.5,-0.1,2.9,100,8747,65.11,12.8
2024-06-11 12:15,0.434,5.1,0.374,0.225,4.1,0.054,0.202,1.6,0.175,-0.1,4.5,-0.1,2.9,100,8734,65.09,14.2
2024-06-11 12:30,0.434,5.1,0.374,0.225,4.1,0.052,0.203,1.6,0.177,-0.1,4.5,-0.1,2.9,100,8721,65.07,15.6
2024-06-11 12:45,0.434,5.1,0.373,0.225,4.1,0.053,0.202,1.6,0.176,-0.1,4.5,-0.1,2.9,100,8691,65.05,16.5
2024-06-11 13:00,0.434,5.1,0.375,0.225,4.1,0.053,0.203,1.6,0.176,-0.1,4.5,-0.1,2.9,100,8686,65.02,17.3
2024-06-11 13:15,0.434,5.1,0.374,0.225,4,0.054,0.203,1.6,0.178,-0.1,4.5,-0.1,2.9,100,8679,65,18
2024-06-11 13:30,0.434,5.1,0.374,0.225,4,0.052,0.203,1.6,0.176,-0.1,4.5,-0.1,2.9,100,8665,64.98,18.7
2024-06-11 13:45,0.434,5.1,0.373,0.225,4,0.054,0.203,1.6,0.178,-0.1,4.5,-0.1,2.9,100,8651,64.97,19
2024-06-11 14:00,0.434,5.1,0.373,0.225,4,0.054,0.203,1.6,0.177,-0.1,4.5,-0.1,2.9,100,8631,64.95,18.9
2024-06-11 14:15,0.434,5.1,0.374,0.225,4,0.053,0.204,1.6,0.177,-0.1,4.5,-0.1,2.9,100,8624,64.94,18.8
2024-06-11 14:30,0.434,5.1,0.374,0.225,4,0.052,0.204,1.6,0.177,-0.1,4.5,-0.1,2.9,100,8614,64.93,19
2024-06-11 14:45,0.434,5.1,0.374,0.225,4,0.054,0.205,1.5,0.176,-0.1,4.5,-0.1,2.8,100,8607,64.93,18.8
2024-06-11 15:00,0.434,5.1,0.374,0.225,4,0.053,0.205,1.5,0.179,-0.1,4.5,-0.1,2.8,100,8599,64.92,18.3
2024-06-11 15:15,0.434,5.1,0.374,0.225,4,0.053,0.206,1.5,0.177,-0.1,4.5,-0.1,2.8,100,8603,64.92,16.9
2024-06-11 15:30,0.434,5.1,0.374,0.226,4,0.053,0.207,1.6,0.179,-0.1,4.5,-0.1,2.8,100,8615,64.92,16.6
2024-06-11 15:45,0.434,5.1,0.374,0.226,4,0.053,0.207,1.6,0.183,-0.1,4.5,-0.1,2.8,100,8617,64.92,16.4
2024-06-11 16:00,0.434,5.1,0.374,0.226,4,0.053,0.208,1.6,0.184,-0.1,4.5,-0.1,2.8,100,8619,64.93,16.1
2024-06-11 16:15,0.434,5.1,0.374,0.226,4,0.054,0.208,1.6,0.182,-0.1,4.5,-0.1,2.8,100,8613,64.92,15.8
2024-06-11 16:30,0.434,5.1,0.374,0.226,4,0.053,0.209,1.7,0.183,-0.1,4.5,-0.1,2.8,100,8599,64.92,15
2024-06-11 16:45,0.434,5.1,0.374,0.226,4,0.052,0.209,1.8,0.182,-0.1,4.5,-0.1,2.8,100,8590,64.91,13.8
2024-06-11 17:00,0.434,5.1,0.374,0.226,4,0.052,0.209,1.9,0.184,-0.1,4.5,-0.1,2.8,100,8585,64.9,13.1
2024-06-11 17:15,0.434,5.1,0.375,0.226,4,0.053,0.209,2,0.186,-0.1,4.4,-0.1,2.8,100,8577,64.91,12.5
2024-06-11 17:30,0.434,5.1,0.374,0.226,3.9,0.053,0.209,2,0.186,-0.1,4.4,-0.1,2.8,100,8567,64.91,11.9
2024-06-11 17:45,0.434,5.1,0.375,0.226,3.9,0.054,0.209,2.1,0.186,-0.1,4.4,-0.1,2.9,100,8551,64.91,10.8
2024-06-11 18:00,0.434,5.1,0.375,0.226,3.9,0.054,0.208,2.2,0.185,-0.1,4.4,-0.1,2.9,100,8545,64.92,9.9
2024-06-11 18:15,0.434,5.1,0.374,0.226,3.9,0.053,0.208,2.3,0.184,-0.1,4.4,-0.1,2.9,100,8530,64.92,9.2
2024-06-11 18:30,0.434,5.1,0.375,0.226,3.9,0.053,0.208,2.4,0.185,-0.1,4.4,-0.1,2.9,100,8526,64.96,8.2
2024-06-11 18:45,0.434,5.1,0.373,0.226,3.9,0.053,0.208,2.4,0.183,-0.1,4.4,-0.1,3,100,8518,65,6.6
2024-06-11 19:00,0.434,5.1,0.375,0.226,3.9,0.052,0.208,2.5,0.184,-0.1,4.4,-0.1,3,100,8516,65,5.2
2024-06-11 19:15,0.434,5.1,0.375,0.226,3.9,0.053,0.207,2.6,0.184,-0.1,4.4,-0.1,3,100,8513,65,3.8
2024-06-11 19:30,0.434,5.1,0.374,0.226,3.9,0.054,0.207,2.6,0.184,-0.1,4.4,-0.1,3,100,8510,65,2.2
2024-06-11 19:45,0.434,5.1,0.374,0.226,3.9,0.054,0.207,2.6,0.184,-0.1,4.4,-0.1,3.1,100,8502,65.01,1.9
2024-06-11 20:00,0.434,5.1,0.375,0.227,3.9,0.054,0.207,2.7,0.185,-0.1,4.4,-0.1,3.1,100,8497,65.02,1
2024-06-11 20:15,0.434,5.1,0.375,0.227,3.9,0.055,0.207,2.7,0.185,-0.1,4.4,-0.1,3.1,100,8495,65.02,0.8
2024-06-11 20:30,0.434,5.1,0.375,0.227,4,0.054,0.207,2.7,0.183,-0.1,4.4,-0.1,3.1,100,8494,65.03,0.2
2024-06-11 20:45,0.434,5.1,0.374,0.227,4,0.054,0.207,2.7,0.185,-0.1,4.4,-0.1,3.2,100,8491,65.02,-0.7
2024-06-11 21:00,0.434,5.1,0.375,0.227,4,0.056,0.206,2.7,0.184,-0.1,4.4,-0.1,3.2,100,8490,65.01,-1.7
2024-06-11 21:15,0.434,5.1,0.375,0.227,4,0.056,0.206,2.7,0.184,-0.1,4.4,-0.1,3.2,100,8485,65.01,-2.8
2024-06-11 21:30,0.434,5.1,0.376,0.227,4,0.055,0.206,2.7,0.183,-0.1,4.4,-0.1,3.2,100,8482,65.03,-3.6
2024-06-11 21:45,0.434,5,0.375,0.227,4,0.056,0.206,2.6,0.183,-0.1,4.4,-0.1,3.2,100,8481,65.03,-4.4
2024-06-11 22:00,0.434,5,0.376,0.227,4,0.056,0.206,2.6,0.183,-0.1,4.4,-0.1,3.2,100,8480,65.03,-4.8
2024-06-11 22:15,0.434,5,0.375,0.227,4,0.055,0.206,2.6,0.184,-0.1,4.4,-0.1,3.2,100,8473,65.04,-5.1
2024-06-11 22:30,0.434,5,0.376,0.227,4,0.055,0.206,2.6,0.183,-0.1,4.4,-0.1,3.2,100,8474,65.04,-5
2024-06-11 22:45,0.434,5,0.376,0.227,4,0.056,0.205,2.6,0.184,-0.1,4.4,-0.1,3.2,100,8473,65.05,-5.6
2024-06-11 23:00,0.434,5,0.375,0.227,4,0.056,0.205,2.6,0.181,-0.1,4.4,-0.1,3.3,100,8471,65.05,-6.2
2024-06-11 23:15,0.434,5,0.375,0.227,4,0.056,0.205,2.5,0.182,-0.1,4.4,-0.1,3.3,100,8470,65.05,-6.4
2024-06-11 23:30,0.434,5,0.376,0.227,4,0.056,0.205,2.5,0.183,-0.1,4.4,-0.1,3.3,100,8471,65.04,-6.8
2024-06-11 23:45,0.434,5,0.376,0.227,4,0.056,0.205,2.5,0.181,-0.1,4.4,-0.1,3.3,100,8468,65.04,-7.6
2024-06-12 00:00,0.434,5,0.375,0.227,4,0.055,0.205,2.5,0.179,-0.1,4.4,-0.1,3.3,100,8468,65.03,-8.2
2024-06-12 00:15,0.434,5,0.375,0.227,4,0.056,0.205,2.5,0.181,-0.1,4.4,-0.1,3.3,100,8374,65.02,-8.1
2024-06-12 00:30,0.434,5,0.375,0.227,4,0.056,0.204,2.4,0.182,-0.1,4.4,-0.1,3.3,100,8427,65.01,-8.4
2024-06-12 00:45,0.434,5,0.375,0.228,4.1,0.055,0.204,2.4,0.181,-0.1,4.4,-0.1,3.3,100,8432,65.01,-8.9
2024-06-12 01:00,0.434,5,0.375,0.228,4.1,0.056,0.204,2.4,0.18,-0.1,4.4,-0.1,3.3,100,8432,65,-9.3
2024-06-12 01:15,0.434,5,0.375,0.228,4.1,0.055,0.204,2.4,0.18,-0.1,4.4,-0.1,3.2,100,8436,65,-9.2
2024-06-12 01:30,0.434,5,0.374,0.228,4.1,0.057,0.204,2.4,0.18,-0.1,4.4,-0.1,3.2,100,8433,64.99,-9.7
2024-06-12 01:45,0.434,5,0.375,0.228,4.1,0.056,0.204,2.3,0.179,-0.1,4.4,-0.1,3.2,100,8435,64.98,-10
2024-06-12 02:00,0.434,5,0.374,0.228,4.1,0.056,0.204,2.3,0.18,-0.1,4.4,-0.1,3.2,100,8436,64.98,-9.9
2024-06-12 02:15,0.434,5,0.374,0.228,4.1,0.056,0.204,2.3,0.181,-0.1,4.4,-0.1,3.2,100,8437,64.96,-10.1
2024-06-12 02:30,0.434,5,0.374,0.228,4.1,0.055,0.204,2.3,0.181,-0.1,4.4,-0.1,3.2,100,8438,64.95,-10.4
2024-06-12 02:45,0.434,5,0.374,0.228,4.1,0.056,0.204,2.3,0.18,-0.1,4.4,-0.1,3.2,100,8437,64.93,-10.9
2024-06-12 03:00,0.434,5,0.375,0.228,4.1,0.055,0.203,2.2,0.18,-0.1,4.4,-0.1,3.2,100,8440,64.92,-11
2024-06-12 03:15,0.434,5,0.374,0.228,4.1,0.056,0.204,2.2,0.18,-0.1,4.4,-0.1,3.2,100,8437,64.91,-11.1
2024-06-12 03:30,0.434,5,0.373,0.228,4.1,0.056,0.203,2.2,0.18,-0.1,4.4,-0.1,3.2,100,8437,64.91,-11.3
2024-06-12 03:45,0.434,5,0.374,0.228,4.1,0.055,0.203,2.2,0.179,-0.1,4.4,-0.1,3.2,100,8437,64.9,-11.5
2024-06-12 04:00,0.434,5,0.374,0.228,4.1,0.056,0.203,2.2,0.179,-0.1,4.4,-0.1,3.2,100,8437,64.9,-11.8
2024-06-12 04:15,0.434,5,0.374,0.228,4.1,0.055,0.203,2.2,0.179,-0.1,4.5,-0.1,3.2,100,8436,64.9,-11.8
2024-06-12 04:30,0.434,5,0.374,0.228,4.1,0.055,0.203,2.1,0.18,-0.1,4.5,-0.1,3.2,100,8430,64.89,-12
2024-06-12 04:45,0.434,5,0.374,0.227,4.1,0.057,0.203,2.1,0.178,-0.1,4.5,-0.1,3.2,100,8431,64.89,-12.1
2024-06-12 05:00,0.434,5,0.375,0.227,4.1,0.056,0.203,2.1,0.18,-0.1,4.5,-0.1,3.2,100,8431,64.9,-12.3
2024-06-12 05:15,0.434,5,0.374,0.227,4.1,0.056,0.203,2.1,0.177,-0.1,4.5,-0.1,3.1,100,8433,64.89,-12.6
2024-06-12 05:30,0.434,5,0.373,0.227,4.1,0.057,0.203,2.1,0.177,-0.1,4.5,-0.1,3.1,100,8426,64.9,-12.6
2024-06-12 05:45,0.434,5,0.374,0.227,4.1,0.055,0.203,2,0.177,-0.1,4.5,-0.1,3.1,100,8428,64.92,-12.4
2024-06-12 06:00,0.434,5,0.374,0.227,4.1,0.056,0.203,2,0.177,-0.1,4.5,-0.1,3.1,100,8429,64.92,-12.6
2024-06-12 06:15,0.434,5,0.375,0.227,4.1,0.056,0.203,2,0.177,-0.1,4.5,-0.1,3.1,100,8428,64.92,-12.6
2024-06-12 06:30,0.434,5,0.374,0.227,4.1,0.055,0.203,2,0.177,-0.1,4.5,-0.1,3.1,100,8423,64.93,-12.3
2024-06-12 06:45,0.434,5,0.374,0.227,4.1,0.056,0.203,2,0.177,-0.1,4.5,-0.1,3.1,100,8424,64.94,-12.5
2024-06-12 07:00,0.434,5,0.374,0.227,4.1,0.056,0.203,1.9,0.176,-0.1,4.5,-0.1,3.1,100,8425,64.95,-12.8
2024-06-12 07:15,0.434,5,0.374,0.227,4.1,0.055,0.203,1.9,0.178,-0.1,4.5,-0.1,3.1,100,8421,64.94,-13.1
2024-06-12 07:30,0.434,5,0.374,0.227,4.1,0.056,0.203,1.9,0.177,-0.1,4.5,-0.1,3.1,100,8430,64.95,-13.2
2024-06-12 07:45,0.434,5,0.373,0.227,4.1,0.056,0.203,1.9,0.177,-0.1,4.5,-0.1,3.1,100,8463,64.96,-12.8
2024-06-12 08:00,0.434,5,0.373,0.227,4.1,0.056,0.203,1.9,0.176,-0.1,4.5,-0.1,3.1,100,8500,64.98,-10.9
2024-06-12 08:15,0.434,5,0.373,0.227,4.1,0.056,0.203,1.9,0.177,-0.1,4.5,-0.1,3,100,8543,65.01,-8.6
2024-06-12 08:30,0.434,5,0.373,0.227,4,0.055,0.202,1.8,0.177,-0.1,4.5,-0.1,3,100,8586,65.03,-6.1
2024-06-12 08:45,0.434,5,0.375,0.227,4,0.055,0.203,1.8,0.177,-0.1,4.4,-0.1,3,100,8617,65.05,-3.6
2024-06-12 09:00,0.434,5,0.374,0.227,4,0.056,0.202,1.8,0.177,-0.1,4.4,-0.1,3,100,8656,65.07,-1.4
2024-06-12 09:15,0.434,5,0.373,0.227,4,0.056,0.202,1.8,0.176,-0.1,4.4,-0.1,3,100,8687,65.09,0.6
2024-06-12 09:30,0.434,5,0.374,0.227,4,0.055,0.202,1.8,0.177,-0.1,4.4,-0.1,3,100,8706,65.11,2.2
2024-06-12 09:45,0.434,5,0.374,0.227,4,0.056,0.202,1.8,0.178,-0.1,4.4,-0.1,3,100,8724,65.12,4.4
2024-06-12 10:00,0.434,5,0.374,0.227,4,0.054,0.203,1.8,0.177,-0.1,4.4,-0.1,3,100,8732,65.13,6.4
2024-06-12 10:15,0.434,5,0.373,0.227,4,0.054,0.202,1.7,0.177,-0.1,4.4,-0.1,3,100,8728,65.14,7.8
2024-06-12 10:30,0.434,5,0.373,0.227,4,0.053,0.202,1.7,0.176,-0.1,4.4,-0.1,3,100,8734,65.13,8.7
2024-06-12 10:45,0.434,5,0.373,0.227,4,0.053,0.203,1.7,0.177,-0.1,4.4,-0.1,2.9,100,8736,65.13,9.7
2024-06-12 11:00,0.434,5,0.373,0.226,4,0.053,0.202,1.7,0.176,-0.1,4.4,-0.1,2.9,100,8734,65.14,10.4
2024-06-12 11:15,0.434,5,0.372,0.226,4,0.053,0.202,1.7,0.178,-0.1,4.4,-0.1,2.9,100,8730,65.14,11.4
2024-06-12 11:30,0.434,5,0.373,0.226,4,0.054,0.202,1.7,0.178,-0.1,4.4,-0.1,2.9,100,8726,65.13,12.8
2024-06-12 11:45,0.434,5,0.373,0.226,4,0.053,0.202,1.7,0.177,-0.1,4.4,-0.1,2.9,100,8723,65.11,14.3
2024-06-12 12:00,0.434,5,0.373,0.226,4,0.054,0.202,1.7,0.176,-0.1,4.4,-0.1,2.9,100,8712,65.08,16.3
2024-06-12 12:15,0.434,5,0.374,0.226,4,0.054,0.203,1.6,0.177,-0.1,4.4,-0.1,2.9,100,8699,65.06,17.8
2024-06-12 12:30,0.434,5,0.373,0.226,4,0.053,0.203,1.6,0.177,-0.1,4.4,-0.1,2.9,100,8681,65.04,19
2024-06-12 12:45,0.434,5,0.374,0.226,4,0.053,0.203,1.6,0.177,-0.1,4.4,-0.1,2.9,100,8656,65.02,19.5
2024-06-12 13:00,0.434,5,0.373,0.226,4,0.055,0.203,1.6,0.177,-0.1,4.4,-0.1,2.9,100,8649,65.01,19.2
2024-06-12 13:15,0.434,5,0.373,0.226,4,0.054,0.203,1.6,0.178,-0.1,4.4,-0.1,2.9,100,8643,64.99,18.9
2024-06-12 13:30,0.434,5,0.372,0.226,4,0.054,0.203,1.6,0.177,-0.1,4.4,-0.1,2.9,100,8643,64.97,19
2024-06-12 13:45,0.434,5,0.374,0.226,4,0.055,0.204,1.6,0.177,-0.1,4.4,-0.1,2.8,100,8637,64.95,19.2
2024-06-12 14:00,0.434,5,0.373,0.226,4,0.054,0.204,1.6,0.179,-0.1,4.4,-0.1,2.8,100,8633,64.93,20.2
2024-06-12 14:15,0.434,5,0.373,0.226,4,0.054,0.205,1.6,0.178,-0.1,4.4,-0.1,2.8,100,8624,64.91,21.3
2024-06-12 14:30,0.434,5,0.373,0.226,3.9,0.054,0.205,1.6,0.18,-0.1,4.4,-0.1,2.8,100,8613,64.88,22
2024-06-12 14:45,0.434,5,0.373,0.226,3.9,0.054,0.206,1.6,0.181,-0.1,4.4,-0.1,2.8,100,8602,64.87,21.4
2024-06-12 15:00,0.434,5,0.372,0.226,3.9,0.055,0.207,1.6,0.183,-0.1,4.4,-0.1,2.8,100,8599,64.87,19.9
2024-06-12 15:15,0.434,5,0.372,0.226,3.9,0.054,0.207,1.7,0.182,-0.1,4.4,-0.1,2.8,100,8598,64.87,18.8
2024-06-12 15:30,0.434,5,0.373,0.226,3.9,0.054,0.208,1.8,0.183,-0.1,4.4,-0.1,2.8,100,8601,64.88,18.1
2024-06-12 15:45,0.434,5,0.373,0.226,3.9,0.055,0.208,1.8,0.184,-0.1,4.4,-0.1,2.8,100,8595,64.88,17.4
2024-06-12 16:00,0.434,5,0.374,0.226,3.9,0.054,0.208,1.9,0.186,-0.1,4.4,-0.1,2.8,100,8596,64.88,17.1
2024-06-12 16:15,0.434,5,0.373,0.226,3.9,0.053,0.208,2,0.188,-0.1,4.4,-0.1,2.8,100,8588,64.88,16.4
2024-06-12 16:30,0.434,5,0.373,0.226,3.9,0.054,0.208,2.2,0.186,-0.1,4.4,-0.1,2.8,100,8588,64.88,15.5
2024-06-12 16:45,0.434,5,0.375,0.226,3.9,0.054,0.208,2.3,0.186,-0.1,4.4,-0.1,2.9,100,8584,64.89,14.6
2024-06-12 17:00,0.434,5,0.373,0.226,3.9,0.053,0.208,2.4,0.187,-0.1,4.4,-0.1,2.9,100,8580,64.9,13.5
2024-06-12 17:15,0.434,5,0.373,0.227,3.9,0.053,0.208,2.6,0.189,-0.1,4.4,-0.1,2.9,100,8573,64.91,12.7
2024-06-12 17:30,0.434,5,0.373,0.226,3.9,0.054,0.208,2.7,0.187,-0.1,4.4,-0.1,3,100,8561,64.91,11.3
2024-06-12 17:45,0.434,5,0.373,0.226,3.9,0.054,0.208,2.8,0.189,-0.1,4.4,-0.1,3,100,8547,64.92,9.3
2024-06-12 18:00,0.434,5,0.374,0.227,3.9,0.054,0.207,2.9,0.188,-0.1,4.3,-0.1,3,100,8538,64.91,7.1
2024-06-12 18:15,0.434,5,0.374,0.227,3.9,0.053,0.207,3,0.187,-0.1,4.3,-0.1,3.1,100,8524,64.92,5.2
2024-06-12 18:30,0.434,5,0.374,0.227,3.9,0.055,0.207,3.1,0.187,-0.1,4.3,-0.1,3.1,100,8523,64.92,3.6
2024-06-12 18:45,0.434,5,0.373,0.227,3.9,0.055,0.207,3.2,0.188,-0.1,4.3,-0.1,3.2,100,8518,64.93,2.3
2024-06-12 19:00,0.434,5,0.373,0.227,3.9,0.055,0.207,3.2,0.188,-0.1,4.3,-0.1,3.2,100,8514,64.93,1.5
2024-06-12 19:15,0.434,5,0.374,0.227,3.9,0.056,0.207,3.3,0.188,-0.1,4.3,-0.1,3.3,100,8507,64.93,0.9
2024-06-12 19:30,0.434,5,0.373,0.227,3.9,0.054,0.206,3.3,0.187,-0.1,4.3,-0.1,3.3,100,8506,64.93,0.2
2024-06-12 19:45,0.434,5,0.374,0.227,3.9,0.056,0.206,3.3,0.188,-0.1,4.3,-0.1,3.3,100,8504,64.93,-0.4
2024-06-12 20:00,0.434,5,0.374,0.227,4,0.055,0.206,3.3,0.187,-0.1,4.3,-0.1,3.4,100,8503,64.94,-1
2024-06-12 20:15,0.434,5,0.375,0.227,4,0.056,0.206,3.3,0.188,-0.1,4.3,-0.1,3.4,100,8494,64.94,-2.1
2024-06-12 20:30,0.434,5,0.375,0.227,4,0.056,0.206,3.3,0.187,-0.1,4.3,-0.1,3.4,100,8496,64.93,-3
2024-06-12 20:45,0.434,5,0.374,0.227,4,0.056,0.206,3.3,0.187,-0.1,4.3,-0.1,3.4,100,8491,64.94,-3.5
2024-06-12 21:00,0.434,5,0.373,0.227,4,0.056,0.206,3.3,0.187,-0.1,4.4,-0.1,3.5,100,8492,64.93,-3.6
2024-06-12 21:15,0.434,5,0.374,0.227,4,0.056,0.206,3.3,0.187,-0.1,4.4,-0.1,3.5,100,8491,64.92,-4.1
2024-06-12 21:30,0.434,5,0.374,0.227,4,0.057,0.205,3.2,0.188,-0.1,4.4,-0.1,3.5,100,8490,64.92,-4.4
2024-06-12 21:45,0.434,5,0.373,0.227,4,0.056,0.205,3.2,0.188,-0.1,4.4,-0.1,3.5,100,8485,64.93,-5
2024-06-12 22:00,0.434,5,0.375,0.227,4.1,0.056,0.205,3.2,0.185,-0.1,4.4,-0.1,3.5,100,8486,64.94,-5.5
2024-06-12 22:15,0.434,5,0.374,0.227,4.1,0.055,0.205,3.2,0.186,-0.1,4.4,-0.1,3.5,100,8482,64.95,-5.1
2024-06-12 22:30,0.434,5,0.375,0.227,4.1,0.056,0.205,3.1,0.185,-0.1,4.4,-0.1,3.6,100,8482,64.99,-1.7
2024-06-12 22:45,0.434,5,0.374,0.227,4.1,0.057,0.205,3.1,0.186,-0.1,4.4,-0.1,3.6,100,8485,65.01,-0.3
2024-06-12 23:00,0.434,5,0.374,0.227,4.1,0.055,0.205,3.1,0.184,-0.1,4.4,-0.1,3.6,100,8482,65,-1
2024-06-12 23:15,0.434,5,0.374,0.227,4.1,0.056,0.205,3,0.182,-0.1,4.4,-0.1,3.6,100,8481,64.98,-1.9
2024-06-12 23:30,0.434,5,0.374,0.227,4.1,0.057,0.205,3,0.183,-0.1,4.4,-0.1,3.6,100,8480,64.97,-3.3
2024-06-12 23:45,0.434,5,0.374,0.227,4.1,0.057,0.204,3,0.182,-0.1,4.4,-0.1,3.6,100,8478,64.96,-3.8
2024-06-13 00:00,0.434,5,0.375,0.227,4.1,0.058,0.204,2.9,0.183,-0.1,4.4,-0.1,3.6,100,8476,64.94,-4.6
2024-06-13 00:15,0.434,5,0.373,0.228,4.1,0.058,0.204,2.9,0.182,-0.1,4.4,-0.1,3.6,100,8422,64.92,-5.2
2024-06-13 00:30,0.434,5,0.375,0.228,4.2,0.056,0.204,2.9,0.184,-0.1,4.4,-0.1,3.6,100,8440,64.91,-5.9
2024-06-13 00:45,0.434,5,0.373,0.228,4.2,0.057,0.204,2.8,0.184,-0.1,4.4,-0.1,3.5,100,8442,64.89,-6.8
2024-06-13 01:00,0.434,5,0.373,0.228,4.2,0.057,0.204,2.8,0.185,-0.1,4.4,-0.1,3.5,100,8445,64.87,-7
2024-06-13 01:15,0.434,5,0.373,0.227,4.2,0.057,0.204,2.8,0.182,-0.1,4.4,-0.1,3.5,100,8444,64.87,-7.3
2024-06-13 01:30,0.434,5,0.373,0.227,4.2,0.057,0.204,2.8,0.184,-0.1,4.4,-0.1,3.5,100,8447,64.87,-7.6
2024-06-13 01:45,0.434,5,0.374,0.227,4.2,0.057,0.204,2.7,0.182,-0.1,4.4,-0.1,3.5,100,8445,64.86,-7.5
2024-06-13 02:00,0.434,5,0.373,0.227,4.2,0.057,0.204,2.7,0.181,-0.1,4.5,-0.1,3.5,100,8445,64.86,-8
2024-06-13 02:15,0.434,5,0.374,0.227,4.2,0.058,0.204,2.7,0.182,-0.1,4.5,-0.1,3.5,100,8447,64.85,-8.3
2024-06-13 02:30,0.434,5,0.374,0.228,4.2,0.057,0.204,2.6,0.182,-0.1,4.5,-0.1,3.5,100,8445,64.85,-8.6
2024-06-13 02:45,0.434,5,0.373,0.227,4.2,0.058,0.204,2.6,0.181,-0.1,4.5,-0.1,3.5,100,8445,64.86,-9.1
2024-06-13 03:00,0.434,5,0.374,0.227,4.2,0.057,0.204,2.6,0.18,-0.1,4.5,-0.1,3.5,100,8446,64.84,-9.6
2024-06-13 03:15,0.434,5,0.373,0.227,4.2,0.057,0.203,2.6,0.179,-0.1,4.5,-0.1,3.5,100,8444,64.83,-9.7
2024-06-13 03:30,0.434,5,0.372,0.227,4.2,0.057,0.204,2.5,0.18,-0.1,4.5,-0.1,3.4,100,8445,64.83,-9.6
2024-06-13 03:45,0.434,5,0.373,0.227,4.2,0.056,0.203,2.5,0.181,-0.1,4.5,-0.1,3.4,100,8444,64.83,-9.7
2024-06-13 04:00,0.434,5,0.372,0.227,4.2,0.057,0.203,2.5,0.181,-0.1,4.5,-0.1,3.4,100,8443,64.82,-10.2
2024-06-13 04:15,0.434,5,0.373,0.227,4.2,0.057,0.203,2.5,0.18,-0.1,4.5,-0.1,3.4,100,8445,64.81,-10.4
2024-06-13 04:30,0.434,5,0.372,0.227,4.2,0.057,0.203,2.4,0.181,-0.1,4.5,-0.1,3.4,100,8445,64.81,-10.6
2024-06-13 04:45,0.434,5,0.372,0.227,4.2,0.056,0.203,2.4,0.177,-0.1,4.5,-0.1,3.4,100,8434,64.82,-11.1
2024-06-13 05:00,0.434,5,0.372,0.228,4.2,0.057,0.203,2.4,0.18,-0.1,4.5,-0.1,3.4,100,8436,64.82,-11.6
2024-06-13 05:15,0.434,5,0.373,0.227,4.2,0.057,0.203,2.4,0.181,-0.1,4.5,-0.1,3.4,100,8432,64.82,-11.4
2024-06-13 05:30,0.434,5,0.372,0.228,4.2,0.058,0.203,2.3,0.181,-0.1,4.5,-0.1,3.4,100,8431,64.83,-11.5
2024-06-13 05:45,0.434,5,0.372,0.227,4.2,0.057,0.203,2.3,0.182,-0.1,4.5,-0.1,3.4,100,8433,64.85,-11.8
2024-06-13 06:00,0.434,5,0.373,0.227,4.2,0.057,0.203,2.3,0.182,-0.1,4.5,-0.1,3.3,100,8432,64.86,-12.1
2024-06-13 06:15,0.434,5,0.373,0.227,4.2,0.057,0.203,2.3,0.181,-0.1,4.5,-0.1,3.3,100,8430,64.86,-12.3
2024-06-13 06:30,0.434,5,0.373,0.228,4.2,0.057,0.203,2.3,0.181,-0.1,4.5,-0.1,3.3,100,8423,64.86,-12.6
2024-06-13 06:45,0.434,5,0.373,0.228,4.2,0.056,0.203,2.2,0.181,-0.1,4.5,-0.1,3.3,100,8426,64.86,-12.4
2024-06-13 07:00,0.434,5,0.374,0.228,4.2,0.058,0.203,2.2,0.178,-0.1,4.5,-0.1,3.3,100,8428,64.88,-12.3
2024-06-13 07:15,0.434,5,0.373,0.228,4.2,0.057,0.203,2.2,0.18,-0.1,4.5,-0.1,3.3,100,8428,64.89,-12.3
2024-06-13 07:30,0.434,5,0.373,0.228,4.2,0.057,0.203,2.2,0.179,-0.1,4.5,-0.1,3.3,100,8428,64.9,-12.2
2024-06-13 07:45,0.434,5,0.373,0.228,4.2,0.057,0.203,2.1,0.181,-0.1,4.5,-0.1,3.3,100,8453,64.91,-11.6
2024-06-13 08:00,0.434,5,0.372,0.228,4.2,0.057,0.203,2.1,0.18,-0.1,4.5,-0.1,3.3,100,8493,64.93,-9.8
2024-06-13 08:15,0.434,5,0.372,0.228,4.2,0.057,0.203,2.1,0.18,-0.1,4.5,-0.1,3.2,100,8532,64.95,-7.6
2024-06-13 08:30,0.434,5,0.373,0.228,4.2,0.058,0.203,2.1,0.178,-0.1,4.5,-0.1,3.2,100,8571,64.98,-5.2
2024-06-13 08:45,0.434,5,0.372,0.228,4.2,0.059,0.203,2,0.18,-0.1,4.5,-0.1,3.2,100,8606,65.01,-3
2024-06-13 09:00,0.434,5,0.373,0.227,4.2,0.056,0.203,2,0.178,-0.1,4.5,-0.1,3.2,100,8643,65.03,-1.3
2024-06-13 09:15,0.434,5,0.373,0.227,4.2,0.056,0.203,2,0.178,-0.1,4.5,-0.1,3.2,100,8677,65.05,1.2
2024-06-13 09:30,0.434,5,0.373,0.227,4.1,0.057,0.203,2,0.177,-0.1,4.5,-0.1,3.2,100,8697,65.05,3.1
2024-06-13 09:45,0.434,5,0.373,0.227,4.1,0.056,0.203,2,0.178,-0.1,4.5,-0.1,3.2,100,8719,65.05,4.5
2024-06-13 10:00,0.434,5,0.373,0.227,4.1,0.056,0.203,2,0.178,-0.1,4.5,-0.1,3.2,100,8733,65.06,6.2
2024-06-13 10:15,0.434,5,0.373,0.227,4.1,0.056,0.203,1.9,0.177,-0.1,4.5,-0.1,3.1,100,8741,65.05,6.6
2024-06-13 10:30,0.434,5,0.373,0.227,4.1,0.056,0.203,1.9,0.177,-0.1,4.5,-0.1,3.1,100,8750,65.04,7.2
2024-06-13 10:45,0.434,5,0.373,0.227,4.1,0.056,0.203,1.9,0.178,-0.1,4.5,-0.1,3.1,100,8752,65.03,8.9
2024-06-13 11:00,0.434,5,0.373,0.227,4.1,0.055,0.203,1.9,0.177,-0.1,4.5,-0.1,3.1,100,8747,65.02,10.8
2024-06-13 11:15,0.434,5,0.373,0.227,4.1,0.055,0.203,1.9,0.178,-0.1,4.5,-0.1,3.1,100,8740,65,12
2024-06-13 11:30,0.434,5,0.373,0.227,4.1,0.056,0.203,1.9,0.178,-0.1,4.5,-0.1,3.1,100,8729,64.99,13
2024-06-13 11:45,0.434,5,0.373,0.227,4.1,0.056,0.203,1.8,0.179,-0.1,4.5,-0.1,3.1,100,8722,64.97,14.1
2024-06-13 12:00,0.434,5,0.374,0.226,4.1,0.056,0.203,1.8,0.178,-0.1,4.5,-0.1,3.1,100,8718,64.96,14.8
2024-06-13 12:15,0.434,5,0.374,0.226,4.1,0.055,0.203,1.8,0.178,-0.1,4.5,-0.1,3.1,100,8711,64.94,16.3
2024-06-13 12:30,0.434,5,0.373,0.226,4.1,0.056,0.203,1.8,0.18,-0.1,4.5,-0.1,3.1,100,8702,64.93,16.2
2024-06-13 12:45,0.434,5,0.373,0.226,4.1,0.056,0.203,1.8,0.18,-0.1,4.5,-0.1,3,100,8688,64.92,16.1
2024-06-13 13:00,0.434,5,0.373,0.226,4.1,0.055,0.203,1.8,0.178,-0.1,4.5,-0.1,3,100,8697,64.9,15.7
2024-06-13 13:15,0.434,5,0.373,0.226,4.1,0.056,0.204,1.8,0.181,-0.1,4.5,-0.1,3,100,8700,64.89,15.6
2024-06-13 13:30,0.434,5,0.373,0.226,4.1,0.056,0.204,1.8,0.181,-0.1,4.5,-0.1,3,100,8699,64.88,15.5
2024-06-13 13:45,0.434,5,0.373,0.226,4.1,0.056,0.205,1.8,0.182,-0.1,4.5,-0.1,3,100,8701,64.88,15.5
2024-06-13 14:00,0.434,5,0.372,0.226,4.1,0.055,0.205,1.8,0.182,-0.1,4.5,-0.1,3,100,8703,64.88,15.6
2024-06-13 14:15,0.434,5,0.373,0.227,4,0.056,0.206,1.8,0.182,-0.1,4.5,-0.1,3,100,8697,64.87,15.6
2024-06-13 14:30,0.434,5,0.374,0.227,4,0.056,0.207,1.8,0.181,-0.1,4.5,-0.1,3,100,8698,64.87,15.4
2024-06-13 14:45,0.434,5,0.373,0.227,4,0.056,0.207,1.8,0.183,-0.1,4.4,-0.1,3,100,8692,64.86,15.1
2024-06-13 15:00,0.435,5,0.373,0.227,4,0.056,0.207,1.9,0.185,-0.1,4.4,-0.1,2.9,100,8693,64.87,14.6
2024-06-13 15:15,0.434,5,0.373,0.227,4,0.056,0.208,2,0.186,-0.1,4.4,-0.1,3,100,8694,64.87,14
2024-06-13 15:30,0.434,5,0.375,0.227,4,0.056,0.208,2.1,0.187,-0.1,4.4,-0.1,3,100,8692,64.87,13.4
2024-06-13 15:45,0.434,5,0.373,0.227,4,0.056,0.208,2.2,0.185,-0.1,4.4,-0.1,3,100,8688,64.88,12.8
2024-06-13 16:00,0.434,5,0.375,0.227,4,0.056,0.208,2.3,0.185,-0.1,4.4,-0.1,3,100,8691,64.88,12.3
2024-06-13 16:15,0.434,5,0.375,0.227,4,0.056,0.208,2.4,0.187,-0.1,4.4,-0.1,3,100,8687,64.88,11.7
2024-06-13 16:30,0.434,5,0.374,0.227,4,0.056,0.208,2.5,0.187,-0.1,4.4,-0.1,3,100,8681,64.88,11.1
2024-06-13 16:45,0.434,5,0.375,0.227,4,0.055,0.208,2.7,0.187,-0.1,4.4,-0.1,3.1,100,8675,64.88,10.4
2024-06-13 17:00,0.434,5,0.374,0.227,4,0.056,0.207,2.8,0.188,-0.1,4.4,-0.1,3.1,100,8667,64.89,9.6
2024-06-13 17:15,0.434,5,0.374,0.227,4,0.056,0.207,2.9,0.187,-0.1,4.4,-0.1,3.1,100,8654,64.89,8.7
2024-06-13 17:30,0.434,5,0.375,0.228,4,0.057,0.207,3,0.19,-0.1,4.4,-0.1,3.1,100,8643,64.89,7.7
2024-06-13 17:45,0.435,5,0.375,0.228,4,0.056,0.207,3.1,0.189,-0.1,4.4,-0.1,3.2,100,8627,64.9,6.1
2024-06-13 18:00,0.434,5,0.375,0.228,4,0.056,0.207,3.2,0.188,-0.1,4.4,-0.1,3.2,100,8616,64.91,4.7
2024-06-13 18:15,0.434,5,0.375,0.228,4,0.057,0.207,3.2,0.188,-0.1,4.4,-0.1,3.3,100,8603,64.91,3.5
2024-06-13 18:30,0.434,5,0.374,0.228,4,0.057,0.206,3.3,0.188,-0.1,4.4,-0.1,3.3,100,8598,64.91,2.7
2024-06-13 18:45,0.435,5,0.374,0.228,4,0.057,0.207,3.3,0.188,-0.1,4.4,-0.1,3.3,100,8588,64.92,2.1
2024-06-13 19:00,0.434,5,0.375,0.228,4,0.057,0.206,3.4,0.188,-0.1,4.4,-0.1,3.4,100,8588,64.93,1.2
2024-06-13 19:15,0.435,5,0.374,0.228,4,0.058,0.206,3.4,0.188,-0.1,4.4,-0.1,3.4,100,8583,64.94,-0.1
2024-06-13 19:30,0.434,5,0.375,0.228,4,0.058,0.206,3.4,0.188,-0.1,4.4,-0.1,3.4,100,8576,64.95,-1
2024-06-13 19:45,0.435,5,0.375,0.228,4,0.056,0.206,3.4,0.188,-0.1,4.4,-0.1,3.5,100,8573,64.95,-1.1
2024-06-13 20:00,0.434,5,0.374,0.228,4.1,0.057,0.206,3.4,0.188,-0.1,4.4,-0.1,3.5,100,8571,64.94,-1.8
2024-06-13 20:15,0.435,5,0.375,0.228,4.1,0.057,0.206,3.4,0.188,-0.1,4.4,-0.1,3.5,100,8562,64.95,-2.8
2024-06-13 20:30,0.435,5,0.374,0.228,4.1,0.058,0.206,3.4,0.188,-0.1,4.4,-0.1,3.6,100,8560,64.94,-3.4
2024-06-13 20:45,0.435,5,0.374,0.228,4.1,0.056,0.205,3.4,0.186,-0.1,4.4,-0.1,3.6,100,8560,64.95,-4
2024-06-13 21:00,0.434,5,0.375,0.228,4.1,0.056,0.205,3.4,0.188,-0.1,4.4,-0.1,3.6,100,8560,64.95,-4.4
2024-06-13 21:15,0.435,5,0.375,0.228,4.1,0.057,0.205,3.3,0.186,-0.1,4.4,-0.1,3.6,100,8555,64.96,-4.6
2024-06-13 21:30,0.434,5,0.375,0.228,4.1,0.056,0.205,3.3,0.188,-0.1,4.4,-0.1,3.6,100,8549,64.96,-4.6
2024-06-13 21:45,0.434,5,0.375,0.228,4.1,0.057,0.205,3.3,0.189,-0.1,4.4,-0.1,3.6,100,8548,64.97,-5
2024-06-13 22:00,0.435,5,0.374,0.228,4.1,0.055,0.205,3.2,0.188,-0.1,4.4,-0.1,3.6,100,8550,64.98,-5.7
2024-06-13 22:15,0.434,5,0.375,0.228,4.2,0.058,0.205,3.2,0.186,-0.1,4.4,-0.1,3.6,100,8548,64.98,-6.6
2024-06-13 22:30,0.435,5,0.375,0.228,4.2,0.059,0.205,3.2,0.185,-0.1,4.4,-0.1,3.6,100,8544,64.98,-6.9
2024-06-13 22:45,0.434,5,0.375,0.228,4.2,0.058,0.205,3.1,0.186,-0.1,4.4,-0.1,3.6,100,8540,64.98,-7.2
2024-06-13 23:00,0.435,5,0.374,0.228,4.2,0.056,0.205,3.1,0.186,-0.1,4.4,-0.1,3.6,100,8540,64.97,-7.4
2024-06-13 23:15,0.434,5,0.375,0.228,4.2,0.057,0.205,3.1,0.185,-0.1,4.5,-0.1,3.6,100,8539,64.97,-7.5
2024-06-13 23:30,0.435,5,0.374,0.228,4.2,0.057,0.205,3,0.184,-0.1,4.5,-0.1,3.6,100,8538,64.96,-7.7
2024-06-13 23:45,0.435,5,0.374,0.228,4.2,0.059,0.205,3,0.184,-0.1,4.5,-0.1,3.6,100,8538,64.96,-8
2024-06-14 00:00,0.434,5,0.375,0.228,4.2,0.059,0.205,3,0.183,-0.1,4.5,-0.1,3.6,100,8535,64.95,-8.3
2024-06-14 00:15,0.434,5,0.375,0.228,4.2,0.059,0.204,2.9,0.184,-0.1,4.5,-0.1,3.6,100,8477,64.94,-8.2
2024-06-14 00:30,0.435,5,0.374,0.229,4.2,0.059,0.204,2.9,0.184,-0.1,4.5,-0.1,3.6,100,8499,64.94,-8.5
2024-06-14 00:45,0.435,5,0.375,0.229,4.2,0.06,0.204,2.9,0.184,-0.1,4.5,-0.1,3.6,100,8496,64.92,-8.8
2024-06-14 01:00,0.435,5,0.374,0.229,4.2,0.059,0.204,2.8,0.182,-0.1,4.5,-0.1,3.6,100,8497,64.91,-9
2024-06-14 01:15,0.435,5,0.374,0.229,4.2,0.058,0.204,2.8,0.184,-0.1,4.5,-0.1,3.6,100,8502,64.91,-8.8
2024-06-14 01:30,0.434,5,0.375,0.229,4.3,0.058,0.204,2.8,0.182,-0.1,4.5,-0.1,3.6,100,8504,64.89,-8.9
2024-06-14 01:45,0.435,5,0.375,0.229,4.3,0.059,0.204,2.8,0.183,-0.1,4.5,-0.1,3.6,100,8504,64.89,-8.5
2024-06-14 02:00,0.435,5,0.375,0.229,4.3,0.06,0.204,2.7,0.184,-0.1,4.5,-0.1,3.6,100,8504,64.87,-8.1
2024-06-14 02:15,0.434,5,0.375,0.228,4.3,0.057,0.204,2.7,0.184,-0.1,4.5,-0.1,3.6,100,8504,64.86,-8.2
2024-06-14 02:30,0.435,5,0.374,0.229,4.3,0.059,0.204,2.7,0.181,-0.1,4.5,-0.1,3.6,100,8506,64.85,-8.4
2024-06-14 02:45,0.434,5,0.374,0.229,4.3,0.058,0.204,2.6,0.184,-0.1,4.5,-0.1,3.5,100,8504,64.85,-8.4
2024-06-14 03:00,0.435,5,0.374,0.229,4.3,0.059,0.204,2.6,0.184,-0.1,4.5,-0.1,3.5,100,8507,64.84,-8.6
2024-06-14 03:15,0.434,5,0.374,0.229,4.3,0.058,0.204,2.6,0.184,-0.1,4.5,-0.1,3.5,100,8505,64.84,-8.7
2024-06-14 03:30,0.434,5,0.374,0.229,4.3,0.058,0.204,2.6,0.182,-0.1,4.5,-0.1,3.5,100,8505,64.83,-8.8
2024-06-14 03:45,0.434,5,0.374,0.229,4.3,0.058,0.204,2.5,0.182,-0.1,4.5,-0.1,3.5,100,8504,64.84,-8.6
2024-06-14 04:00,0.435,5,0.374,0.229,4.3,0.06,0.204,2.5,0.18,-0.1,4.5,-0.1,3.5,100,8504,64.84,-8.5
2024-06-14 04:15,0.434,5,0.375,0.229,4.3,0.06,0.204,2.5,0.181,-0.1,4.5,-0.1,3.5,100,8504,64.83,-9
2024-06-14 04:30,0.434,5,0.373,0.229,4.3,0.059,0.203,2.4,0.181,-0.1,4.5,-0.1,3.4,100,8505,64.84,-9.5
2024-06-14 04:45,0.435,5,0.374,0.229,4.3,0.06,0.204,2.4,0.181,-0.1,4.5,-0.1,3.4,100,8495,64.83,-10
2024-06-14 05:00,0.434,5,0.373,0.229,4.3,0.06,0.203,2.4,0.18,-0.1,4.5,-0.1,3.4,100,8496,64.81,-10.2
2024-06-14 05:15,0.435,5,0.373,0.228,4.3,0.06,0.203,2.4,0.181,-0.1,4.5,-0.1,3.4,100,8497,64.81,-10.5
2024-06-14 05:30,0.434,5,0.374,0.228,4.3,0.058,0.203,2.3,0.179,-0.1,4.5,-0.1,3.4,100,8491,64.82,-10.7
2024-06-14 05:45,0.434,5,0.373,0.229,4.3,0.059,0.203,2.3,0.179,-0.1,4.5,-0.1,3.4,100,8491,64.83,-10.6
2024-06-14 06:00,0.434,5,0.373,0.229,4.2,0.06,0.203,2.3,0.18,-0.1,4.5,-0.1,3.4,100,8492,64.83,-10.6
2024-06-14 06:15,0.434,5,0.373,0.229,4.2,0.057,0.203,2.3,0.18,-0.1,4.5,-0.1,3.4,100,8484,64.83,-10.6
2024-06-14 06:30,0.434,5,0.373,0.229,4.2,0.059,0.203,2.2,0.18,-0.1,4.5,-0.1,3.4,100,8487,64.84,-11.2
2024-06-14 06:45,0.434,5,0.373,0.229,4.2,0.058,0.203,2.2,0.181,-0.1,4.5,-0.1,3.3,100,8488,64.85,-11.5
2024-06-14 07:00,0.434,5,0.372,0.229,4.2,0.058,0.203,2.2,0.181,-0.1,4.5,-0.1,3.3,100,8485,64.85,-11.7
2024-06-14 07:15,0.434,5,0.372,0.229,4.2,0.059,0.203,2.2,0.182,-0.1,4.5,-0.1,3.3,100,8474,64.86,-11.4
2024-06-14 07:30,0.435,5,0.372,0.229,4.2,0.058,0.203,2.1,0.181,-0.1,4.5,-0.1,3.3,100,8485,64.87,-11.5
2024-06-14 07:45,0.435,5,0.372,0.229,4.2,0.057,0.203,2.1,0.181,-0.1,4.5,-0.1,3.3,100,8520,64.89,-10.8
2024-06-14 08:00,0.435,5,0.372,0.229,4.2,0.059,0.203,2.1,0.181,-0.1,4.5,-0.1,3.3,100,8556,64.92,-9.1
2024-06-14 08:15,0.434,5,0.373,0.229,4.2,0.057,0.203,2.1,0.182,-0.1,4.5,-0.1,3.3,100,8595,64.93,-7.4
2024-06-14 08:30,0.434,5,0.373,0.229,4.2,0.057,0.203,2,0.18,-0.1,4.5,-0.1,3.3,100,8641,64.95,-5.1
2024-06-14 08:45,0.435,5,0.373,0.229,4.2,0.057,0.203,2,0.182,-0.1,4.5,-0.1,3.2,100,8682,64.97,-3.3
2024-06-14 09:00,0.434,5,0.372,0.229,4.2,0.057,0.203,2,0.181,-0.1,4.5,-0.1,3.2,100,8722,65,-1.3
2024-06-14 09:15,0.434,5,0.372,0.229,4.2,0.057,0.203,2,0.181,-0.1,4.5,-0.1,3.2,100,8750,65.02,0.9
2024-06-14 09:30,0.435,5,0.372,0.229,4.2,0.057,0.203,2,0.18,-0.1,4.5,-0.1,3.2,100,8766,65.05,3.8
2024-06-14 09:45,0.434,5,0.373,0.229,4.2,0.058,0.203,1.9,0.18,-0.1,4.5,-0.1,3.2,100,8768,65.05,6.2
2024-06-14 10:00,0.435,5,0.372,0.229,4.2,0.056,0.203,1.9,0.181,-0.1,4.5,-0.1,3.2,100,8764,65.06,8.2
2024-06-14 10:15,0.434,5,0.372,0.229,4.2,0.057,0.203,1.9,0.18,-0.1,4.5,-0.1,3.2,100,8754,65.06,10
2024-06-14 10:30,0.434,5,0.373,0.228,4.2,0.056,0.203,1.9,0.181,-0.1,4.5,-0.1,3.1,100,8747,65.06,11.7
2024-06-14 10:45,0.434,5,0.372,0.228,4.2,0.056,0.203,1.9,0.181,-0.1,4.5,-0.1,3.1,100,8735,65.07,12.7
2024-06-14 11:00,0.434,5,0.373,0.228,4.1,0.057,0.203,1.9,0.182,-0.1,4.5,-0.1,3.1,100,8731,65.05,12.5
2024-06-14 11:15,0.435,5,0.373,0.228,4.1,0.057,0.203,1.8,0.182,-0.1,4.5,-0.1,3.1,100,8734,65.03,12.6
2024-06-14 11:30,0.434,5,0.373,0.228,4.1,0.057,0.203,1.8,0.182,-0.1,4.5,-0.1,3.1,100,8731,65.02,13.5
2024-06-14 11:45,0.434,5,0.373,0.228,4.1,0.058,0.203,1.8,0.18,-0.1,4.5,-0.1,3.1,100,8728,65.01,14.3
2024-06-14 12:00,0.434,5,0.373,0.228,4.1,0.057,0.203,1.8,0.18,-0.1,4.5,-0.1,3.1,100,8728,65,14.5
2024-06-14 12:15,0.434,5,0.373,0.228,4.1,0.056,0.203,1.8,0.182,-0.1,4.5,-0.1,3.1,100,8730,64.99,14.4
2024-06-14 12:30,0.434,5,0.373,0.228,4.1,0.057,0.203,1.8,0.181,-0.1,4.5,-0.1,3.1,100,8728,64.98,14.3
2024-06-14 12:45,0.435,5,0.373,0.228,4.1,0.057,0.204,1.8,0.181,-0.1,4.5,-0.1,3,100,8716,64.96,14
2024-06-14 13:00,0.434,5,0.373,0.228,4.1,0.058,0.204,1.8,0.181,-0.1,4.5,-0.1,3,100,8727,64.95,13.8
2024-06-14 13:15,0.435,5,0.373,0.228,4.1,0.057,0.204,1.7,0.18,-0.1,4.5,-0.1,3,100,8735,64.95,13.8
2024-06-14 13:30,0.434,5,0.373,0.228,4.1,0.056,0.204,1.7,0.182,-0.1,4.5,-0.1,3,100,8738,64.94,13.7
2024-06-14 13:45,0.435,5,0.373,0.228,4.1,0.056,0.204,1.7,0.183,-0.1,4.5,-0.1,3,100,8735,64.92,13.6
2024-06-14 14:00,0.434,5,0.373,0.228,4.1,0.058,0.205,1.7,0.183,-0.1,4.5,-0.1,3,100,8740,64.92,13.6
2024-06-14 14:15,0.434,5,0.372,0.228,4.1,0.057,0.205,1.7,0.183,-0.1,4.5,-0.1,3,100,8738,64.92,13.4
2024-06-14 14:30,0.434,5,0.373,0.228,4.1,0.057,0.206,1.7,0.182,-0.1,4.5,-0.1,3,100,8735,64.91,13.1
2024-06-14 14:45,0.435,5,0.374,0.228,4.1,0.057,0.207,1.7,0.183,-0.1,4.5,-0.1,2.9,100,8740,64.91,12.9
2024-06-14 15:00,0.434,5,0.374,0.228,4,0.057,0.207,1.7,0.184,-0.1,4.5,-0.1,2.9,100,8734,64.9,12.8
2024-06-14 15:15,0.435,5,0.374,0.228,4,0.057,0.208,1.8,0.184,-0.1,4.5,-0.1,2.9,100,8728,64.89,12.8
2024-06-14 15:30,0.434,5,0.373,0.228,4,0.057,0.208,1.8,0.187,-0.1,4.5,-0.1,2.9,100,8726,64.9,12.7
2024-06-14 15:45,0.435,5,0.374,0.228,4,0.057,0.208,1.8,0.186,-0.1,4.4,-0.1,2.9,100,8722,64.89,12.4
2024-06-14 16:00,0.435,5,0.373,0.228,4,0.057,0.208,1.9,0.188,-0.1,4.4,-0.1,2.9,100,8716,64.89,12
2024-06-14 16:15,0.435,5,0.374,0.228,4,0.057,0.208,2,0.187,-0.1,4.4,-0.1,2.9,100,8711,64.89,11.7
2024-06-14 16:30,0.435,5,0.375,0.228,4,0.057,0.208,2.1,0.187,-0.1,4.4,-0.1,2.9,100,8705,64.89,11.3
2024-06-14 16:45,0.435,5,0.375,0.228,4,0.058,0.209,2.2,0.187,-0.1,4.4,-0.1,2.9,100,8695,64.89,10.9
2024-06-14 17:00,0.435,5,0.374,0.228,4,0.057,0.208,2.2,0.187,-0.1,4.4,-0.1,3,100,8683,64.89,10.3
2024-06-14 17:15,0.435,5,0.374,0.228,4,0.057,0.208,2.3,0.187,-0.1,4.4,-0.1,3,100,8676,64.9,9.7
2024-06-14 17:30,0.435,5,0.375,0.228,4,0.057,0.208,2.4,0.188,-0.1,4.4,-0.1,3,100,8654,64.91,8.9
2024-06-14 17:45,0.434,5,0.375,0.228,4,0.057,0.208,2.5,0.189,-0.1,4.4,-0.1,3,100,8638,64.91,7.2
2024-06-14 18:00,0.435,5,0.375,0.228,4,0.058,0.208,2.6,0.19,-0.1,4.4,-0.1,3.1,100,8626,64.9,5.4
2024-06-14 18:15,0.434,5,0.375,0.228,4,0.057,0.208,2.7,0.189,-0.1,4.4,-0.1,3.1,100,8618,64.91,4
2024-06-14 18:30,0.435,5,0.375,0.228,4,0.057,0.208,2.7,0.188,-0.1,4.4,-0.1,3.1,100,8608,64.91,2.9
2024-06-14 18:45,0.435,5,0.374,0.228,4,0.057,0.208,2.8,0.188,-0.1,4.4,-0.1,3.1,100,8597,64.92,2.9
2024-06-14 19:00,0.435,5,0.374,0.228,4,0.056,0.207,2.8,0.187,-0.1,4.4,-0.1,3.2,100,8595,64.93,1.9
2024-06-14 19:15,0.435,5,0.375,0.228,4,0.057,0.207,2.8,0.189,-0.1,4.4,-0.1,3.2,100,8589,64.93,0.8
2024-06-14 19:30,0.435,5,0.374,0.228,4,0.058,0.207,2.9,0.188,-0.1,4.4,-0.1,3.2,100,8586,64.94,0.4
2024-06-14 19:45,0.435,5,0.375,0.228,4,0.058,0.207,2.9,0.188,-0.1,4.4,-0.1,3.2,100,8580,64.95,-0.6
2024-06-14 20:00,0.435,5,0.375,0.228,4,0.057,0.207,2.9,0.187,-0.1,4.4,-0.1,3.3,100,8581,64.96,-0.4
2024-06-14 20:15,0.435,5,0.374,0.228,4,0.058,0.206,2.9,0.189,-0.1,4.4,-0.1,3.3,100,8575,64.97,-1.2
2024-06-14 20:30,0.435,5,0.375,0.228,4,0.057,0.207,2.9,0.188,-0.1,4.4,-0.1,3.3,100,8571,64.98,-1.8
2024-06-14 20:45,0.435,5,0.374,0.228,4,0.057,0.207,2.8,0.189,-0.1,4.4,-0.1,3.3,100,8567,64.98,-3
2024-06-14 21:00,0.435,5,0.375,0.229,4,0.059,0.206,2.8,0.188,-0.1,4.4,-0.1,3.3,100,8565,64.98,-3.9
2024-06-14 21:15,0.435,5,0.375,0.229,4,0.059,0.206,2.8,0.187,-0.1,4.4,-0.1,3.3,100,8564,64.97,-4.3
2024-06-14 21:30,0.434,5,0.375,0.229,4,0.058,0.206,2.8,0.187,-0.1,4.4,-0.1,3.3,100,8563,64.97,-4.9
2024-06-14 21:45,0.435,5,0.375,0.229,4,0.056,0.206,2.8,0.186,-0.1,4.4,-0.1,3.3,100,8554,64.96,-5.5
2024-06-14 22:00,0.435,5,0.375,0.228,4,0.058,0.206,2.7,0.185,-0.1,4.4,-0.1,3.3,100,8554,64.96,-6.4
2024-06-14 22:15,0.435,5,0.375,0.229,4.1,0.059,0.206,2.7,0.186,-0.1,4.4,-0.1,3.4,100,8554,64.95,-7
2024-06-14 22:30,0.435,5,0.375,0.229,4.1,0.058,0.206,2.7,0.184,-0.1,4.4,-0.1,3.4,100,8546,64.94,-7.9
2024-06-14 22:45,0.435,5,0.375,0.229,4.1,0.056,0.205,2.7,0.187,-0.1,4.4,-0.1,3.4,100,8545,64.93,-8.8
2024-06-14 23:00,0.434,5,0.375,0.229,4.1,0.059,0.205,2.7,0.185,-0.1,4.4,-0.1,3.4,100,8543,64.93,-9.5
2024-06-14 23:15,0.435,5,0.375,0.229,4.1,0.059,0.205,2.6,0.184,-0.1,4.4,-0.1,3.4,100,8540,64.92,-10
2024-06-14 23:30,0.435,5,0.376,0.229,4.1,0.059,0.205,2.6,0.185,-0.1,4.4,-0.1,3.4,100,8542,64.92,-10
2024-06-14 23:45,0.435,5,0.375,0.229,4.1,0.059,0.205,2.6,0.186,-0.1,4.4,-0.1,3.4,100,8539,64.92,-9.9
2024-06-15 00:00,0.434,5,0.376,0.229,4.1,0.058,0.205,2.6,0.186,-0.1,4.4,-0.1,3.4,100,8539,64.92,-9.7
2024-06-15 00:15,0.435,5,0.376,0.229,4.1,0.059,0.205,2.5,0.185,-0.1,4.4,-0.1,3.3,100,8478,64.92,-9
2024-06-15 00:30,0.435,5,0.375,0.229,4.1,0.06,0.205,2.5,0.184,-0.1,4.4,-0.1,3.3,100,8491,64.91,-9.3
2024-06-15 00:45,0.435,5,0.375,0.229,4.1,0.059,0.205,2.5,0.184,-0.1,4.4,-0.1,3.3,100,8499,64.9,-10
2024-06-15 01:00,0.435,5,0.375,0.229,4.1,0.058,0.205,2.5,0.185,-0.1,4.4,-0.1,3.3,100,8502,64.9,-10.2
2024-06-15 01:15,0.435,5,0.375,0.229,4.1,0.059,0.205,2.4,0.184,-0.1,4.4,-0.1,3.3,100,8504,64.9,-10.8
2024-06-15 01:30,0.435,5,0.375,0.229,4.1,0.06,0.204,2.4,0.185,-0.1,4.4,-0.1,3.3,100,8504,64.88,-11.3
2024-06-15 01:45,0.435,5,0.375,0.229,4.1,0.059,0.204,2.4,0.185,-0.1,4.4,-0.1,3.3,100,8505,64.87,-11.7
2024-06-15 02:00,0.435,5,0.375,0.229,4.1,0.059,0.204,2.4,0.186,-0.1,4.4,-0.1,3.3,100,8506,64.87,-12.1
2024-06-15 02:15,0.435,5,0.375,0.23,4.1,0.058,0.204,2.3,0.183,-0.1,4.4,-0.1,3.3,100,8504,64.86,-12.3
2024-06-15 02:30,0.435,5,0.375,0.23,4.1,0.058,0.204,2.3,0.184,-0.1,4.4,-0.1,3.3,100,8505,64.85,-12.9
2024-06-15 02:45,0.435,5,0.375,0.23,4.1,0.059,0.204,2.3,0.181,-0.1,4.4,-0.1,3.3,100,8504,64.84,-13.3
2024-06-15 03:00,0.435,5,0.375,0.23,4.1,0.058,0.204,2.3,0.182,-0.1,4.4,-0.1,3.3,100,8503,64.84,-13.5
2024-06-15 03:15,0.435,5,0.374,0.23,4.1,0.059,0.204,2.3,0.182,-0.1,4.4,-0.1,3.3,100,8506,64.83,-13.5
2024-06-15 03:30,0.435,5,0.375,0.23,4.1,0.058,0.204,2.2,0.182,-0.1,4.4,-0.1,3.3,100,8505,64.83,-13.9
2024-06-15 03:45,0.435,5,0.375,0.23,4.1,0.058,0.204,2.2,0.183,-0.1,4.4,-0.1,3.2,100,8504,64.82,-14.2
2024-06-15 04:00,0.435,5,0.375,0.23,4.1,0.059,0.204,2.2,0.18,-0.1,4.4,-0.1,3.2,100,8501,64.82,-14.5
2024-06-15 04:15,0.435,5,0.374,0.23,4.1,0.06,0.204,2.2,0.18,-0.1,4.4,-0.1,3.2,100,8505,64.83,-14.6
2024-06-15 04:30,0.435,5,0.375,0.23,4.1,0.06,0.204,2.1,0.181,-0.1,4.4,-0.1,3.2,100,8504,64.83,-14.4
2024-06-15 04:45,0.435,5,0.375,0.23,4.1,0.06,0.204,2.1,0.181,-0.1,4.4,-0.1,3.2,100,8499,64.84,-14
2024-06-15 05:00,0.435,5,0.374,0.23,4.1,0.058,0.204,2.1,0.182,-0.1,4.4,-0.1,3.2,100,8498,64.84,-13.9
2024-06-15 05:15,0.435,5,0.374,0.23,4.1,0.058,0.204,2.1,0.181,-0.1,4.4,-0.1,3.2,100,8490,64.84,-14.2
2024-06-15 05:30,0.435,5,0.375,0.23,4.1,0.059,0.204,2,0.182,-0.1,4.4,-0.1,3.2,100,8492,64.84,-14.4
2024-06-15 05:45,0.435,5,0.374,0.23,4.1,0.059,0.203,2,0.183,-0.1,4.4,-0.1,3.2,100,8491,64.85,-14.9
2024-06-15 06:00,0.434,5,0.376,0.23,4.1,0.058,0.203,2,0.183,-0.1,4.4,-0.1,3.1,100,8492,64.85,-15
2024-06-15 06:15,0.435,5,0.374,0.23,4.1,0.058,0.203,2,0.182,-0.1,4.4,-0.1,3.1,100,8489,64.85,-15.2
2024-06-15 06:30,0.435,5,0.375,0.23,4.1,0.06,0.203,2,0.183,-0.1,4.4,-0.1,3.1,100,8488,64.85,-15.6
2024-06-15 06:45,0.435,5,0.374,0.23,4.1,0.058,0.203,1.9,0.182,-0.1,4.4,-0.1,3.1,100,8488,64.86,-16.1
2024-06-15 07:00,0.435,5,0.374,0.23,4.1,0.057,0.203,1.9,0.182,-0.1,4.4,-0.1,3.1,100,8488,64.88,-16.5
2024-06-15 07:15,0.435,5,0.375,0.23,4.1,0.057,0.203,1.9,0.182,-0.1,4.4,-0.1,3.1,100,8490,64.89,-16.6
2024-06-15 07:30,0.435,5,0.375,0.23,4.1,0.058,0.203,1.9,0.182,-0.1,4.4,-0.1,3.1,100,8486,64.9,-16.5
2024-06-15 07:45,0.435,5,0.374,0.229,4.1,0.055,0.203,1.8,0.182,-0.1,4.4,-0.1,3.1,100,8508,64.92,-15.9
2024-06-15 08:00,0.435,5,0.375,0.229,4.1,0.057,0.203,1.8,0.182,-0.1,4.4,-0.1,3.1,100,8542,64.93,-14.1
2024-06-15 08:15,0.435,5,0.374,0.229,4.1,0.057,0.203,1.8,0.183,-0.1,4.4,-0.1,3.1,100,8586,64.95,-11.4
2024-06-15 08:30,0.434,5,0.375,0.229,4,0.057,0.203,1.8,0.181,-0.1,4.4,-0.1,3,100,8639,64.98,-8.6
2024-06-15 08:45,0.435,5,0.374,0.229,4,0.057,0.203,1.8,0.181,-0.1,4.4,-0.1,3,100,8684,65,-5.6
2024-06-15 09:00,0.434,5,0.375,0.229,4,0.057,0.202,1.8,0.179,-0.1,4.4,-0.1,3,100,8725,65.02,-2.7
2024-06-15 09:15,0.435,5,0.374,0.229,4,0.058,0.202,1.7,0.179,-0.1,4.4,-0.1,3,100,8760,65.03,-1.3
2024-06-15 09:30,0.435,5,0.374,0.229,4,0.056,0.202,1.7,0.179,-0.1,4.4,-0.1,3,100,8787,65.04,0.1
2024-06-15 09:45,0.435,5,0.374,0.229,4,0.056,0.202,1.7,0.179,-0.1,4.4,-0.1,3,100,8799,65.05,2.3
2024-06-15 10:00,0.435,5,0.374,0.229,4,0.057,0.202,1.7,0.18,-0.1,4.4,-0.1,3,100,8808,65.05,4.3
2024-06-15 10:15,0.435,5,0.374,0.229,4,0.056,0.202,1.7,0.178,-0.1,4.4,-0.1,2.9,100,8804,65.05,5.9
2024-06-15 10:30,0.435,5,0.374,0.229,4,0.058,0.202,1.7,0.179,-0.1,4.4,-0.1,2.9,100,8795,65.06,7.3
2024-06-15 10:45,0.434,5,0.375,0.228,4,0.056,0.202,1.6,0.18,-0.1,4.4,-0.1,2.9,100,8788,65.05,8.4
2024-06-15 11:00,0.435,5,0.374,0.228,4,0.056,0.202,1.6,0.179,-0.1,4.4,-0.1,2.9,100,8786,65.05,10.6
2024-06-15 11:15,0.434,5,0.375,0.228,4,0.056,0.202,1.6,0.177,-0.1,4.4,-0.1,2.9,100,8773,65.04,12.6
2024-06-15 11:30,0.434,5,0.375,0.228,4,0.056,0.202,1.6,0.18,-0.1,4.4,-0.1,2.9,100,8762,65.03,13.8
2024-06-15 11:45,0.434,5,0.375,0.228,4,0.055,0.203,1.6,0.182,-0.1,4.4,-0.1,2.9,100,8752,65.03,14.3
2024-06-15 12:00,0.434,5,0.374,0.228,4,0.056,0.202,1.6,0.181,-0.1,4.4,-0.1,2.9,100,8748,65.02,14.7
2024-06-15 12:15,0.434,5,0.374,0.228,4,0.057,0.203,1.6,0.181,-0.1,4.4,-0.1,2.9,100,8741,65.01,15.1
2024-06-15 12:30,0.435,5,0.374,0.228,4,0.055,0.203,1.6,0.182,-0.1,4.4,-0.1,2.9,100,8734,65,15.5
2024-06-15 12:45,0.435,5,0.375,0.228,4,0.056,0.203,1.6,0.182,-0.1,4.4,-0.1,2.8,100,8712,64.99,15.9
2024-06-15 13:00,0.435,5,0.374,0.228,3.9,0.057,0.203,1.5,0.18,-0.1,4.4,-0.1,2.8,100,8714,64.97,15.8
2024-06-15 13:15,0.435,5,0.373,0.228,3.9,0.057,0.203,1.5,0.18,-0.1,4.4,-0.1,2.8,100,8715,64.95,15.9
2024-06-15 13:30,0.435,5,0.375,0.228,3.9,0.057,0.203,1.5,0.181,-0.1,4.4,-0.1,2.8,100,8709,64.94,15.8
2024-06-15 13:45,0.434,5,0.375,0.227,3.9,0.056,0.203,1.5,0.181,-0.1,4.4,-0.1,2.8,100,8711,64.93,15.5
2024-06-15 14:00,0.434,5,0.374,0.227,3.9,0.056,0.203,1.5,0.181,-0.1,4.4,-0.1,2.8,100,8709,64.91,15.5
2024-06-15 14:15,0.434,5,0.375,0.227,3.9,0.056,0.204,1.5,0.182,-0.1,4.4,-0.1,2.8,100,8708,64.89,15.1
2024-06-15 14:30,0.434,5,0.375,0.227,3.9,0.056,0.204,1.5,0.181,-0.1,4.4,-0.1,2.8,100,8711,64.88,14.6
2024-06-15 14:45,0.435,5,0.375,0.227,3.9,0.056,0.204,1.5,0.183,-0.1,4.4,-0.1,2.8,100,8713,64.86,14.2
2024-06-15 15:00,0.434,5,0.374,0.227,3.9,0.055,0.204,1.5,0.184,-0.1,4.3,-0.1,2.8,100,8712,64.86,13.8
2024-06-15 15:15,0.434,5,0.375,0.228,3.9,0.055,0.205,1.5,0.184,-0.1,4.3,-0.1,2.8,100,8716,64.85,13.4
2024-06-15 15:30,0.435,5,0.375,0.227,3.9,0.056,0.206,1.5,0.185,-0.1,4.3,-0.1,2.8,100,8709,64.85,13
2024-06-15 15:45,0.435,4.9,0.375,0.228,3.9,0.056,0.206,1.5,0.184,-0.1,4.3,-0.1,2.7,100,8712,64.85,12.6
2024-06-15 16:00,0.435,4.9,0.374,0.228,3.9,0.056,0.207,1.5,0.184,-0.1,4.3,-0.1,2.7,100,8706,64.86,12.1
2024-06-15 16:15,0.435,4.9,0.374,0.228,3.9,0.056,0.207,1.5,0.185,-0.1,4.3,-0.1,2.7,100,8703,64.86,11.6
2024-06-15 16:30,0.435,4.9,0.375,0.228,3.9,0.056,0.208,1.5,0.185,-0.1,4.3,-0.1,2.7,100,8694,64.86,11.3
2024-06-15 16:45,0.435,4.9,0.375,0.228,3.9,0.055,0.208,1.5,0.187,-0.1,4.3,-0.1,2.7,100,8689,64.85,10.9
2024-06-15 17:00,0.435,4.9,0.375,0.228,3.8,0.056,0.209,1.5,0.187,-0.1,4.3,-0.1,2.7,100,8682,64.85,10.3
2024-06-15 17:15,0.435,4.9,0.375,0.228,3.8,0.056,0.209,1.6,0.187,-0.1,4.3,-0.1,2.7,100,8672,64.84,9.7
2024-06-15 17:30,0.435,4.9,0.375,0.228,3.8,0.057,0.209,1.6,0.188,-0.1,4.3,-0.1,2.7,100,8650,64.84,9
2024-06-15 17:45,0.435,4.9,0.375,0.228,3.8,0.057,0.209,1.6,0.189,-0.1,4.3,-0.1,2.7,100,8636,64.85,7.7
2024-06-15 18:00,0.435,4.9,0.375,0.228,3.8,0.056,0.209,1.7,0.187,-0.1,4.3,-0.1,2.7,100,8622,64.85,6.7
2024-06-15 18:15,0.435,4.9,0.375,0.229,3.8,0.056,0.209,1.7,0.189,-0.1,4.3,-0.1,2.7,100,8608,64.86,5.9
2024-06-15 18:30,0.435,4.9,0.376,0.228,3.8,0.057,0.209,1.8,0.189,-0.1,4.3,-0.1,2.7,100,8605,64.87,5.2
2024-06-15 18:45,0.435,4.9,0.376,0.228,3.8,0.056,0.209,1.8,0.189,-0.1,4.3,-0.1,2.7,100,8597,64.88,4.4
2024-06-15 19:00,0.435,4.9,0.375,0.229,3.8,0.056,0.209,1.8,0.187,-0.1,4.3,-0.1,2.8,100,8593,64.89,3.6
2024-06-15 19:15,0.435,4.9,0.376,0.228,3.8,0.056,0.209,1.9,0.187,-0.1,4.3,-0.1,2.8,100,8589,64.9,3.1
2024-06-15 19:30,0.435,4.9,0.375,0.228,3.8,0.056,0.209,1.9,0.19,-0.1,4.3,-0.1,2.8,100,8584,64.9,3
2024-06-15 19:45,0.435,4.9,0.375,0.228,3.8,0.056,0.209,1.9,0.188,-0.1,4.3,-0.1,2.8,100,8576,64.9,2.4
2024-06-15 20:00,0.435,4.9,0.375,0.228,3.8,0.055,0.209,1.9,0.189,-0.1,4.3,-0.1,2.8,100,8571,64.91,1.6
2024-06-15 20:15,0.435,4.9,0.375,0.228,3.8,0.057,0.208,2,0.189,-0.1,4.3,-0.1,2.8,100,8570,64.91,1.1
2024-06-15 20:30,0.435,4.9,0.375,0.228,3.8,0.056,0.208,2,0.187,-0.1,4.3,-0.1,2.8,100,8562,64.9,0.8
2024-06-15 20:45,0.435,4.9,0.375,0.228,3.8,0.056,0.208,2,0.188,-0.1,4.3,-0.1,2.8,100,8564,64.9,0.7
2024-06-15 21:00,0.435,4.9,0.375,0.229,3.8,0.056,0.207,2,0.187,-0.1,4.3,-0.1,2.8,100,8561,64.91,0.6
2024-06-15 21:15,0.435,4.9,0.375,0.228,3.8,0.057,0.207,2,0.187,-0.1,4.3,-0.1,2.8,100,8559,64.91,0.3
2024-06-15 21:30,0.435,4.9,0.374,0.228,3.8,0.057,0.207,2,0.188,-0.1,4.3,-0.1,2.8,100,8554,64.92,-0.3
2024-06-15 21:45,0.435,4.9,0.376,0.228,3.8,0.055,0.207,2,0.187,-0.1,4.3,-0.1,2.8,100,8546,64.91,-1.4
2024-06-15 22:00,0.435,4.9,0.376,0.228,3.8,0.056,0.207,2,0.188,-0.1,4.3,-0.1,2.8,100,8547,64.9,-1.6
2024-06-15 22:15,0.435,4.9,0.376,0.228,3.8,0.056,0.207,2,0.187,-0.1,4.3,-0.1,2.8,100,8543,64.9,-1.8
2024-06-15 22:30,0.435,4.9,0.375,0.229,3.8,0.056,0.207,2,0.186,-0.1,4.2,-0.1,2.8,100,8540,64.91,-1.2
2024-06-15 22:45,0.435,4.9,0.375,0.229,3.8,0.056,0.206,2,0.187,-0.1,4.2,-0.1,2.8,100,8542,64.92,-2.2
2024-06-15 23:00,0.435,4.9,0.374,0.229,3.8,0.056,0.206,1.9,0.188,-0.1,4.2,-0.1,2.9,100,8538,64.91,-3.8
2024-06-15 23:15,0.435,4.9,0.375,0.229,3.8,0.056,0.206,1.9,0.188,-0.1,4.2,-0.1,2.9,100,8534,64.89,-4.5
2024-06-15 23:30,0.435,4.9,0.375,0.229,3.8,0.057,0.206,1.9,0.187,-0.1,4.2,-0.1,2.9,100,8535,64.89,-5.2
2024-06-15 23:45,0.435,4.9,0.374,0.229,3.8,0.056,0.206,1.9,0.186,-0.1,4.2,-0.1,2.9,100,8532,64.88,-6.2
2024-06-16 00:00,0.435,4.9,0.374,0.229,3.8,0.056,0.205,1.9,0.185,-0.1,4.2,-0.1,2.9,100,8532,64.87,-6.4
2024-06-16 00:15,0.435,4.9,0.374,0.229,3.8,0.056,0.205,1.9,0.186,-0.1,4.2,-0.1,2.9,100,8470,64.87,-6
2024-06-16 00:30,0.435,4.9,0.374,0.229,3.8,0.056,0.205,1.9,0.185,-0.1,4.2,-0.1,2.9,100,8488,64.87,-6.2
2024-06-16 00:45,0.435,4.9,0.373,0.229,3.8,0.057,0.205,1.9,0.186,-0.1,4.2,-0.1,2.9,100,8492,64.87,-6.6
2024-06-16 01:00,0.435,4.9,0.374,0.229,3.8,0.056,0.205,1.9,0.184,-0.1,4.2,-0.1,2.9,100,8500,64.87,-7.3
2024-06-16 01:15,0.435,4.9,0.374,0.229,3.8,0.056,0.205,1.9,0.184,-0.1,4.2,-0.1,2.9,100,8494,64.84,-8.5
2024-06-16 01:30,0.435,4.9,0.372,0.229,3.8,0.057,0.205,1.9,0.182,-0.1,4.2,-0.1,2.9,100,8497,64.83,-9.9
2024-06-16 01:45,0.435,4.9,0.373,0.229,3.8,0.057,0.205,1.9,0.181,-0.1,4.2,-0.1,2.8,100,8495,64.82,-10
2024-06-16 02:00,0.435,4.9,0.373,0.229,3.8,0.056,0.205,1.9,0.183,-0.1,4.2,-0.1,2.8,100,8497,64.81,-10.6
2024-06-16 02:15,0.435,4.9,0.373,0.229,3.8,0.057,0.204,1.9,0.182,-0.1,4.2,-0.1,2.8,100,8497,64.81,-10.9
2024-06-16 02:30,0.435,4.9,0.374,0.229,3.8,0.057,0.204,1.8,0.183,-0.1,4.2,-0.1,2.8,100,8497,64.8,-10.2
2024-06-16 02:45,0.435,4.9,0.374,0.229,3.8,0.055,0.204,1.8,0.183,-0.1,4.2,-0.1,2.8,100,8496,64.78,-10.4
2024-06-16 03:00,0.435,4.9,0.373,0.229,3.8,0.056,0.204,1.8,0.181,-0.1,4.2,-0.1,2.8,100,8494,64.77,-11.6
2024-06-16 03:15,0.435,4.9,0.373,0.229,3.8,0.055,0.204,1.8,0.182,-0.1,4.2,-0.1,2.8,100,8491,64.76,-12.4
2024-06-16 03:30,0.435,4.9,0.373,0.229,3.8,0.056,0.204,1.8,0.182,-0.1,4.2,-0.1,2.8,100,8492,64.76,-12.8
2024-06-16 03:45,0.435,4.9,0.373,0.23,3.8,0.056,0.204,1.8,0.183,-0.1,4.2,-0.1,2.8,100,8494,64.76,-12.9
2024-06-16 04:00,0.435,4.9,0.374,0.229,3.8,0.057,0.204,1.8,0.182,-0.1,4.2,-0.1,2.8,100,8494,64.76,-12.8
2024-06-16 04:15,0.435,4.9,0.373,0.229,3.8,0.057,0.204,1.8,0.183,-0.1,4.2,-0.1,2.8,100,8495,64.75,-13.2
2024-06-16 04:30,0.435,4.9,0.372,0.229,3.8,0.057,0.204,1.8,0.183,-0.1,4.2,-0.1,2.8,100,8488,64.75,-14
2024-06-16 04:45,0.435,4.9,0.373,0.229,3.8,0.057,0.203,1.7,0.184,-0.1,4.2,-0.1,2.8,100,8488,64.76,-14.1
2024-06-16 05:00,0.435,4.8,0.373,0.229,3.8,0.056,0.204,1.7,0.183,-0.1,4.2,-0.1,2.8,100,8486,64.76,-14.1
2024-06-16 05:15,0.435,4.8,0.373,0.229,3.8,0.057,0.203,1.7,0.183,-0.1,4.2,-0.1,2.8,100,8377,64.76,-13.9
2024-06-16 05:30,0.435,4.8,0.374,0.23,3.8,0.056,0.203,1.7,0.182,-0.1,4.2,-0.1,2.8,100,8480,64.77,-13.4
2024-06-16 05:45,0.435,4.8,0.372,0.23,3.8,0.057,0.203,1.7,0.183,-0.1,4.2,-0.1,2.8,100,8482,64.77,-13.5
2024-06-16 06:00,0.435,4.8,0.373,0.23,3.8,0.056,0.203,1.7,0.182,-0.1,4.2,-0.1,2.8,100,8482,64.78,-13.6
2024-06-16 06:15,0.435,4.8,0.373,0.229,3.8,0.057,0.203,1.7,0.183,-0.1,4.2,-0.1,2.8,100,8476,64.78,-13.6
2024-06-16 06:30,0.435,4.8,0.373,0.229,3.8,0.056,0.203,1.7,0.182,-0.1,4.2,-0.1,2.8,100,8478,64.79,-13.8
2024-06-16 06:45,0.435,4.8,0.373,0.229,3.8,0.056,0.203,1.6,0.182,-0.1,4.2,-0.1,2.8,100,8477,64.79,-13.9
2024-06-16 07:00,0.435,4.8,0.372,0.229,3.8,0.055,0.203,1.6,0.182,-0.1,4.2,-0.1,2.8,100,8477,64.8,-14
2024-06-16 07:15,0.435,4.8,0.373,0.23,3.8,0.054,0.203,1.6,0.18,-0.1,4.2,-0.1,2.8,100,8478,64.81,-14.3
2024-06-16 07:30,0.435,4.8,0.373,0.229,3.8,0.055,0.203,1.6,0.181,-0.1,4.2,-0.1,2.8,100,8487,64.82,-14.4
2024-06-16 07:45,0.435,4.8,0.372,0.229,3.8,0.056,0.203,1.6,0.181,-0.1,4.2,-0.1,2.8,100,8506,64.84,-13.9
2024-06-16 08:00,0.435,4.8,0.372,0.229,3.8,0.056,0.203,1.6,0.181,-0.1,4.2,-0.1,2.8,100,8548,64.85,-12.5
2024-06-16 08:15,0.435,4.8,0.373,0.229,3.8,0.056,0.203,1.6,0.18,-0.1,4.2,-0.1,2.7,100,8579,64.87,-10.5
2024-06-16 08:30,0.435,4.8,0.372,0.229,3.8,0.056,0.203,1.6,0.18,-0.1,4.2,-0.1,2.7,100,8623,64.89,-8.3
2024-06-16 08:45,0.435,4.8,0.373,0.229,3.8,0.056,0.202,1.6,0.179,-0.1,4.2,-0.1,2.7,100,8670,64.91,-5.9
2024-06-16 09:00,0.435,4.8,0.372,0.228,3.8,0.056,0.202,1.5,0.179,-0.1,4.2,-0.1,2.7,100,8716,64.94,-4
2024-06-16 09:15,0.435,4.8,0.373,0.229,3.8,0.056,0.202,1.5,0.178,-0.1,4.2,-0.1,2.7,100,8755,64.94,-2.3
2024-06-16 09:30,0.435,4.8,0.371,0.228,3.8,0.056,0.202,1.5,0.18,-0.1,4.2,-0.1,2.7,100,8778,64.96,-0.2
2024-06-16 09:45,0.435,4.8,0.372,0.228,3.8,0.055,0.202,1.5,0.179,-0.1,4.2,-0.1,2.7,100,8797,64.97,2.1
2024-06-16 10:00,0.435,4.8,0.372,0.228,3.7,0.056,0.202,1.5,0.178,-0.1,4.2,-0.1,2.7,100,8800,64.97,4.5
2024-06-16 10:15,0.435,4.8,0.372,0.228,3.7,0.056,0.202,1.5,0.178,-0.1,4.2,-0.1,2.7,100,8795,64.98,7.2
2024-06-16 10:30,0.435,4.8,0.371,0.228,3.7,0.055,0.202,1.5,0.178,-0.1,4.2,-0.1,2.7,100,8779,64.97,9.2
2024-06-16 10:45,0.435,4.8,0.371,0.228,3.7,0.055,0.202,1.5,0.178,-0.1,4.2,-0.1,2.7,100,8769,64.97,10.8
2024-06-16 11:00,0.435,4.8,0.371,0.228,3.7,0.052,0.202,1.5,0.179,-0.1,4.2,-0.1,2.7,100,8757,64.96,12.2
2024-06-16 11:15,0.435,4.8,0.372,0.228,3.7,0.054,0.202,1.4,0.179,-0.1,4.2,-0.1,2.7,100,8750,64.95,13.6
2024-06-16 11:30,0.435,4.8,0.372,0.228,3.7,0.054,0.202,1.4,0.178,-0.1,4.2,-0.1,2.7,100,8741,64.93,15.2
2024-06-16 11:45,0.435,4.8,0.372,0.228,3.7,0.055,0.203,1.4,0.178,-0.1,4.2,-0.1,2.6,100,8733,64.92,15.8
2024-06-16 12:00,0.435,4.8,0.372,0.227,3.7,0.056,0.203,1.4,0.179,-0.1,4.2,-0.1,2.6,100,8728,64.91,16
2024-06-16 12:15,0.435,4.8,0.372,0.227,3.7,0.054,0.203,1.4,0.178,-0.1,4.2,-0.1,2.6,100,8722,64.9,16.3
2024-06-16 12:30,0.435,4.8,0.371,0.227,3.7,0.056,0.203,1.4,0.181,-0.1,4.2,-0.1,2.6,100,8716,64.89,16.5
2024-06-16 12:45,0.435,4.8,0.373,0.227,3.7,0.055,0.203,1.4,0.18,-0.1,4.2,-0.1,2.6,100,8703,64.88,16.4
2024-06-16 13:00,0.435,4.8,0.372,0.227,3.7,0.055,0.203,1.4,0.179,-0.1,4.2,-0.1,2.6,100,8706,64.87,16.3
2024-06-16 13:15,0.435,4.8,0.371,0.227,3.7,0.056,0.203,1.4,0.18,-0.1,4.2,-0.1,2.6,100,8703,64.87,16.2
2024-06-16 13:30,0.435,4.8,0.372,0.227,3.7,0.056,0.203,1.4,0.18,-0.1,4.2,-0.1,2.6,100,8707,64.86,16.4
2024-06-16 13:45,0.435,4.8,0.371,0.227,3.7,0.055,0.203,1.4,0.181,-0.1,4.2,-0.1,2.6,100,8706,64.85,16.5
2024-06-16 14:00,0.435,4.8,0.371,0.227,3.7,0.056,0.203,1.4,0.181,-0.1,4.2,-0.1,2.6,100,8709,64.85,16.2
2024-06-16 14:15,0.435,4.8,0.372,0.227,3.7,0.056,0.203,1.4,0.183,-0.1,4.2,-0.1,2.6,100,8703,64.84,16.3
2024-06-16 14:30,0.435,4.8,0.371,0.227,3.7,0.055,0.204,1.4,0.182,-0.1,4.2,-0.1,2.6,100,8699,64.83,16
2024-06-16 14:45,0.435,4.8,0.372,0.227,3.7,0.054,0.204,1.4,0.182,-0.1,4.2,-0.1,2.6,100,8699,64.83,15.9
2024-06-16 15:00,0.435,4.8,0.371,0.227,3.7,0.056,0.204,1.4,0.182,-0.1,4.2,-0.1,2.6,100,8692,64.82,15.7
2024-06-16 15:15,0.435,4.8,0.371,0.227,3.7,0.056,0.204,1.3,0.183,-0.1,4.2,-0.1,2.6,100,8687,64.83,15.5
2024-06-16 15:30,0.435,4.8,0.371,0.227,3.7,0.055,0.205,1.3,0.184,-0.1,4.2,-0.1,2.6,100,8684,64.82,15.2
2024-06-16 15:45,0.435,4.8,0.372,0.227,3.7,0.056,0.206,1.3,0.184,-0.1,4.2,-0.1,2.6,100,8681,64.82,14.8
2024-06-16 16:00,0.435,4.8,0.371,0.227,3.7,0.054,0.206,1.3,0.185,-0.1,4.2,-0.1,2.5,100,8678,64.81,14.4
2024-06-16 16:15,0.435,4.8,0.372,0.227,3.6,0.056,0.207,1.3,0.185,-0.1,4.1,-0.1,2.5,100,8671,64.8,14.2
2024-06-16 16:30,0.435,4.8,0.371,0.227,3.6,0.056,0.208,1.4,0.183,-0.1,4.1,-0.1,2.5,100,8663,64.8,13.8
2024-06-16 16:45,0.435,4.8,0.371,0.227,3.6,0.056,0.208,1.4,0.186,-0.1,4.1,-0.1,2.5,100,8652,64.8,13
2024-06-16 17:00,0.435,4.8,0.371,0.227,3.6,0.056,0.209,1.4,0.187,-0.1,4.1,-0.1,2.5,100,8647,64.8,12.4
2024-06-16 17:15,0.435,4.8,0.372,0.227,3.6,0.056,0.209,1.4,0.187,-0.1,4.1,-0.1,2.5,100,8637,64.8,11.5
2024-06-16 17:30,0.435,4.8,0.372,0.227,3.6,0.056,0.209,1.5,0.187,-0.1,4.1,-0.1,2.5,100,8621,64.8,10.5
2024-06-16 17:45,0.435,4.8,0.372,0.227,3.6,0.056,0.21,1.5,0.188,-0.1,4.1,-0.1,2.5,100,8605,64.8,8.6
2024-06-16 18:00,0.435,4.8,0.372,0.228,3.6,0.055,0.21,1.6,0.188,-0.1,4.1,-0.1,2.5,100,8593,64.8,7.2
2024-06-16 18:15,0.435,4.8,0.372,0.228,3.6,0.055,0.21,1.6,0.189,-0.1,4.1,-0.1,2.5,100,8588,64.8,6
2024-06-16 18:30,0.435,4.8,0.372,0.228,3.6,0.056,0.21,1.7,0.19,-0.1,4.1,-0.1,2.6,100,8576,64.8,5
2024-06-16 18:45,0.435,4.8,0.372,0.228,3.6,0.056,0.21,1.7,0.19,-0.1,4.1,-0.1,2.6,100,8573,64.79,4.4
2024-06-16 19:00,0.435,4.8,0.373,0.228,3.6,0.057,0.21,1.7,0.19,-0.1,4.1,-0.1,2.6,100,8570,64.78,3.5
2024-06-16 19:15,0.435,4.8,0.372,0.228,3.6,0.055,0.209,1.8,0.191,-0.1,4.1,-0.1,2.6,100,8558,64.78,2.2
2024-06-16 19:30,0.435,4.8,0.372,0.228,3.6,0.055,0.209,1.8,0.192,-0.1,4.1,-0.1,2.6,100,8557,64.78,1
2024-06-16 19:45,0.435,4.8,0.372,0.228,3.6,0.055,0.209,1.8,0.191,-0.1,4.1,-0.1,2.6,100,8554,64.78,0.9
2024-06-16 20:00,0.435,4.8,0.373,0.228,3.6,0.055,0.209,1.8,0.19,-0.1,4.1,-0.1,2.6,100,8552,64.77,0.2
2024-06-16 20:15,0.435,4.8,0.373,0.228,3.6,0.055,0.208,1.9,0.192,-0.1,4.1,-0.1,2.6,100,8543,64.78,-1
2024-06-16 20:30,0.435,4.8,0.372,0.228,3.6,0.055,0.209,1.9,0.189,-0.1,4.1,-0.1,2.6,100,8542,64.78,-1.8
2024-06-16 20:45,0.435,4.7,0.373,0.228,3.6,0.055,0.208,1.9,0.189,-0.1,4.1,-0.1,2.7,100,8538,64.77,-2.8
2024-06-16 21:00,0.435,4.7,0.373,0.229,3.6,0.056,0.208,1.9,0.188,-0.1,4.1,-0.1,2.7,100,8535,64.77,-3.6
2024-06-16 21:15,0.435,4.7,0.372,0.228,3.6,0.056,0.208,1.9,0.188,-0.1,4.1,-0.1,2.7,100,8534,64.77,-4
2024-06-16 21:30,0.435,4.7,0.372,0.228,3.6,0.055,0.208,1.9,0.186,-0.1,4.1,-0.1,2.7,100,8527,64.77,-3.3
2024-06-16 21:45,0.435,4.7,0.372,0.229,3.6,0.055,0.207,1.9,0.186,-0.1,4.1,-0.1,2.7,100,8532,64.79,-2.4
2024-06-16 22:00,0.435,4.7,0.373,0.229,3.6,0.054,0.207,1.9,0.187,-0.1,4.1,-0.1,2.7,100,8528,64.79,-3.4
2024-06-16 22:15,0.435,4.7,0.372,0.229,3.6,0.056,0.207,1.9,0.188,-0.1,4.1,-0.1,2.7,100,8527,64.78,-5.1
2024-06-16 22:30,0.435,4.7,0.372,0.229,3.6,0.056,0.207,1.9,0.189,-0.1,4.1,-0.1,2.7,100,8525,64.78,-5.5
2024-06-16 22:45,0.435,4.7,0.373,0.229,3.6,0.055,0.206,1.9,0.187,-0.1,4.1,-0.1,2.7,100,8520,64.78,-6
2024-06-16 23:00,0.435,4.7,0.372,0.229,3.6,0.055,0.206,1.9,0.188,-0.1,4.1,-0.1,2.7,100,8518,64.77,-6.3
2024-06-16 23:15,0.435,4.7,0.373,0.229,3.6,0.054,0.206,1.8,0.188,-0.1,4.1,-0.1,2.7,100,8519,64.76,-6.8
2024-06-16 23:30,0.435,4.7,0.373,0.229,3.6,0.056,0.206,1.8,0.186,-0.1,4.1,-0.1,2.7,100,8516,64.76,-6.7
2024-06-16 23:45,0.435,4.7,0.373,0.229,3.6,0.056,0.206,1.8,0.187,-0.1,4.1,-0.1,2.7,100,8516,64.75,-6.6
2024-06-17 00:00,0.435,4.7,0.373,0.229,3.6,0.056,0.205,1.8,0.186,-0.1,4.1,-0.1,2.7,100,8517,64.74,-7.3
2024-06-17 00:15,0.435,4.7,0.372,0.229,3.6,0.056,0.205,1.8,0.186,-0.1,4.1,-0.1,2.7,100,8450,64.73,-7.3
2024-06-17 00:30,0.435,4.7,0.373,0.229,3.6,0.056,0.205,1.8,0.186,-0.1,4.1,-0.1,2.7,100,8475,64.73,-7.4
2024-06-17 00:45,0.435,4.7,0.372,0.229,3.6,0.056,0.205,1.8,0.185,-0.1,4.1,-0.1,2.7,100,8478,64.73,-7.5
2024-06-17 01:00,0.435,4.7,0.373,0.229,3.6,0.056,0.205,1.8,0.186,-0.1,4.1,-0.1,2.7,100,8485,64.72,-8
2024-06-17 01:15,0.435,4.7,0.372,0.229,3.6,0.056,0.205,1.8,0.184,-0.1,4.1,-0.1,2.7,100,8485,64.72,-8.5
2024-06-17 01:30,0.435,4.7,0.372,0.229,3.6,0.056,0.205,1.8,0.184,-0.1,4.1,-0.1,2.7,100,8485,64.71,-9
2024-06-17 01:45,0.435,4.7,0.372,0.229,3.6,0.056,0.205,1.8,0.182,-0.1,4.1,-0.1,2.7,100,8485,64.71,-9.3
2024-06-17 02:00,0.435,4.7,0.371,0.229,3.6,0.056,0.204,1.8,0.184,-0.1,4.1,-0.1,2.7,100,8485,64.71,-9.4
2024-06-17 02:15,0.435,4.7,0.372,0.229,3.6,0.057,0.204,1.8,0.182,-0.1,4.1,-0.1,2.7,100,8487,64.7,-9.5
2024-06-17 02:30,0.435,4.7,0.371,0.229,3.6,0.057,0.204,1.8,0.184,-0.1,4.1,-0.1,2.7,100,8482,64.69,-9.7
2024-06-17 02:45,0.435,4.7,0.37,0.229,3.6,0.057,0.204,1.7,0.184,-0.1,4.1,-0.1,2.7,100,8485,64.68,-9.6
2024-06-17 03:00,0.435,4.7,0.372,0.23,3.6,0.056,0.204,1.7,0.183,-0.1,4.1,-0.1,2.7,100,8482,64.66,-9.4
2024-06-17 03:15,0.435,4.7,0.372,0.23,3.6,0.056,0.204,1.7,0.185,-0.1,4.1,-0.1,2.7,100,8483,64.65,-9.7
2024-06-17 03:30,0.435,4.7,0.372,0.23,3.6,0.056,0.204,1.7,0.182,-0.1,4.1,-0.1,2.7,100,8483,64.64,-10
2024-06-17 03:45,0.435,4.7,0.372,0.229,3.6,0.056,0.204,1.7,0.182,-0.1,4.1,-0.1,2.7,100,8484,64.63,-10.4
2024-06-17 04:00,0.435,4.7,0.372,0.23,3.6,0.056,0.204,1.7,0.182,-0.1,4.1,-0.1,2.7,100,8485,64.62,-10.7
2024-06-17 04:15,0.435,4.7,0.372,0.23,3.6,0.056,0.204,1.7,0.183,-0.1,4.1,-0.1,2.7,100,8481,64.61,-10.8
2024-06-17 04:30,0.435,4.7,0.372,0.229,3.6,0.056,0.204,1.7,0.183,-0.1,4.1,-0.1,2.7,100,8477,64.61,-11
2024-06-17 04:45,0.435,4.7,0.372,0.23,3.6,0.057,0.204,1.7,0.183,-0.1,4.1,-0.1,2.7,100,8478,64.61,-11.3
2024-06-17 05:00,0.435,4.7,0.371,0.23,3.6,0.056,0.203,1.7,0.183,-0.1,4.1,-0.1,2.7,100,8478,64.61,-11.7
2024-06-17 05:15,0.435,4.7,0.371,0.23,3.6,0.056,0.203,1.6,0.183,-0.1,4.1,-0.1,2.7,100,8477,64.61,-12
2024-06-17 05:30,0.435,4.7,0.371,0.229,3.6,0.056,0.204,1.6,0.183,-0.1,4.1,-0.1,2.7,100,8478,64.62,-12.4
2024-06-17 05:45,0.435,4.7,0.371,0.229,3.6,0.056,0.203,1.6,0.183,-0.1,4.1,-0.1,2.7,100,8472,64.61,-12.2
2024-06-17 06:00,0.435,4.7,0.372,0.229,3.6,0.056,0.203,1.6,0.183,-0.1,4.1,-0.1,2.7,100,8475,64.62,-12.2
2024-06-17 06:15,0.435,4.7,0.372,0.229,3.6,0.056,0.203,1.6,0.183,-0.1,4.1,-0.1,2.7,100,8467,64.62,-11.9
2024-06-17 06:30,0.435,4.7,0.371,0.229,3.6,0.056,0.203,1.6,0.182,-0.1,4.1,-0.1,2.7,100,8469,64.63,-12.2
2024-06-17 06:45,0.435,4.7,0.371,0.229,3.6,0.056,0.203,1.6,0.183,-0.1,4.1,-0.1,2.7,100,8470,64.63,-12.3
2024-06-17 07:00,0.435,4.7,0.371,0.229,3.6,0.057,0.203,1.6,0.183,-0.1,4.1,-0.1,2.7,100,8470,64.64,-12.1
2024-06-17 07:15,0.435,4.7,0.371,0.229,3.6,0.057,0.203,1.6,0.183,-0.1,4.1,-0.1,2.7,100,8472,64.64,-11.4
2024-06-17 07:30,0.435,4.7,0.371,0.229,3.6,0.056,0.203,1.6,0.183,-0.1,4.1,-0.1,2.6,100,8474,64.65,-11
2024-06-17 07:45,0.435,4.7,0.372,0.229,3.6,0.054,0.203,1.6,0.182,-0.1,4.1,-0.1,2.6,100,8481,64.66,-10.5
2024-06-17 08:00,0.435,4.7,0.372,0.229,3.6,0.055,0.203,1.5,0.183,-0.1,4.1,-0.1,2.6,100,8508,64.66,-9.9
2024-06-17 08:15,0.435,4.7,0.372,0.229,3.6,0.055,0.203,1.5,0.182,-0.1,4.1,-0.1,2.6,100,8564,64.68,-8.2
2024-06-17 08:30,0.435,4.7,0.371,0.229,3.6,0.055,0.203,1.5,0.183,-0.1,4.1,-0.1,2.6,100,8602,64.7,-5.4
2024-06-17 08:45,0.435,4.7,0.372,0.229,3.6,0.054,0.203,1.5,0.181,-0.1,4.1,-0.1,2.6,100,8628,64.72,-3.3
2024-06-17 09:00,0.435,4.7,0.372,0.228,3.6,0.055,0.203,1.5,0.182,-0.1,4.1,-0.1,2.6,100,8658,64.74,-1.5
2024-06-17 09:15,0.435,4.7,0.372,0.228,3.6,0.056,0.203,1.5,0.18,-0.1,4.1,-0.1,2.6,100,8687,64.75,0.2
2024-06-17 09:30,0.435,4.7,0.372,0.228,3.6,0.054,0.202,1.5,0.18,-0.1,4.1,-0.1,2.6,100,8719,64.77,2.6
2024-06-17 09:45,0.435,4.7,0.372,0.228,3.6,0.055,0.202,1.5,0.179,-0.1,4.1,-0.1,2.6,100,8745,64.77,5.3
2024-06-17 10:00,0.435,4.7,0.371,0.228,3.6,0.055,0.203,1.5,0.18,-0.1,4.1,-0.1,2.6,100,8756,64.79,8.1
2024-06-17 10:15,0.435,4.7,0.372,0.228,3.6,0.053,0.202,1.5,0.18,-0.1,4.1,-0.1,2.6,100,8750,64.79,10.4
2024-06-17 10:30,0.435,4.7,0.371,0.228,3.6,0.054,0.202,1.4,0.18,-0.1,4.1,-0.1,2.6,100,8750,64.79,12
2024-06-17 10:45,0.435,4.7,0.372,0.228,3.6,0.055,0.202,1.4,0.182,-0.1,4.1,-0.1,2.6,100,8745,64.79,12.8
2024-06-17 11:00,0.435,4.7,0.372,0.228,3.6,0.056,0.203,1.4,0.18,-0.1,4.1,-0.1,2.6,100,8747,64.77,13
2024-06-17 11:15,0.435,4.7,0.372,0.228,3.6,0.056,0.203,1.4,0.18,-0.1,4.1,-0.1,2.6,100,8744,64.76,13.3
2024-06-17 11:30,0.435,4.7,0.372,0.228,3.6,0.055,0.203,1.4,0.182,-0.1,4,-0.1,2.6,100,8748,64.75,13.4
2024-06-17 11:45,0.435,4.7,0.37,0.228,3.6,0.056,0.203,1.4,0.181,-0.1,4,-0.1,2.6,100,8750,64.74,13.6
2024-06-17 12:00,0.435,4.7,0.372,0.228,3.6,0.054,0.203,1.4,0.181,-0.1,4,-0.1,2.6,100,8747,64.72,14.1
2024-06-17 12:15,0.435,4.7,0.371,0.228,3.6,0.056,0.203,1.4,0.183,-0.1,4,-0.1,2.6,100,8746,64.7,14.2
2024-06-17 12:30,0.435,4.7,0.371,0.228,3.6,0.056,0.203,1.4,0.182,-0.1,4,-0.1,2.6,100,8747,64.69,14.1
2024-06-17 12:45,0.435,4.7,0.372,0.227,3.6,0.056,0.203,1.4,0.183,-0.1,4,-0.1,2.5,100,8729,64.68,14
2024-06-17 13:00,0.435,4.7,0.372,0.227,3.6,0.055,0.203,1.4,0.184,-0.1,4,-0.1,2.5,100,8737,64.68,14
2024-06-17 13:15,0.435,4.7,0.371,0.227,3.6,0.055,0.203,1.4,0.182,-0.1,4,-0.1,2.5,100,8742,64.67,14.2
2024-06-17 13:30,0.435,4.7,0.371,0.227,3.6,0.056,0.203,1.4,0.183,-0.1,4,-0.1,2.5,100,8741,64.67,14.3
2024-06-17 13:45,0.435,4.7,0.37,0.227,3.6,0.056,0.203,1.4,0.182,-0.1,4,-0.1,2.5,100,8741,64.66,14.3
2024-06-17 14:00,0.435,4.7,0.372,0.227,3.6,0.055,0.203,1.4,0.183,-0.1,4,-0.1,2.5,100,8739,64.65,14.3
2024-06-17 14:15,0.435,4.7,0.372,0.227,3.6,0.056,0.204,1.4,0.183,-0.1,4,-0.1,2.5,100,8733,64.65,14.2
2024-06-17 14:30,0.435,4.7,0.372,0.227,3.6,0.056,0.204,1.3,0.183,-0.1,4,-0.1,2.5,100,8734,64.64,13.8
2024-06-17 14:45,0.435,4.7,0.371,0.228,3.6,0.055,0.204,1.3,0.186,-0.1,4,-0.1,2.5,100,8731,64.64,13.4
2024-06-17 15:00,0.435,4.7,0.372,0.228,3.6,0.054,0.205,1.3,0.184,-0.1,4,-0.1,2.5,100,8730,64.64,13
2024-06-17 15:15,0.435,4.7,0.371,0.228,3.6,0.055,0.205,1.3,0.183,-0.1,4,-0.1,2.5,100,8731,64.63,12.7
2024-06-17 15:30,0.435,4.7,0.371,0.228,3.6,0.055,0.206,1.3,0.185,-0.1,4,-0.1,2.5,100,8732,64.63,12.3
2024-06-17 15:45,0.435,4.7,0.371,0.227,3.5,0.056,0.206,1.3,0.186,-0.1,4,-0.1,2.5,100,8727,64.63,12.1
2024-06-17 16:00,0.435,4.7,0.371,0.228,3.5,0.056,0.207,1.3,0.185,-0.1,4,-0.1,2.5,100,8719,64.63,11.8
2024-06-17 16:15,0.435,4.7,0.37,0.228,3.5,0.055,0.208,1.4,0.186,-0.1,4,-0.1,2.5,100,8712,64.63,11.4
2024-06-17 16:30,0.435,4.7,0.372,0.228,3.5,0.055,0.208,1.4,0.187,-0.1,4,-0.1,2.5,100,8707,64.63,11.3
2024-06-17 16:45,0.435,4.7,0.372,0.228,3.5,0.056,0.209,1.4,0.188,-0.1,4,-0.1,2.5,100,8698,64.63,11.1
2024-06-17 17:00,0.435,4.7,0.372,0.228,3.5,0.056,0.209,1.4,0.189,-0.1,4,-0.1,2.5,100,8688,64.64,10.7
2024-06-17 17:15,0.435,4.7,0.371,0.228,3.5,0.055,0.209,1.5,0.187,-0.1,4,-0.1,2.5,100,8678,64.63,10.1
2024-06-17 17:30,0.435,4.7,0.372,0.228,3.5,0.055,0.21,1.5,0.189,-0.1,4,-0.1,2.5,100,8657,64.63,9.4
2024-06-17 17:45,0.435,4.7,0.372,0.228,3.5,0.055,0.21,1.6,0.19,-0.1,4,-0.1,2.5,100,8643,64.63,7.8
2024-06-17 18:00,0.435,4.7,0.372,0.228,3.5,0.055,0.21,1.6,0.19,-0.1,4,-0.1,2.5,100,8626,64.64,6.3
2024-06-17 18:15,0.435,4.7,0.372,0.228,3.5,0.055,0.21,1.6,0.189,-0.1,4,-0.1,2.5,100,8619,64.64,5.2
2024-06-17 18:30,0.435,4.6,0.372,0.228,3.5,0.056,0.21,1.7,0.192,-0.1,4,-0.1,2.5,100,8611,64.64,3.9
2024-06-17 18:45,0.435,4.6,0.373,0.228,3.5,0.056,0.21,1.7,0.192,-0.1,4,-0.1,2.5,100,8603,64.64,3
2024-06-17 19:00,0.435,4.6,0.373,0.229,3.5,0.055,0.209,1.8,0.193,-0.1,4,-0.1,2.5,100,8599,64.64,2.3
2024-06-17 19:15,0.435,4.6,0.372,0.229,3.5,0.055,0.209,1.8,0.189,-0.1,4,-0.1,2.6,100,8593,64.63,1.3
2024-06-17 19:30,0.435,4.6,0.373,0.229,3.5,0.055,0.209,1.8,0.19,-0.1,4,-0.1,2.6,100,8586,64.62,-0.1
2024-06-17 19:45,0.435,4.6,0.373,0.229,3.5,0.056,0.209,1.9,0.191,-0.1,4,-0.1,2.6,100,8584,64.63,-1
2024-06-17 20:00,0.435,4.6,0.372,0.229,3.5,0.055,0.209,1.9,0.192,-0.1,4,-0.1,2.6,100,8581,64.63,-1.4
2024-06-17 20:15,0.435,4.6,0.373,0.229,3.5,0.054,0.208,1.9,0.192,-0.1,4,-0.1,2.6,100,8578,64.63,-1.4
2024-06-17 20:30,0.435,4.6,0.374,0.229,3.5,0.056,0.208,1.9,0.19,-0.1,4,-0.1,2.6,100,8576,64.65,0.1
2024-06-17 20:45,0.435,4.6,0.372,0.229,3.5,0.054,0.208,1.9,0.188,-0.1,4,-0.1,2.6,100,8572,64.67,0.5
2024-06-17 21:00,0.435,4.6,0.373,0.229,3.5,0.054,0.208,1.9,0.188,-0.1,4,-0.1,2.6,100,8570,64.67,-0.3
2024-06-17 21:15,0.435,4.6,0.373,0.229,3.5,0.055,0.207,1.9,0.188,-0.1,4,-0.1,2.6,100,8564,64.68,-0.7
2024-06-17 21:30,0.435,4.6,0.373,0.229,3.5,0.055,0.207,1.9,0.189,-0.1,4,-0.1,2.6,100,8563,64.68,-1.4
2024-06-17 21:45,0.435,4.6,0.373,0.229,3.5,0.055,0.207,1.9,0.187,-0.1,4,-0.1,2.6,100,8559,64.67,-2.1
2024-06-17 22:00,0.435,4.6,0.373,0.229,3.5,0.053,0.207,1.9,0.188,-0.1,4,-0.1,2.6,100,8557,64.67,-2.5
2024-06-17 22:15,0.435,4.6,0.373,0.229,3.5,0.055,0.207,1.9,0.186,-0.1,4,-0.1,2.7,100,8556,64.67,-3.2
2024-06-17 22:30,0.435,4.6,0.373,0.229,3.5,0.055,0.207,1.9,0.187,-0.1,4,-0.1,2.7,100,8551,64.67,-3.9
2024-06-17 22:45,0.435,4.6,0.373,0.229,3.5,0.055,0.206,1.9,0.188,-0.1,4,-0.1,2.7,100,8549,64.67,-4.7
2024-06-17 23:00,0.435,4.6,0.372,0.229,3.5,0.057,0.206,1.9,0.187,-0.1,4,-0.1,2.7,100,8548,64.65,-5.8
2024-06-17 23:15,0.435,4.6,0.372,0.229,3.5,0.056,0.206,1.8,0.187,-0.1,4,-0.1,2.7,100,8548,64.64,-6.6
2024-06-17 23:30,0.435,4.6,0.373,0.229,3.5,0.054,0.206,1.8,0.188,-0.1,4,-0.1,2.7,100,8546,64.62,-7.7
2024-06-17 23:45,0.435,4.6,0.372,0.229,3.5,0.057,0.206,1.8,0.186,-0.1,4,-0.1,2.7,100,8542,64.61,-8.3
2024-06-18 00:00,0.435,4.6,0.373,0.229,3.6,0.056,0.206,1.8,0.186,-0.1,4,-0.1,2.7,100,8540,64.61,-8.6
2024-06-18 00:15,0.435,4.6,0.373,0.229,3.6,0.056,0.205,1.8,0.185,-0.1,4,-0.1,2.7,100,8477,64.61,-8.5
2024-06-18 00:30,0.435,4.6,0.372,0.229,3.6,0.056,0.205,1.8,0.187,-0.1,4,-0.1,2.7,100,8501,64.6,-8.4
2024-06-18 00:45,0.435,4.6,0.373,0.229,3.6,0.056,0.205,1.8,0.188,-0.1,4,-0.1,2.7,100,8504,64.6,-8.8
2024-06-18 01:00,0.435,4.6,0.373,0.229,3.6,0.057,0.205,1.8,0.186,-0.1,4,-0.1,2.7,100,8505,64.59,-9.1
2024-06-18 01:15,0.435,4.6,0.373,0.229,3.6,0.056,0.205,1.8,0.186,-0.1,4,-0.1,2.7,100,8507,64.58,-9.2
2024-06-18 01:30,0.435,4.6,0.372,0.229,3.6,0.055,0.205,1.8,0.185,-0.1,4,-0.1,2.7,100,8508,64.57,-9.2
2024-06-18 01:45,0.435,4.6,0.372,0.229,3.6,0.056,0.205,1.8,0.184,-0.1,4,-0.1,2.7,100,8508,64.57,-8.4
2024-06-18 02:00,0.435,4.6,0.373,0.229,3.6,0.056,0.205,1.8,0.184,-0.1,4,-0.1,2.7,100,8509,64.57,-8.1
2024-06-18 02:15,0.435,4.6,0.372,0.229,3.6,0.056,0.204,1.8,0.183,-0.1,4,-0.1,2.7,100,8509,64.57,-7.2
2024-06-18 02:30,0.435,4.6,0.373,0.229,3.6,0.057,0.205,1.7,0.185,-0.1,4,-0.1,2.7,100,8511,64.56,-6.6
2024-06-18 02:45,0.435,4.6,0.373,0.23,3.6,0.056,0.204,1.7,0.183,-0.1,4,-0.1,2.7,100,8512,64.55,-6.2
2024-06-18 03:00,0.435,4.6,0.372,0.23,3.6,0.057,0.204,1.7,0.184,-0.1,4,-0.1,2.7,100,8513,64.54,-6.4
2024-06-18 03:15,0.435,4.6,0.373,0.229,3.6,0.056,0.204,1.7,0.184,-0.1,4,-0.1,2.7,100,8510,64.53,-6.6
2024-06-18 03:30,0.435,4.6,0.372,0.23,3.6,0.056,0.204,1.7,0.183,-0.1,4,-0.1,2.7,100,8511,64.51,-7.6
2024-06-18 03:45,0.435,4.6,0.372,0.23,3.6,0.057,0.204,1.7,0.181,-0.1,4,-0.1,2.7,100,8509,64.5,-8.2
2024-06-18 04:00,0.435,4.6,0.371,0.23,3.6,0.056,0.204,1.7,0.182,-0.1,4,-0.1,2.7,100,8506,64.5,-8.6
2024-06-18 04:15,0.435,4.6,0.371,0.23,3.6,0.056,0.204,1.7,0.183,-0.1,4,-0.1,2.7,100,8505,64.5,-7
2024-06-18 04:30,0.435,4.6,0.372,0.23,3.6,0.057,0.204,1.7,0.183,-0.1,4,-0.1,2.7,100,8507,64.51,-6
2024-06-18 04:45,0.435,4.6,0.372,0.23,3.6,0.056,0.204,1.7,0.183,-0.1,4,-0.1,2.6,100,8507,64.52,-5.3
2024-06-18 05:00,0.435,4.6,0.372,0.23,3.6,0.056,0.204,1.6,0.183,-0.1,4,-0.1,2.6,100,8507,64.51,-6.9
2024-06-18 05:15,0.435,4.6,0.37,0.23,3.6,0.056,0.204,1.6,0.183,-0.1,4,-0.1,2.6,100,8505,64.5,-8.7
2024-06-18 05:30,0.435,4.6,0.371,0.23,3.6,0.056,0.204,1.6,0.183,-0.1,4,-0.1,2.6,100,8505,64.5,-9.7
2024-06-18 05:45,0.435,4.6,0.371,0.229,3.6,0.056,0.203,1.6,0.184,-0.1,4,-0.1,2.6,100,8499,64.5,-10.7
2024-06-18 06:00,0.435,4.6,0.371,0.23,3.6,0.056,0.203,1.6,0.182,-0.1,4,-0.1,2.6,100,8499,64.5,-10.7
2024-06-18 06:15,0.435,4.6,0.37,0.229,3.6,0.056,0.203,1.6,0.181,-0.1,4,-0.1,2.6,100,8501,64.5,-10.7
2024-06-18 06:30,0.435,4.6,0.371,0.229,3.6,0.056,0.203,1.6,0.183,-0.1,4,-0.1,2.6,100,8403,64.51,-9.8
2024-06-18 06:45,0.435,4.6,0.371,0.229,3.6,0.056,0.203,1.6,0.183,-0.1,4,-0.1,2.6,100,8496,64.52,-9.6
2024-06-18 07:00,0.435,4.6,0.371,0.23,3.6,0.057,0.203,1.6,0.184,-0.1,4,-0.1,2.6,100,8495,64.52,-9.8
2024-06-18 07:15,0.435,4.6,0.371,0.229,3.6,0.056,0.203,1.5,0.182,-0.1,4,-0.1,2.6,100,8491,64.53,-10.2
2024-06-18 07:30,0.435,4.6,0.371,0.229,3.6,0.055,0.203,1.5,0.182,-0.1,4,-0.1,2.6,100,8497,64.54,-10.6
2024-06-18 07:45,0.435,4.6,0.371,0.229,3.6,0.056,0.203,1.5,0.183,-0.1,4,-0.1,2.6,100,8530,64.54,-11
2024-06-18 08:00,0.435,4.6,0.37,0.229,3.6,0.055,0.203,1.5,0.182,-0.1,4,-0.1,2.6,100,8566,64.54,-9.4
2024-06-18 08:15,0.435,4.6,0.37,0.229,3.6,0.055,0.203,1.5,0.181,-0.1,4,-0.1,2.6,100,8608,64.56,-7.5
2024-06-18 08:30,0.435,4.6,0.37,0.229,3.6,0.055,0.202,1.5,0.183,-0.1,4,-0.1,2.6,100,8646,64.58,-6
2024-06-18 08:45,0.435,4.6,0.371,0.229,3.6,0.054,0.202,1.5,0.181,-0.1,4,-0.1,2.6,100,8691,64.6,-4.6
2024-06-18 09:00,0.436,4.6,0.37,0.229,3.6,0.053,0.203,1.5,0.181,-0.1,4,-0.1,2.6,100,8735,64.61,-2.6
2024-06-18 09:15,0.435,4.6,0.37,0.229,3.6,0.054,0.202,1.5,0.182,-0.1,4,-0.1,2.6,100,8765,64.64,0
2024-06-18 09:30,0.435,4.6,0.371,0.229,3.6,0.054,0.202,1.4,0.18,-0.1,4,-0.1,2.6,100,8785,64.66,2.8
2024-06-18 09:45,0.435,4.6,0.371,0.229,3.6,0.054,0.202,1.4,0.181,-0.1,4,-0.1,2.6,100,8784,64.67,5.1
2024-06-18 10:00,0.435,4.6,0.371,0.229,3.5,0.054,0.202,1.4,0.179,-0.1,4,-0.1,2.6,100,8786,64.68,7.1
2024-06-18 10:15,0.435,4.6,0.37,0.229,3.5,0.055,0.202,1.4,0.182,-0.1,4,-0.1,2.5,100,8781,64.69,9
2024-06-18 10:30,0.435,4.6,0.371,0.229,3.5,0.055,0.202,1.4,0.18,-0.1,4,-0.1,2.5,100,8776,64.69,10.8
2024-06-18 10:45,0.435,4.6,0.371,0.229,3.5,0.055,0.202,1.4,0.179,-0.1,4,-0.1,2.5,100,8773,64.7,11.4
2024-06-18 11:00,0.435,4.6,0.37,0.229,3.5,0.056,0.202,1.4,0.18,-0.1,4,-0.1,2.5,100,8773,64.7,11.6
2024-06-18 11:15,0.435,4.6,0.37,0.228,3.5,0.056,0.203,1.4,0.179,-0.1,4,-0.1,2.5,100,8773,64.7,11.7
2024-06-18 11:30,0.435,4.6,0.371,0.228,3.5,0.055,0.202,1.4,0.179,-0.1,4,-0.1,2.5,100,8773,64.7,11.8
2024-06-18 11:45,0.435,4.6,0.37,0.228,3.5,0.056,0.203,1.4,0.181,-0.1,4,-0.1,2.5,100,8775,64.71,12
2024-06-18 12:00,0.435,4.6,0.37,0.228,3.5,0.055,0.203,1.3,0.181,-0.1,4,-0.1,2.5,100,8774,64.7,12.5
2024-06-18 12:15,0.435,4.6,0.37,0.228,3.5,0.057,0.203,1.3,0.181,-0.1,4,-0.1,2.5,100,8771,64.69,12.6
2024-06-18 12:30,0.435,4.6,0.371,0.228,3.5,0.056,0.203,1.3,0.182,-0.1,4,-0.1,2.5,100,8769,64.68,12.8
2024-06-18 12:45,0.435,4.6,0.37,0.228,3.5,0.056,0.203,1.3,0.184,-0.1,4,-0.1,2.5,100,8756,64.67,12.9
2024-06-18 13:00,0.435,4.6,0.37,0.228,3.5,0.056,0.203,1.3,0.182,-0.1,4,-0.1,2.5,100,8760,64.66,12.9
2024-06-18 13:15,0.435,4.6,0.37,0.228,3.5,0.056,0.203,1.3,0.181,-0.1,4,-0.1,2.5,100,8763,64.64,12.9
2024-06-18 13:30,0.435,4.6,0.37,0.228,3.5,0.056,0.203,1.3,0.182,-0.1,4,-0.1,2.5,100,8764,64.64,13
2024-06-18 13:45,0.435,4.6,0.371,0.228,3.5,0.056,0.203,1.3,0.183,-0.1,4,-0.1,2.5,100,8764,64.63,13.1
2024-06-18 14:00,0.435,4.6,0.371,0.228,3.5,0.056,0.203,1.3,0.184,-0.1,4,-0.1,2.5,100,8760,64.63,13.2
2024-06-18 14:15,0.435,4.6,0.37,0.228,3.5,0.055,0.203,1.3,0.183,-0.1,3.9,-0.1,2.5,100,8754,64.61,13.1
2024-06-18 14:30,0.435,4.6,0.37,0.228,3.5,0.055,0.204,1.3,0.183,-0.1,3.9,-0.1,2.5,100,8752,64.6,13.1
2024-06-18 14:45,0.435,4.6,0.371,0.228,3.5,0.056,0.203,1.3,0.184,-0.1,3.9,-0.1,2.4,100,8749,64.59,13
2024-06-18 15:00,0.435,4.6,0.371,0.228,3.5,0.056,0.204,1.3,0.184,-0.1,3.9,-0.1,2.4,100,8748,64.59,12.8
2024-06-18 15:15,0.435,4.6,0.37,0.227,3.5,0.055,0.204,1.3,0.184,-0.1,3.9,-0.1,2.4,100,8742,64.59,12.5
2024-06-18 15:30,0.435,4.6,0.371,0.228,3.5,0.055,0.204,1.3,0.183,-0.1,3.9,-0.1,2.4,100,8738,64.58,12.1
2024-06-18 15:45,0.435,4.6,0.37,0.228,3.5,0.055,0.205,1.3,0.185,-0.1,3.9,-0.1,2.4,100,8735,64.58,11.8
2024-06-18 16:00,0.435,4.6,0.371,0.228,3.5,0.056,0.206,1.3,0.185,-0.1,3.9,-0.1,2.4,100,8734,64.58,11.4
2024-06-18 16:15,0.435,4.6,0.37,0.228,3.5,0.056,0.206,1.3,0.185,-0.1,3.9,-0.1,2.4,100,8719,64.58,10.9
2024-06-18 16:30,0.435,4.6,0.371,0.228,3.5,0.055,0.207,1.3,0.188,-0.1,3.9,-0.1,2.4,100,8719,64.58,10.4
2024-06-18 16:45,0.435,4.6,0.371,0.228,3.5,0.056,0.207,1.3,0.185,-0.1,3.9,-0.1,2.4,100,8713,64.58,9.8
2024-06-18 17:00,0.435,4.6,0.37,0.228,3.5,0.055,0.208,1.3,0.187,-0.1,3.9,-0.1,2.4,100,8702,64.59,9.2
2024-06-18 17:15,0.435,4.6,0.37,0.228,3.5,0.056,0.208,1.3,0.187,-0.1,3.9,-0.1,2.4,100,8694,64.59,8.5
2024-06-18 17:30,0.435,4.6,0.371,0.228,3.5,0.055,0.209,1.3,0.186,-0.1,3.9,-0.1,2.4,100,8675,64.6,7.7
2024-06-18 17:45,0.435,4.6,0.371,0.228,3.4,0.056,0.209,1.3,0.188,-0.1,3.9,-0.1,2.4,100,8659,64.6,6.2
2024-06-18 18:00,0.435,4.6,0.371,0.228,3.4,0.056,0.209,1.3,0.188,-0.1,3.9,-0.1,2.4,100,8644,64.6,5
2024-06-18 18:15,0.435,4.6,0.371,0.228,3.4,0.056,0.209,1.4,0.188,-0.1,3.9,-0.1,2.4,100,8634,64.6,3.8
2024-06-18 18:30,0.435,4.6,0.371,0.228,3.4,0.056,0.21,1.4,0.189,-0.1,3.9,-0.1,2.4,100,8626,64.61,2.9
2024-06-18 18:45,0.435,4.6,0.371,0.228,3.4,0.056,0.21,1.4,0.191,-0.1,3.9,-0.1,2.4,100,8618,64.61,2.2
2024-06-18 19:00,0.435,4.6,0.371,0.228,3.4,0.055,0.21,1.4,0.19,-0.1,3.9,-0.1,2.4,100,8614,64.61,0.5
2024-06-18 19:15,0.435,4.6,0.371,0.228,3.4,0.056,0.209,1.4,0.19,-0.1,3.9,-0.1,2.4,100,8608,64.61,-0.5
2024-06-18 19:30,0.435,4.6,0.371,0.228,3.4,0.056,0.209,1.5,0.189,-0.1,3.9,-0.1,2.4,100,8604,64.61,-0.7
2024-06-18 19:45,0.435,4.6,0.372,0.229,3.4,0.056,0.209,1.5,0.188,-0.1,3.9,-0.1,2.4,100,8599,64.63,-0.8
2024-06-18 20:00,0.435,4.5,0.372,0.229,3.4,0.056,0.209,1.5,0.188,-0.1,3.9,-0.1,2.4,100,8598,64.63,-1
2024-06-18 20:15,0.435,4.5,0.372,0.229,3.4,0.056,0.209,1.5,0.188,-0.1,3.9,-0.1,2.4,100,8590,64.63,-1.3
2024-06-18 20:30,0.435,4.5,0.371,0.229,3.4,0.056,0.209,1.5,0.188,-0.1,3.9,-0.1,2.4,100,8589,64.63,-1.3
2024-06-18 20:45,0.435,4.5,0.372,0.229,3.4,0.056,0.208,1.5,0.189,-0.1,3.9,-0.1,2.4,100,8588,64.64,-1.2
2024-06-18 21:00,0.435,4.5,0.372,0.229,3.4,0.055,0.208,1.5,0.188,-0.1,3.9,-0.1,2.4,100,8584,64.64,-2.5
2024-06-18 21:15,0.435,4.5,0.371,0.229,3.4,0.056,0.208,1.5,0.187,-0.1,3.9,-0.1,2.4,100,8583,64.65,-2.8
2024-06-18 21:30,0.435,4.5,0.372,0.229,3.4,0.056,0.208,1.5,0.185,-0.1,3.9,-0.1,2.4,100,8575,64.65,-2.9
2024-06-18 21:45,0.435,4.5,0.371,0.229,3.4,0.056,0.207,1.5,0.188,-0.1,3.9,-0.1,2.5,100,8576,64.65,-2
2024-06-18 22:00,0.435,4.5,0.371,0.229,3.4,0.055,0.207,1.5,0.186,-0.1,3.9,-0.1,2.5,100,8574,64.66,-2.6
2024-06-18 22:15,0.435,4.5,0.372,0.229,3.4,0.055,0.207,1.5,0.188,-0.1,3.9,-0.1,2.5,100,8573,64.66,-3
2024-06-18 22:30,0.435,4.5,0.372,0.229,3.4,0.055,0.207,1.5,0.186,-0.1,3.9,-0.1,2.5,100,8573,64.67,-3.1
2024-06-18 22:45,0.436,4.5,0.371,0.229,3.4,0.055,0.207,1.5,0.187,-0.1,3.9,-0.1,2.5,100,8567,64.67,-3.1
2024-06-18 23:00,0.435,4.5,0.371,0.229,3.4,0.055,0.207,1.5,0.187,-0.1,3.9,-0.1,2.5,100,8566,64.67,-2.9
2024-06-18 23:15,0.435,4.5,0.372,0.229,3.4,0.054,0.206,1.5,0.188,-0.1,3.9,-0.1,2.5,100,8563,64.68,-2.6
2024-06-18 23:30,0.435,4.5,0.371,0.229,3.4,0.056,0.206,1.5,0.187,-0.1,3.9,-0.1,2.5,100,8562,64.68,-3.1
2024-06-18 23:45,0.435,4.5,0.371,0.23,3.4,0.056,0.206,1.5,0.187,-0.1,3.9,-0.1,2.5,100,8562,64.67,-3.5
2024-06-19 00:00,0.436,4.5,0.371,0.23,3.4,0.054,0.206,1.5,0.183,-0.1,3.9,-0.1,2.5,100,8559,64.67,-4.7
2024-06-19 00:15,0.436,4.5,0.371,0.23,3.4,0.054,0.206,1.5,0.188,-0.1,3.9,-0.1,2.5,100,8490,64.67,-5.9
2024-06-19 00:30,0.435,4.5,0.371,0.23,3.4,0.054,0.206,1.5,0.186,-0.1,3.9,-0.1,2.5,100,8518,64.67,-7
2024-06-19 00:45,0.435,4.5,0.371,0.23,3.4,0.056,0.205,1.5,0.185,-0.1,3.9,-0.1,2.5,100,8520,64.66,-8
2024-06-19 01:00,0.435,4.5,0.372,0.23,3.4,0.055,0.205,1.5,0.184,-0.1,3.9,-0.1,2.5,100,8523,64.66,-7.9
2024-06-19 01:15,0.435,4.5,0.371,0.23,3.4,0.055,0.205,1.5,0.185,-0.1,3.9,-0.1,2.5,100,8522,64.65,-7.7
2024-06-19 01:30,0.436,4.5,0.37,0.23,3.4,0.055,0.205,1.5,0.187,-0.1,3.9,-0.1,2.5,100,8523,64.64,-8.4
2024-06-19 01:45,0.436,4.5,0.371,0.23,3.4,0.055,0.205,1.5,0.185,-0.1,3.9,-0.1,2.5,100,8523,64.63,-9
2024-06-19 02:00,0.435,4.5,0.372,0.229,3.4,0.056,0.205,1.5,0.185,-0.1,3.9,-0.1,2.5,100,8522,64.64,-8.3
2024-06-19 02:15,0.436,4.5,0.371,0.229,3.4,0.054,0.205,1.5,0.184,-0.1,3.9,-0.1,2.5,100,8520,64.62,-8.8
2024-06-19 02:30,0.435,4.5,0.372,0.229,3.4,0.055,0.204,1.5,0.184,-0.1,3.9,-0.1,2.5,100,8524,64.61,-8.9
2024-06-19 02:45,0.436,4.5,0.371,0.229,3.4,0.054,0.205,1.5,0.183,-0.1,3.9,-0.1,2.5,100,8523,64.61,-8.3
2024-06-19 03:00,0.436,4.5,0.371,0.229,3.4,0.054,0.204,1.5,0.183,-0.1,3.9,-0.1,2.5,100,8523,64.6,-8.1
2024-06-19 03:15,0.436,4.5,0.371,0.229,3.4,0.055,0.204,1.5,0.183,-0.1,3.9,-0.1,2.5,100,8524,64.59,-8.3
2024-06-19 03:30,0.436,4.5,0.37,0.229,3.4,0.056,0.204,1.5,0.183,-0.1,3.9,-0.1,2.5,100,8524,64.59,-8.6
2024-06-19 03:45,0.436,4.5,0.371,0.23,3.4,0.054,0.204,1.5,0.183,-0.1,3.9,-0.1,2.5,100,8522,64.59,-9
2024-06-19 04:00,0.436,4.5,0.37,0.229,3.4,0.054,0.204,1.5,0.183,-0.1,3.9,-0.1,2.5,100,8521,64.59,-9.5
2024-06-19 04:15,0.436,4.5,0.37,0.23,3.4,0.054,0.204,1.5,0.183,-0.1,3.9,-0.1,2.5,100,8521,64.58,-9.9
2024-06-19 04:30,0.436,4.5,0.37,0.23,3.4,0.055,0.204,1.5,0.183,-0.1,3.9,-0.1,2.5,100,8514,64.59,-10.3
2024-06-19 04:45,0.436,4.5,0.371,0.23,3.4,0.056,0.204,1.5,0.183,-0.1,3.9,-0.1,2.5,100,8515,64.59,-10.5
2024-06-19 05:00,0.436,4.5,0.37,0.23,3.4,0.054,0.204,1.4,0.185,-0.1,3.9,-0.1,2.5,100,8516,64.59,-11.2
2024-06-19 05:15,0.436,4.5,0.37,0.23,3.4,0.056,0.204,1.4,0.182,-0.1,3.9,-0.1,2.5,100,8509,64.58,-11.3
2024-06-19 05:30,0.435,4.5,0.369,0.23,3.4,0.054,0.203,1.4,0.183,-0.1,3.9,-0.1,2.5,100,8510,64.59,-12
2024-06-19 05:45,0.435,4.5,0.37,0.23,3.4,0.054,0.203,1.4,0.183,-0.1,3.9,-0.1,2.5,100,8515,64.59,-12
2024-06-19 06:00,0.436,4.5,0.37,0.23,3.4,0.054,0.203,1.4,0.184,-0.1,3.9,-0.1,2.5,100,8509,64.59,-12.3
2024-06-19 06:15,0.436,4.5,0.37,0.23,3.4,0.055,0.203,1.4,0.184,-0.1,3.9,-0.1,2.5,100,8508,64.59,-12.4
2024-06-19 06:30,0.436,4.5,0.37,0.23,3.4,0.055,0.203,1.4,0.183,-0.1,3.9,-0.1,2.5,100,8510,64.6,-12.5
2024-06-19 06:45,0.436,4.5,0.37,0.23,3.4,0.055,0.203,1.4,0.182,-0.1,3.9,-0.1,2.4,100,8503,64.6,-12.4
2024-06-19 07:00,0.436,4.5,0.371,0.229,3.4,0.056,0.203,1.4,0.182,-0.1,3.9,-0.1,2.4,100,8505,64.62,-11.2
2024-06-19 07:15,0.436,4.5,0.37,0.229,3.4,0.056,0.203,1.4,0.181,-0.1,3.9,-0.1,2.4,100,8499,64.64,-10.8
2024-06-19 07:30,0.436,4.5,0.37,0.229,3.4,0.055,0.203,1.4,0.183,-0.1,3.9,-0.1,2.4,100,8506,64.65,-10.6
2024-06-19 07:45,0.436,4.5,0.37,0.229,3.4,0.056,0.203,1.4,0.181,-0.1,3.9,-0.1,2.4,100,8538,64.67,-10.4
2024-06-19 08:00,0.436,4.5,0.369,0.229,3.4,0.056,0.203,1.4,0.181,-0.1,3.9,-0.1,2.4,100,8576,64.7,-8.4
2024-06-19 08:15,0.436,4.5,0.37,0.229,3.4,0.056,0.202,1.3,0.18,-0.1,3.9,-0.1,2.4,100,8613,64.74,-6.5
2024-06-19 08:30,0.435,4.5,0.37,0.229,3.4,0.057,0.202,1.3,0.182,-0.1,3.9,-0.1,2.4,100,8655,64.76,-4.6
2024-06-19 08:45,0.436,4.5,0.371,0.229,3.4,0.056,0.202,1.3,0.18,-0.1,3.9,-0.1,2.4,100,8693,64.79,-2.4
2024-06-19 09:00,0.436,4.5,0.371,0.229,3.4,0.056,0.202,1.3,0.18,-0.1,3.9,-0.1,2.4,100,8731,64.81,-0.3
2024-06-19 09:15,0.436,4.5,0.37,0.229,3.4,0.056,0.202,1.3,0.181,-0.1,3.9,-0.1,2.4,100,8754,64.83,1.5
2024-06-19 09:30,0.436,4.5,0.37,0.229,3.4,0.056,0.202,1.3,0.178,-0.1,3.9,-0.1,2.4,100,8776,64.84,2.9
2024-06-19 09:45,0.436,4.5,0.37,0.229,3.4,0.055,0.202,1.3,0.179,-0.1,3.9,-0.1,2.4,100,8786,64.85,4.2
2024-06-19 10:00,0.436,4.5,0.37,0.229,3.4,0.056,0.202,1.3,0.181,-0.1,3.9,-0.1,2.4,100,8797,64.85,5.5
2024-06-19 10:15,0.436,4.5,0.37,0.229,3.4,0.055,0.202,1.3,0.181,-0.1,3.9,-0.1,2.4,100,8799,64.85,7
2024-06-19 10:30,0.435,4.5,0.37,0.229,3.4,0.055,0.202,1.3,0.179,-0.1,3.9,-0.1,2.4,100,8796,64.85,8.7
2024-06-19 10:45,0.436,4.5,0.369,0.228,3.4,0.056,0.202,1.3,0.179,-0.1,3.8,-0.1,2.4,100,8787,64.85,10.3
2024-06-19 11:00,0.436,4.5,0.37,0.229,3.4,0.054,0.202,1.3,0.179,-0.1,3.8,-0.1,2.4,100,8782,64.84,11.6
2024-06-19 11:15,0.436,4.5,0.37,0.228,3.4,0.054,0.202,1.2,0.181,-0.1,3.8,-0.1,2.4,100,8778,64.82,12.2
2024-06-19 11:30,0.436,4.5,0.371,0.228,3.4,0.053,0.202,1.2,0.18,-0.1,3.8,-0.1,2.4,100,8773,64.82,12.8
2024-06-19 11:45,0.436,4.5,0.37,0.228,3.4,0.054,0.203,1.2,0.18,-0.1,3.8,-0.1,2.4,100,8769,64.81,13.4
2024-06-19 12:00,0.435,4.5,0.369,0.228,3.4,0.054,0.203,1.2,0.18,-0.1,3.8,-0.1,2.4,100,8766,64.79,13.4
2024-06-19 12:15,0.436,4.5,0.37,0.228,3.4,0.054,0.203,1.2,0.181,-0.1,3.8,-0.1,2.3,100,8763,64.78,13.2
2024-06-19 12:30,0.435,4.5,0.37,0.228,3.4,0.053,0.203,1.2,0.182,-0.1,3.8,-0.1,2.3,100,8765,64.76,13.2
2024-06-19 12:45,0.436,4.5,0.369,0.228,3.4,0.055,0.203,1.2,0.182,-0.1,3.8,-0.1,2.3,100,8751,64.75,12.9
2024-06-19 13:00,0.436,4.5,0.368,0.228,3.4,0.055,0.203,1.2,0.182,-0.1,3.8,-0.1,2.3,100,8757,64.75,12.8
2024-06-19 13:15,0.436,4.5,0.368,0.228,3.4,0.054,0.203,1.2,0.183,-0.1,3.8,-0.1,2.3,100,8763,64.74,13
2024-06-19 13:30,0.436,4.5,0.369,0.228,3.4,0.053,0.203,1.2,0.183,-0.1,3.8,-0.1,2.3,100,8760,64.72,13.3
2024-06-19 13:45,0.436,4.5,0.37,0.228,3.4,0.055,0.203,1.2,0.181,-0.1,3.8,-0.1,2.3,100,8760,64.72,13.4
2024-06-19 14:00,0.436,4.5,0.37,0.228,3.4,0.054,0.203,1.2,0.182,-0.1,3.8,-0.1,2.3,100,8755,64.71,13.6
2024-06-19 14:15,0.436,4.5,0.369,0.228,3.4,0.054,0.203,1.2,0.18,-0.1,3.8,-0.1,2.3,100,8748,64.7,13.6
2024-06-19 14:30,0.436,4.5,0.369,0.228,3.4,0.055,0.203,1.2,0.183,-0.1,3.8,-0.1,2.3,100,8751,64.7,13.7
2024-06-19 14:45,0.436,4.5,0.369,0.228,3.4,0.055,0.203,1.2,0.183,-0.1,3.8,-0.1,2.3,100,8744,64.69,13.4
2024-06-19 15:00,0.436,4.5,0.369,0.228,3.4,0.054,0.204,1.2,0.182,-0.1,3.8,-0.1,2.3,100,8741,64.69,13.3
2024-06-19 15:15,0.436,4.5,0.369,0.228,3.4,0.054,0.204,1.2,0.185,-0.1,3.8,-0.1,2.3,100,8737,64.68,13
2024-06-19 15:30,0.436,4.5,0.37,0.228,3.3,0.055,0.204,1.2,0.183,-0.1,3.8,-0.1,2.3,100,8734,64.69,12.9
2024-06-19 15:45,0.436,4.5,0.37,0.228,3.3,0.054,0.205,1.2,0.185,-0.1,3.8,-0.1,2.3,100,8728,64.68,12.5
2024-06-19 16:00,0.436,4.5,0.37,0.228,3.3,0.055,0.205,1.2,0.184,-0.1,3.8,-0.1,2.3,100,8721,64.69,12
2024-06-19 16:15,0.436,4.5,0.37,0.228,3.3,0.053,0.206,1.2,0.186,-0.1,3.8,-0.1,2.3,100,8716,64.68,11.5
2024-06-19 16:30,0.436,4.5,0.37,0.228,3.3,0.054,0.206,1.2,0.186,-0.1,3.8,-0.1,2.3,100,8710,64.68,10.9
2024-06-19 16:45,0.436,4.5,0.369,0.228,3.3,0.052,0.207,1.2,0.185,-0.1,3.8,-0.1,2.3,100,8701,64.68,10.3
2024-06-19 17:00,0.436,4.5,0.37,0.228,3.3,0.053,0.207,1.2,0.187,-0.1,3.8,-0.1,2.3,100,8698,64.69,9.6
2024-06-19 17:15,0.436,4.5,0.37,0.228,3.3,0.053,0.208,1.2,0.188,-0.1,3.8,-0.1,2.3,100,8684,64.7,8.9
2024-06-19 17:30,0.436,4.5,0.37,0.228,3.3,0.054,0.209,1.2,0.187,-0.1,3.8,-0.1,2.3,100,8665,64.71,8
2024-06-19 17:45,0.436,4.5,0.37,0.228,3.3,0.053,0.209,1.2,0.188,-0.1,3.8,-0.1,2.3,100,8652,64.72,6.4
2024-06-19 18:00,0.436,4.5,0.37,0.228,3.3,0.053,0.209,1.2,0.188,-0.1,3.8,-0.1,2.3,100,8638,64.73,5.1
2024-06-19 18:15,0.436,4.5,0.37,0.229,3.3,0.054,0.209,1.2,0.189,-0.1,3.8,-0.1,2.3,100,8630,64.73,4.1
2024-06-19 18:30,0.436,4.5,0.371,0.229,3.3,0.054,0.21,1.2,0.189,-0.1,3.8,-0.1,2.3,100,8624,64.74,3.3
2024-06-19 18:45,0.436,4.4,0.371,0.229,3.3,0.054,0.21,1.3,0.188,-0.1,3.8,-0.1,2.3,100,8614,64.74,2.8
2024-06-19 19:00,0.436,4.4,0.371,0.229,3.3,0.052,0.21,1.3,0.19,-0.1,3.8,-0.1,2.3,100,8608,64.75,1.8
2024-06-19 19:15,0.436,4.4,0.371,0.228,3.3,0.053,0.21,1.3,0.189,-0.1,3.8,-0.1,2.3,100,8605,64.74,0.9
2024-06-19 19:30,0.436,4.4,0.372,0.228,3.3,0.053,0.21,1.3,0.189,-0.1,3.8,-0.1,2.3,100,8599,64.75,0.9
2024-06-19 19:45,0.436,4.4,0.37,0.229,3.3,0.052,0.21,1.3,0.19,-0.1,3.8,-0.1,2.3,100,8595,64.76,0.3
2024-06-19 20:00,0.436,4.4,0.371,0.229,3.3,0.053,0.209,1.3,0.19,-0.1,3.8,-0.1,2.3,100,8590,64.76,0
2024-06-19 20:15,0.436,4.4,0.371,0.229,3.3,0.054,0.209,1.3,0.189,-0.1,3.8,-0.1,2.3,100,8584,64.77,-0.3
2024-06-19 20:30,0.436,4.4,0.371,0.229,3.3,0.055,0.209,1.3,0.19,-0.1,3.8,-0.1,2.3,100,8582,64.78,-1.2
2024-06-19 20:45,0.436,4.4,0.371,0.229,3.3,0.054,0.209,1.3,0.188,-0.1,3.8,-0.1,2.3,100,8579,64.79,-2.2
2024-06-19 21:00,0.436,4.4,0.371,0.229,3.3,0.054,0.209,1.3,0.187,-0.1,3.8,-0.1,2.3,100,8578,64.79,-2.6
2024-06-19 21:15,0.436,4.4,0.373,0.229,3.3,0.053,0.209,1.3,0.189,-0.1,3.8,-0.1,2.3,100,8573,64.79,-3.6
2024-06-19 21:30,0.436,4.4,0.371,0.229,3.3,0.055,0.208,1.3,0.188,-0.1,3.8,-0.1,2.3,100,8573,64.8,-4.5
2024-06-19 21:45,0.436,4.4,0.371,0.229,3.3,0.055,0.208,1.3,0.187,-0.1,3.8,-0.1,2.3,100,8567,64.79,-5.3
2024-06-19 22:00,0.436,4.4,0.372,0.229,3.3,0.055,0.208,1.3,0.188,-0.1,3.8,-0.1,2.3,100,8565,64.81,-5.3
2024-06-19 22:15,0.436,4.4,0.371,0.229,3.3,0.054,0.208,1.3,0.187,-0.1,3.8,-0.1,2.3,100,8555,64.8,-4.8
2024-06-19 22:30,0.436,4.4,0.372,0.229,3.3,0.055,0.207,1.3,0.187,-0.1,3.8,-0.1,2.3,100,8554,64.81,-4.4
2024-06-19 22:45,0.436,4.4,0.371,0.229,3.3,0.055,0.207,1.3,0.186,-0.1,3.8,-0.1,2.3,100,8556,64.82,-3.8
2024-06-19 23:00,0.436,4.4,0.371,0.229,3.3,0.055,0.207,1.3,0.187,-0.1,3.8,-0.1,2.3,100,8556,64.83,-4.3
2024-06-19 23:15,0.436,4.4,0.371,0.229,3.3,0.054,0.207,1.3,0.186,-0.1,3.8,-0.1,2.3,100,8556,64.83,-4.8
2024-06-19 23:30,0.436,4.4,0.371,0.229,3.3,0.055,0.207,1.3,0.186,-0.1,3.8,-0.1,2.3,100,8551,64.82,-5
2024-06-19 23:45,0.436,4.4,0.371,0.23,3.3,0.056,0.207,1.4,0.187,-0.1,3.8,-0.1,2.3,100,8552,64.81,-5.1
2024-06-20 00:00,0.436,4.4,0.371,0.229,3.3,0.055,0.206,1.4,0.186,-0.1,3.8,-0.1,2.3,100,8552,64.81,-5.1
2024-06-20 00:15,0.436,4.4,0.371,0.229,3.3,0.057,0.206,1.4,0.185,-0.1,3.8,-0.1,2.3,100,8496,64.81,-4.7
2024-06-20 00:30,0.436,4.4,0.371,0.229,3.3,0.056,0.206,1.4,0.187,-0.1,3.8,-0.1,2.3,100,8512,64.8,-4.7
2024-06-20 00:45,0.436,4.4,0.371,0.229,3.3,0.055,0.206,1.4,0.186,-0.1,3.8,-0.1,2.3,100,8518,64.8,-5.2
2024-06-20 01:00,0.436,4.4,0.371,0.229,3.3,0.057,0.206,1.4,0.187,-0.1,3.8,-0.1,2.3,100,8520,64.78,-5.3
2024-06-20 01:15,0.436,4.4,0.371,0.229,3.3,0.056,0.206,1.4,0.186,-0.1,3.7,-0.1,2.3,100,8519,64.77,-5.3
2024-06-20 01:30,0.436,4.4,0.371,0.229,3.3,0.055,0.206,1.4,0.186,-0.1,3.7,-0.1,2.3,100,8523,64.78,-5.6
2024-06-20 01:45,0.436,4.4,0.372,0.229,3.3,0.056,0.205,1.4,0.186,-0.1,3.7,-0.1,2.3,100,8524,64.77,-5.3
2024-06-20 02:00,0.436,4.4,0.371,0.23,3.3,0.056,0.205,1.4,0.185,-0.1,3.7,-0.1,2.3,100,8521,64.76,-5.4
2024-06-20 02:15,0.436,4.4,0.371,0.23,3.3,0.055,0.205,1.4,0.186,-0.1,3.7,-0.1,2.3,100,8523,64.76,-5
2024-06-20 02:30,0.436,4.4,0.372,0.23,3.3,0.056,0.205,1.4,0.183,-0.1,3.7,-0.1,2.3,100,8523,64.76,-4.6
2024-06-20 02:45,0.436,4.4,0.372,0.23,3.3,0.056,0.205,1.4,0.185,-0.1,3.7,-0.1,2.3,100,8526,64.75,-3.3
2024-06-20 03:00,0.436,4.4,0.371,0.23,3.3,0.056,0.205,1.4,0.184,-0.1,3.7,-0.1,2.3,100,8521,64.75,-2.5
2024-06-20 03:15,0.436,4.4,0.371,0.229,3.3,0.056,0.205,1.4,0.183,-0.1,3.7,-0.1,2.3,100,8522,64.76,-2.4
2024-06-20 03:30,0.436,4.4,0.37,0.229,3.3,0.056,0.205,1.4,0.185,-0.1,3.7,-0.1,2.3,100,8523,64.77,-2.4
2024-06-20 03:45,0.436,4.4,0.371,0.229,3.3,0.056,0.205,1.4,0.183,-0.1,3.7,-0.1,2.3,100,8524,64.77,-2.1
2024-06-20 04:00,0.436,4.4,0.371,0.229,3.3,0.056,0.204,1.4,0.183,-0.1,3.7,-0.1,2.3,100,8523,64.75,-2.2
2024-06-20 04:15,0.436,4.4,0.371,0.229,3.3,0.056,0.204,1.4,0.183,-0.1,3.7,-0.1,2.3,100,8516,64.74,-2.4
2024-06-20 04:30,0.436,4.4,0.371,0.229,3.3,0.056,0.204,1.4,0.184,-0.1,3.7,-0.1,2.3,100,8514,64.74,-2.7
2024-06-20 04:45,0.436,4.4,0.371,0.23,3.3,0.056,0.204,1.4,0.184,-0.1,3.7,-0.1,2.3,100,8516,64.75,-2.8
2024-06-20 05:00,0.436,4.4,0.371,0.23,3.3,0.056,0.204,1.4,0.184,-0.1,3.7,-0.1,2.3,100,8516,64.74,-3.2
2024-06-20 05:15,0.436,4.4,0.371,0.23,3.3,0.056,0.204,1.4,0.183,-0.1,3.7,-0.1,2.3,100,8509,64.74,-3.4
2024-06-20 05:30,0.436,4.4,0.371,0.23,3.3,0.056,0.204,1.4,0.184,-0.1,3.7,-0.1,2.3,100,8509,64.73,-3.8
2024-06-20 05:45,0.436,4.4,0.372,0.23,3.3,0.056,0.204,1.4,0.183,-0.1,3.7,-0.1,2.3,100,8508,64.76,-4.1
2024-06-20 06:00,0.436,4.4,0.37,0.23,3.3,0.057,0.204,1.4,0.183,-0.1,3.7,-0.1,2.3,100,8507,64.74,-4.6
2024-06-20 06:15,0.436,4.4,0.371,0.23,3.3,0.056,0.204,1.4,0.183,-0.1,3.7,-0.1,2.3,100,8506,64.74,-4.7
2024-06-20 06:30,0.436,4.4,0.372,0.23,3.3,0.055,0.204,1.4,0.185,-0.1,3.7,-0.1,2.3,100,8503,64.75,-5.5
2024-06-20 06:45,0.436,4.4,0.371,0.23,3.3,0.056,0.204,1.3,0.183,-0.1,3.7,-0.1,2.3,100,8502,64.75,-6.3
2024-06-20 07:00,0.436,4.4,0.371,0.23,3.3,0.056,0.204,1.3,0.184,-0.1,3.7,-0.1,2.3,100,8504,64.76,-6.7
2024-06-20 07:15,0.436,4.4,0.37,0.23,3.3,0.056,0.204,1.3,0.184,-0.1,3.7,-0.1,2.3,100,8496,64.77,-7
2024-06-20 07:30,0.436,4.4,0.371,0.23,3.3,0.056,0.204,1.3,0.183,-0.1,3.7,-0.1,2.3,100,8498,64.78,-7.7
2024-06-20 07:45,0.436,4.4,0.37,0.23,3.3,0.056,0.204,1.3,0.183,-0.1,3.7,-0.1,2.3,100,8501,64.78,-8
2024-06-20 08:00,0.436,4.4,0.372,0.23,3.3,0.056,0.204,1.3,0.183,-0.1,3.7,-0.1,2.3,100,8521,64.8,-7.6
2024-06-20 08:15,0.436,4.4,0.37,0.23,3.3,0.055,0.204,1.3,0.183,-0.1,3.7,-0.1,2.3,100,8551,64.83,-6.1
2024-06-20 08:30,0.436,4.4,0.371,0.23,3.3,0.056,0.204,1.3,0.183,-0.1,3.7,-0.1,2.3,100,8562,64.85,-3.9
2024-06-20 08:45,0.436,4.4,0.371,0.23,3.3,0.056,0.203,1.3,0.184,-0.1,3.7,-0.1,2.3,100,8611,64.88,-2
2024-06-20 09:00,0.436,4.4,0.371,0.23,3.3,0.056,0.203,1.3,0.184,-0.1,3.7,-0.1,2.3,100,8633,64.91,0.7
2024-06-20 09:15,0.436,4.4,0.371,0.23,3.3,0.056,0.203,1.3,0.183,-0.1,3.7,-0.1,2.3,100,8644,64.93,1.8
2024-06-20 09:30,0.436,4.4,0.371,0.23,3.3,0.056,0.203,1.3,0.183,-0.1,3.7,-0.1,2.3,100,8675,64.94,2.2
2024-06-20 09:45,0.436,4.4,0.372,0.23,3.3,0.055,0.203,1.3,0.185,-0.1,3.7,-0.1,2.3,100,8678,64.95,3.9
2024-06-20 10:00,0.436,4.4,0.371,0.23,3.3,0.056,0.203,1.3,0.183,-0.1,3.7,-0.1,2.3,100,8730,64.96,5.5
2024-06-20 10:15,0.436,4.4,0.371,0.23,3.3,0.056,0.203,1.3,0.183,-0.1,3.7,-0.1,2.3,100,8743,64.96,8.4
2024-06-20 10:30,0.436,4.4,0.371,0.229,3.3,0.056,0.204,1.3,0.183,-0.1,3.7,-0.1,2.3,100,8728,64.96,8.6
2024-06-20 10:45,0.436,4.4,0.371,0.229,3.3,0.056,0.203,1.3,0.183,-0.1,3.7,-0.1,2.3,100,8704,64.95,8.6
2024-06-20 11:00,0.436,4.4,0.37,0.229,3.3,0.056,0.203,1.3,0.185,-0.1,3.7,-0.1,2.3,100,8687,64.94,7.7
2024-06-20 11:15,0.436,4.4,0.37,0.229,3.3,0.056,0.204,1.3,0.184,-0.1,3.7,-0.1,2.3,100,8711,64.93,7.1
2024-06-20 11:30,0.436,4.4,0.371,0.229,3.3,0.056,0.203,1.3,0.184,-0.1,3.7,-0.1,2.3,100,8689,64.92,8
2024-06-20 11:45,0.436,4.4,0.372,0.229,3.3,0.056,0.204,1.3,0.184,-0.1,3.7,-0.1,2.3,100,8689,64.9,8.3
2024-06-20 12:00,0.436,4.4,0.371,0.229,3.3,0.056,0.204,1.3,0.185,-0.1,3.7,-0.1,2.3,100,8689,64.89,8.6
2024-06-20 12:15,0.436,4.4,0.371,0.229,3.3,0.056,0.204,1.3,0.184,-0.1,3.7,-0.1,2.3,100,8684,64.9,9
2024-06-20 12:30,0.436,4.4,0.371,0.229,3.3,0.056,0.204,1.3,0.185,-0.1,3.7,-0.1,2.3,100,8724,64.91,9.7
2024-06-20 12:45,0.436,4.4,0.371,0.229,3.3,0.056,0.204,1.3,0.184,-0.1,3.7,-0.1,2.3,100,8697,64.89,10.2
2024-06-20 13:00,0.436,4.4,0.372,0.229,3.3,0.056,0.204,1.3,0.185,-0.1,3.7,-0.1,2.3,100,8709,64.88,10.4
2024-06-20 13:15,0.436,4.4,0.37,0.229,3.3,0.056,0.204,1.3,0.185,-0.1,3.7,-0.1,2.3,100,8754,64.87,11.4
2024-06-20 13:30,0.436,4.4,0.37,0.229,3.3,0.056,0.204,1.3,0.185,-0.1,3.7,-0.1,2.3,100,8744,64.88,11.9
2024-06-20 13:45,0.436,4.4,0.37,0.229,3.3,0.056,0.204,1.3,0.186,-0.1,3.7,-0.1,2.3,100,8756,64.87,11.7
2024-06-20 14:00,0.436,4.4,0.371,0.229,3.3,0.055,0.204,1.3,0.185,-0.1,3.7,-0.1,2.3,100,8763,64.86,12.3
2024-06-20 14:15,0.436,4.4,0.37,0.229,3.3,0.056,0.205,1.3,0.186,-0.1,3.7,-0.1,2.3,100,8760,64.86,12.9
2024-06-20 14:30,0.436,4.4,0.371,0.229,3.3,0.056,0.205,1.3,0.184,-0.1,3.7,-0.1,2.3,100,8748,64.86,13
2024-06-20 14:45,0.436,4.4,0.371,0.229,3.3,0.056,0.205,1.3,0.184,-0.1,3.7,-0.1,2.3,100,8749,64.85,12.3
2024-06-20 15:00,0.436,4.4,0.371,0.229,3.3,0.056,0.205,1.3,0.186,-0.1,3.7,-0.1,2.3,100,8735,64.85,11.9
2024-06-20 15:15,0.436,4.4,0.371,0.229,3.3,0.055,0.206,1.3,0.187,-0.1,3.7,-0.1,2.3,100,8731,64.86,11.6
2024-06-20 15:30,0.436,4.4,0.371,0.229,3.3,0.056,0.207,1.3,0.187,-0.1,3.7,-0.1,2.3,100,8738,64.85,11.4
2024-06-20 15:45,0.436,4.4,0.371,0.229,3.3,0.056,0.207,1.3,0.188,-0.1,3.7,-0.1,2.3,100,8729,64.85,11
2024-06-20 16:00,0.436,4.4,0.371,0.229,3.3,0.056,0.208,1.3,0.188,-0.1,3.7,-0.1,2.3,100,8732,64.84,10.4
2024-06-20 16:15,0.436,4.4,0.371,0.229,3.3,0.056,0.209,1.3,0.188,-0.1,3.7,-0.1,2.3,100,8730,64.83,10.4
2024-06-20 16:30,0.436,4.4,0.372,0.229,3.3,0.056,0.209,1.4,0.188,-0.1,3.7,-0.1,2.3,100,8709,64.82,9.8
2024-06-20 16:45,0.436,4.4,0.371,0.23,3.3,0.056,0.21,1.4,0.192,-0.1,3.7,-0.1,2.3,100,8682,64.81,8.5
2024-06-20 17:00,0.436,4.4,0.371,0.23,3.3,0.056,0.21,1.4,0.192,-0.1,3.7,-0.1,2.3,100,8671,64.82,7.4
2024-06-20 17:15,0.436,4.4,0.371,0.23,3.3,0.056,0.21,1.5,0.191,-0.1,3.7,-0.1,2.3,100,8656,64.82,6.7
2024-06-20 17:30,0.436,4.4,0.371,0.23,3.3,0.056,0.21,1.5,0.191,-0.1,3.7,-0.1,2.3,100,8648,64.83,5.8
2024-06-20 17:45,0.436,4.4,0.372,0.23,3.3,0.056,0.21,1.6,0.193,-0.1,3.7,-0.1,2.3,100,8631,64.82,5
2024-06-20 18:00,0.436,4.4,0.371,0.23,3.3,0.056,0.211,1.6,0.191,-0.1,3.7,-0.1,2.3,100,8627,64.82,3.9
2024-06-20 18:15,0.436,4.4,0.371,0.23,3.3,0.056,0.21,1.7,0.191,-0.1,3.7,-0.1,2.3,100,8616,64.81,2.6
2024-06-20 18:30,0.436,4.4,0.372,0.23,3.3,0.055,0.21,1.7,0.193,-0.1,3.7,-0.1,2.3,100,8611,64.82,1.6
2024-06-20 18:45,0.436,4.4,0.371,0.23,3.3,0.055,0.21,1.8,0.193,-0.1,3.7,-0.1,2.4,100,8609,64.83,1
2024-06-20 19:00,0.436,4.4,0.372,0.23,3.3,0.055,0.21,1.8,0.193,-0.1,3.7,-0.1,2.4,100,8602,64.84,0.3
2024-06-20 19:15,0.436,4.4,0.372,0.23,3.3,0.056,0.21,1.8,0.192,-0.1,3.7,-0.1,2.4,100,8599,64.83,-0.5
2024-06-20 19:30,0.436,4.4,0.371,0.23,3.3,0.056,0.21,1.8,0.192,-0.1,3.7,-0.1,2.4,100,8592,64.84,-1
2024-06-20 19:45,0.436,4.3,0.371,0.23,3.3,0.056,0.21,1.9,0.192,-0.1,3.7,-0.1,2.4,100,8589,64.85,-1.1
2024-06-20 20:00,0.436,4.3,0.372,0.23,3.3,0.056,0.209,1.9,0.193,-0.1,3.7,-0.1,2.4,100,8589,64.85,-1.2
2024-06-20 20:15,0.436,4.3,0.371,0.23,3.3,0.054,0.209,1.9,0.192,-0.1,3.7,-0.1,2.5,100,8586,64.84,-1.4
2024-06-20 20:30,0.436,4.3,0.372,0.23,3.3,0.056,0.209,1.9,0.192,-0.1,3.7,-0.1,2.5,100,8580,64.86,-1.6
2024-06-20 20:45,0.436,4.3,0.372,0.23,3.3,0.056,0.209,1.9,0.19,-0.1,3.7,-0.1,2.5,100,8576,64.86,-2.2
2024-06-20 21:00,0.436,4.3,0.372,0.23,3.3,0.056,0.209,1.9,0.19,-0.1,3.7,-0.1,2.5,100,8575,64.88,-2.8
2024-06-20 21:15,0.436,4.3,0.372,0.23,3.3,0.056,0.208,1.9,0.192,-0.1,3.7,-0.1,2.5,100,8567,64.89,-3.8
2024-06-20 21:30,0.436,4.3,0.371,0.23,3.3,0.057,0.208,1.8,0.193,-0.1,3.7,-0.1,2.5,100,8569,64.89,-4.6
2024-06-20 21:45,0.436,4.3,0.372,0.23,3.3,0.056,0.208,1.8,0.193,-0.1,3.7,-0.1,2.5,100,8567,64.89,-5
2024-06-20 22:00,0.436,4.3,0.372,0.23,3.3,0.056,0.208,1.8,0.19,-0.1,3.7,-0.1,2.5,100,8564,64.88,-5.6
2024-06-20 22:15,0.436,4.3,0.372,0.231,3.3,0.056,0.208,1.8,0.19,-0.1,3.7,-0.1,2.5,100,8489,64.88,-5.9
2024-06-20 22:30,0.436,4.3,0.373,0.231,3.3,0.057,0.208,1.8,0.189,-0.1,3.7,-0.1,2.5,100,8545,64.88,-6
2024-06-20 22:45,0.436,4.3,0.372,0.231,3.3,0.056,0.207,1.8,0.188,-0.1,3.7,-0.1,2.5,100,8545,64.88,-6.8
2024-06-20 23:00,0.436,4.3,0.373,0.231,3.3,0.057,0.207,1.8,0.189,-0.1,3.7,-0.1,2.5,100,8545,64.87,-7.2
2024-06-20 23:15,0.436,4.3,0.372,0.231,3.3,0.058,0.207,1.8,0.188,-0.1,3.7,-0.1,2.5,100,8545,64.87,-7.5
2024-06-20 23:30,0.436,4.3,0.371,0.231,3.3,0.057,0.207,1.8,0.189,-0.1,3.7,-0.1,2.5,100,8544,64.86,-7.9
2024-06-20 23:45,0.436,4.3,0.371,0.231,3.3,0.057,0.207,1.8,0.188,-0.1,3.7,-0.1,2.5,100,8543,64.86,-8.1
2024-06-21 00:00,0.436,4.3,0.372,0.231,3.3,0.057,0.206,1.8,0.187,-0.1,3.7,-0.1,2.5,100,8542,64.86,-8.4
2024-06-21 00:15,0.436,4.3,0.372,0.231,3.3,0.057,0.206,1.8,0.188,-0.1,3.7,-0.1,2.5,100,8469,64.84,-8.4
2024-06-21 00:30,0.436,4.3,0.371,0.231,3.3,0.056,0.206,1.8,0.186,-0.1,3.7,-0.1,2.5,100,8499,64.83,-8.7
2024-06-21 00:45,0.436,4.3,0.371,0.231,3.3,0.056,0.206,1.7,0.187,-0.1,3.7,-0.1,2.5,100,8505,64.82,-9
2024-06-21 01:00,0.436,4.3,0.372,0.231,3.3,0.055,0.206,1.7,0.187,-0.1,3.7,-0.1,2.5,100,8508,64.81,-9
2024-06-21 01:15,0.436,4.3,0.372,0.231,3.3,0.056,0.206,1.7,0.186,-0.1,3.7,-0.1,2.5,100,8510,64.8,-8.4
2024-06-21 01:30,0.436,4.3,0.372,0.231,3.3,0.056,0.206,1.7,0.187,-0.1,3.7,-0.1,2.5,100,8510,64.79,-8.3
2024-06-21 01:45,0.436,4.3,0.372,0.231,3.4,0.056,0.206,1.7,0.187,-0.1,3.7,-0.1,2.5,100,8512,64.79,-8.4
2024-06-21 02:00,0.436,4.3,0.371,0.231,3.4,0.056,0.205,1.7,0.186,-0.1,3.7,-0.1,2.5,100,8513,64.78,-8.4
2024-06-21 02:15,0.436,4.3,0.372,0.231,3.4,0.056,0.205,1.7,0.185,-0.1,3.7,-0.1,2.5,100,8512,64.76,-8.8
2024-06-21 02:30,0.436,4.3,0.372,0.231,3.4,0.056,0.205,1.7,0.187,-0.1,3.7,-0.1,2.5,100,8513,64.76,-8.7
2024-06-21 02:45,0.436,4.3,0.371,0.231,3.4,0.057,0.205,1.7,0.186,-0.1,3.7,-0.1,2.5,100,8513,64.75,-8.9
2024-06-21 03:00,0.436,4.3,0.372,0.231,3.4,0.057,0.205,1.7,0.185,-0.1,3.7,-0.1,2.5,100,8513,64.75,-9
2024-06-21 03:15,0.436,4.3,0.372,0.231,3.4,0.056,0.205,1.6,0.187,-0.1,3.7,-0.1,2.5,100,8512,64.74,-8.6
2024-06-21 03:30,0.436,4.3,0.372,0.232,3.4,0.056,0.205,1.6,0.185,-0.1,3.7,-0.1,2.5,100,8515,64.75,-8.2
2024-06-21 03:45,0.436,4.3,0.372,0.232,3.4,0.055,0.205,1.6,0.185,-0.1,3.7,-0.1,2.5,100,8515,64.74,-8.4
2024-06-21 04:00,0.436,4.3,0.371,0.231,3.4,0.057,0.205,1.6,0.186,-0.1,3.7,-0.1,2.5,100,8514,64.75,-8.2
2024-06-21 04:15,0.436,4.3,0.371,0.231,3.4,0.056,0.205,1.6,0.186,-0.1,3.7,-0.1,2.5,100,8512,64.75,-8.2
2024-06-21 04:30,0.436,4.3,0.372,0.232,3.4,0.056,0.205,1.6,0.186,-0.1,3.7,-0.1,2.5,100,8506,64.75,-8.5
2024-06-21 04:45,0.436,4.3,0.37,0.232,3.4,0.056,0.205,1.6,0.186,-0.1,3.7,-0.1,2.5,100,8507,64.74,-8.8
2024-06-21 05:00,0.436,4.3,0.371,0.231,3.4,0.056,0.204,1.6,0.185,-0.1,3.7,-0.1,2.5,100,8506,64.75,-8.9
2024-06-21 05:15,0.436,4.3,0.371,0.231,3.4,0.056,0.204,1.6,0.185,-0.1,3.7,-0.1,2.5,100,8505,64.76,-8.4
2024-06-21 05:30,0.436,4.3,0.371,0.232,3.4,0.056,0.204,1.6,0.184,-0.1,3.7,-0.1,2.5,100,8505,64.76,-8.3
2024-06-21 05:45,0.436,4.3,0.371,0.232,3.4,0.056,0.204,1.5,0.183,-0.1,3.7,-0.1,2.5,100,8507,64.76,-8.6
2024-06-21 06:00,0.436,4.3,0.37,0.232,3.4,0.056,0.204,1.5,0.183,-0.1,3.7,-0.1,2.5,100,8507,64.75,-8.5
2024-06-21 06:15,0.436,4.3,0.371,0.232,3.4,0.056,0.204,1.5,0.183,-0.1,3.7,-0.1,2.5,100,8505,64.74,-8.9
2024-06-21 06:30,0.436,4.3,0.371,0.232,3.4,0.056,0.204,1.5,0.185,-0.1,3.7,-0.1,2.5,100,8500,64.74,-9.4
2024-06-21 06:45,0.436,4.3,0.371,0.232,3.4,0.057,0.204,1.5,0.184,-0.1,3.7,-0.1,2.5,100,8501,64.74,-9.7
2024-06-21 07:00,0.436,4.3,0.371,0.231,3.4,0.056,0.204,1.5,0.184,-0.1,3.7,-0.1,2.5,100,8502,64.75,-9.6
2024-06-21 07:15,0.436,4.3,0.372,0.232,3.4,0.057,0.204,1.5,0.183,-0.1,3.7,-0.1,2.5,100,8494,64.75,-9.6
2024-06-21 07:30,0.436,4.3,0.37,0.232,3.4,0.055,0.204,1.5,0.183,-0.1,3.7,-0.1,2.5,100,8501,64.77,-9.6
2024-06-21 07:45,0.436,4.3,0.371,0.231,3.4,0.056,0.204,1.5,0.184,-0.1,3.7,-0.1,2.5,100,8519,64.78,-8.9
2024-06-21 08:00,0.436,4.3,0.371,0.231,3.4,0.056,0.204,1.4,0.183,-0.1,3.7,-0.1,2.5,100,8542,64.79,-7.3
2024-06-21 08:15,0.436,4.3,0.371,0.231,3.4,0.056,0.204,1.4,0.183,-0.1,3.7,-0.1,2.5,100,8579,64.8,-5.2
2024-06-21 08:30,0.436,4.4,0.371,0.231,3.4,0.056,0.204,1.4,0.183,-0.1,3.7,-0.1,2.5,100,8620,64.83,-2.7
2024-06-21 08:45,0.436,4.3,0.37,0.231,3.4,0.056,0.204,1.4,0.184,-0.1,3.7,-0.1,2.4,100,8649,64.87,1
2024-06-21 09:00,0.436,4.3,0.371,0.231,3.4,0.056,0.203,1.4,0.184,-0.1,3.7,-0.1,2.4,100,8681,64.91,4.2
2024-06-21 09:15,0.436,4.4,0.371,0.231,3.4,0.056,0.204,1.4,0.185,-0.1,3.7,-0.1,2.4,100,8697,64.93,6.6
2024-06-21 09:30,0.436,4.3,0.371,0.231,3.4,0.056,0.204,1.4,0.184,-0.1,3.7,-0.1,2.4,100,8716,64.94,8.1
2024-06-21 09:45,0.436,4.4,0.372,0.231,3.4,0.056,0.203,1.4,0.183,-0.1,3.7,-0.1,2.4,100,8731,64.96,8.8
2024-06-21 10:00,0.436,4.3,0.372,0.231,3.4,0.057,0.203,1.4,0.184,-0.1,3.7,-0.1,2.4,100,8744,64.96,9.5
2024-06-21 10:15,0.436,4.3,0.371,0.231,3.3,0.057,0.204,1.4,0.185,-0.1,3.7,-0.1,2.4,100,8754,64.97,10.1
2024-06-21 10:30,0.436,4.3,0.371,0.23,3.3,0.056,0.204,1.4,0.185,-0.1,3.7,-0.1,2.4,100,8757,64.96,10.6
2024-06-21 10:45,0.436,4.3,0.371,0.23,3.3,0.056,0.204,1.4,0.185,-0.1,3.7,-0.1,2.4,100,8766,64.96,11.2
2024-06-21 11:00,0.436,4.3,0.371,0.23,3.3,0.056,0.204,1.3,0.183,-0.1,3.7,-0.1,2.4,100,8770,64.96,11.7
2024-06-21 11:15,0.436,4.3,0.371,0.23,3.3,0.056,0.204,1.3,0.183,-0.1,3.7,-0.1,2.4,100,8772,64.96,12.1
2024-06-21 11:30,0.436,4.3,0.372,0.23,3.3,0.057,0.204,1.3,0.186,-0.1,3.7,-0.1,2.4,100,8770,64.95,12.4
2024-06-21 11:45,0.436,4.3,0.371,0.23,3.3,0.056,0.204,1.3,0.185,-0.1,3.7,-0.1,2.4,100,8772,64.94,12.6
2024-06-21 12:00,0.436,4.3,0.371,0.23,3.3,0.057,0.204,1.3,0.184,-0.1,3.7,-0.1,2.4,100,8770,64.93,13
2024-06-21 12:15,0.436,4.3,0.372,0.23,3.3,0.056,0.204,1.3,0.186,-0.1,3.7,-0.1,2.4,100,8770,64.93,13
2024-06-21 12:30,0.436,4.3,0.371,0.23,3.3,0.056,0.204,1.3,0.185,-0.1,3.7,-0.1,2.4,100,8772,64.93,13.3
2024-06-21 12:45,0.436,4.3,0.372,0.23,3.3,0.056,0.204,1.3,0.186,-0.1,3.7,-0.1,2.4,100,8757,64.92,13.4
2024-06-21 13:00,0.436,4.3,0.371,0.23,3.3,0.056,0.204,1.3,0.186,-0.1,3.7,-0.1,2.4,100,8755,64.92,13.1
2024-06-21 13:15,0.436,4.3,0.371,0.23,3.3,0.056,0.204,1.3,0.186,-0.1,3.7,-0.1,2.3,100,8759,64.91,12.9
2024-06-21 13:30,0.436,4.3,0.371,0.23,3.3,0.056,0.204,1.3,0.185,-0.1,3.7,-0.1,2.3,100,8763,64.9,12.9
2024-06-21 13:45,0.436,4.3,0.371,0.23,3.3,0.056,0.205,1.3,0.187,-0.1,3.7,-0.1,2.3,100,8761,64.89,13
2024-06-21 14:00,0.436,4.3,0.371,0.23,3.3,0.056,0.205,1.3,0.184,-0.1,3.7,-0.1,2.3,100,8765,64.9,12.7
2024-06-21 14:15,0.436,4.3,0.371,0.23,3.3,0.057,0.205,1.3,0.185,-0.1,3.7,-0.1,2.3,100,8760,64.9,12.4
2024-06-21 14:30,0.436,4.3,0.371,0.23,3.3,0.056,0.206,1.3,0.186,-0.1,3.7,-0.1,2.3,100,8757,64.89,12.2
2024-06-21 14:45,0.436,4.3,0.371,0.23,3.3,0.056,0.206,1.3,0.186,-0.1,3.7,-0.1,2.3,100,8762,64.89,12
2024-06-21 15:00,0.436,4.3,0.37,0.23,3.3,0.056,0.207,1.3,0.187,-0.1,3.7,-0.1,2.3,100,8761,64.88,11.7
2024-06-21 15:15,0.436,4.3,0.372,0.23,3.3,0.056,0.208,1.3,0.188,-0.1,3.7,-0.1,2.3,100,8753,64.89,11.3
2024-06-21 15:30,0.436,4.3,0.372,0.23,3.3,0.058,0.209,1.3,0.188,-0.1,3.7,-0.1,2.3,100,8753,64.89,11.1
2024-06-21 15:45,0.436,4.3,0.371,0.23,3.3,0.057,0.209,1.3,0.188,-0.1,3.7,-0.1,2.3,100,8747,64.88,10.8
2024-06-21 16:00,0.436,4.3,0.371,0.23,3.3,0.056,0.21,1.3,0.19,-0.1,3.7,-0.1,2.3,100,8745,64.89,10.7
2024-06-21 16:15,0.436,4.3,0.371,0.23,3.3,0.056,0.21,1.4,0.19,-0.1,3.7,-0.1,2.3,100,8737,64.88,10.6
2024-06-21 16:30,0.436,4.3,0.372,0.23,3.3,0.056,0.211,1.4,0.19,-0.1,3.7,-0.1,2.3,100,8728,64.88,10.3
2024-06-21 16:45,0.437,4.3,0.372,0.231,3.3,0.057,0.211,1.5,0.192,-0.1,3.7,-0.1,2.3,100,8712,64.88,10.2
2024-06-21 17:00,0.436,4.3,0.371,0.231,3.3,0.056,0.211,1.6,0.192,-0.1,3.7,-0.1,2.3,100,8687,64.88,9
2024-06-21 17:15,0.436,4.3,0.372,0.231,3.3,0.056,0.211,1.6,0.192,-0.1,3.7,-0.1,2.3,100,8675,64.87,7.9
2024-06-21 17:30,0.436,4.3,0.373,0.231,3.3,0.056,0.211,1.7,0.191,-0.1,3.7,-0.1,2.3,100,8657,64.87,6.9
2024-06-21 17:45,0.436,4.3,0.373,0.231,3.3,0.056,0.211,1.8,0.193,-0.1,3.7,-0.1,2.4,100,8648,64.87,6
2024-06-21 18:00,0.436,4.3,0.372,0.231,3.3,0.057,0.211,1.9,0.193,-0.1,3.7,-0.1,2.4,100,8637,64.87,5.2
2024-06-21 18:15,0.436,4.3,0.372,0.231,3.3,0.056,0.21,1.9,0.193,-0.1,3.7,-0.1,2.4,100,8624,64.87,4.7
2024-06-21 18:30,0.436,4.3,0.373,0.231,3.3,0.056,0.21,2,0.194,-0.1,3.7,-0.1,2.4,100,8620,64.87,4.3
2024-06-21 18:45,0.436,4.3,0.371,0.231,3.3,0.056,0.21,2,0.194,-0.1,3.7,-0.1,2.4,100,8616,64.88,3.6
2024-06-21 19:00,0.436,4.3,0.372,0.231,3.3,0.057,0.21,2.1,0.194,-0.1,3.7,-0.1,2.5,100,8609,64.88,3.1
2024-06-21 19:15,0.436,4.3,0.373,0.231,3.3,0.057,0.21,2.1,0.195,-0.1,3.7,-0.1,2.5,100,8605,64.88,2.6
2024-06-21 19:30,0.436,4.3,0.371,0.231,3.3,0.056,0.21,2.1,0.195,-0.1,3.7,-0.1,2.5,100,8599,64.9,2.6
2024-06-21 19:45,0.437,4.3,0.373,0.231,3.3,0.055,0.21,2.2,0.193,-0.1,3.7,-0.1,2.5,100,8595,64.91,2.1
2024-06-21 20:00,0.436,4.3,0.373,0.231,3.3,0.056,0.209,2.2,0.194,-0.1,3.7,-0.1,2.6,100,8593,64.92,1.2
2024-06-21 20:15,0.436,4.3,0.373,0.231,3.3,0.057,0.209,2.2,0.192,-0.1,3.7,-0.1,2.6,100,8588,64.93,0.8
2024-06-21 20:30,0.436,4.3,0.373,0.231,3.3,0.057,0.209,2.2,0.193,-0.1,3.7,-0.1,2.6,100,8575,64.93,0.4
2024-06-21 20:45,0.437,4.3,0.373,0.231,3.3,0.057,0.209,2.2,0.192,-0.1,3.7,-0.1,2.6,100,8574,64.94,0
2024-06-21 21:00,0.437,4.3,0.375,0.231,3.3,0.058,0.209,2.2,0.192,-0.1,3.7,-0.1,2.6,100,8576,64.95,-0.2
2024-06-21 21:15,0.437,4.3,0.374,0.231,3.3,0.058,0.209,2.1,0.191,-0.1,3.7,-0.1,2.6,100,8568,64.95,-0.6
2024-06-21 21:30,0.437,4.3,0.373,0.231,3.3,0.057,0.208,2.1,0.189,-0.1,3.7,-0.1,2.6,100,8569,64.97,-1.3
2024-06-21 21:45,0.437,4.3,0.373,0.231,3.3,0.057,0.208,2.1,0.19,-0.1,3.7,-0.1,2.6,100,8567,64.98,-2.2
2024-06-21 22:00,0.437,4.3,0.374,0.232,3.3,0.057,0.208,2.1,0.19,-0.1,3.7,-0.1,2.6,100,8562,64.99,-3.2
2024-06-21 22:15,0.437,4.3,0.373,0.232,3.3,0.057,0.208,2.1,0.19,-0.1,3.7,-0.1,2.7,100,8561,64.98,-3.7
2024-06-21 22:30,0.437,4.3,0.374,0.232,3.4,0.057,0.208,2.1,0.192,-0.1,3.7,-0.1,2.7,100,8562,64.98,-3.9
2024-06-21 22:45,0.437,4.3,0.374,0.232,3.4,0.059,0.208,2.1,0.19,-0.1,3.7,-0.1,2.7,100,8555,64.97,-4.2
2024-06-21 23:00,0.437,4.3,0.373,0.232,3.4,0.059,0.208,2.1,0.191,-0.1,3.7,-0.1,2.7,100,8555,64.97,-4.4
2024-06-21 23:15,0.437,4.3,0.375,0.232,3.4,0.058,0.207,2,0.191,-0.1,3.7,-0.1,2.7,100,8551,64.97,-4.9
2024-06-21 23:30,0.437,4.3,0.374,0.232,3.4,0.057,0.207,2,0.19,-0.1,3.7,-0.1,2.7,100,8553,64.98,-5.4
2024-06-21 23:45,0.437,4.3,0.374,0.232,3.4,0.057,0.207,2,0.19,-0.1,3.7,-0.1,2.7,100,8551,64.97,-5.4
2024-06-22 00:00,0.437,4.3,0.374,0.232,3.4,0.059,0.207,2,0.191,-0.1,3.7,-0.1,2.7,100,8549,64.96,-5.4
2024-06-22 00:15,0.436,4.3,0.374,0.232,3.4,0.058,0.207,2,0.189,-0.1,3.7,-0.1,2.7,100,8494,64.96,-5.2
2024-06-22 00:30,0.437,4.3,0.374,0.232,3.4,0.057,0.207,2,0.188,-0.1,3.7,-0.1,2.7,100,8517,64.97,-5.3
2024-06-22 00:45,0.437,4.3,0.373,0.232,3.4,0.058,0.207,2,0.189,-0.1,3.7,-0.1,2.7,100,8513,64.98,-5.3
2024-06-22 01:00,0.436,4.3,0.373,0.232,3.4,0.058,0.206,1.9,0.188,-0.1,3.7,-0.1,2.7,100,8513,64.98,-5.4
2024-06-22 01:15,0.437,4.3,0.373,0.232,3.4,0.059,0.207,1.9,0.187,-0.1,3.7,-0.1,2.7,100,8518,64.96,-5.9
2024-06-22 01:30,0.437,4.3,0.374,0.232,3.4,0.059,0.206,1.9,0.188,-0.1,3.7,-0.1,2.7,100,8518,64.93,-6.7
2024-06-22 01:45,0.437,4.3,0.373,0.232,3.4,0.057,0.206,1.9,0.188,-0.1,3.7,-0.1,2.7,100,8515,64.91,-6.8
2024-06-22 02:00,0.437,4.3,0.374,0.232,3.4,0.056,0.206,1.9,0.188,-0.1,3.7,-0.1,2.7,100,8518,64.9,-6.5
2024-06-22 02:15,0.437,4.3,0.373,0.232,3.4,0.058,0.206,1.9,0.187,-0.1,3.7,-0.1,2.7,100,8519,64.89,-6.3
2024-06-22 02:30,0.437,4.3,0.373,0.232,3.4,0.059,0.206,1.9,0.188,-0.1,3.7,-0.1,2.7,100,8519,64.89,-6.5
2024-06-22 02:45,0.437,4.3,0.373,0.233,3.4,0.057,0.206,1.9,0.188,-0.1,3.7,-0.1,2.7,100,8519,64.86,-6.8
2024-06-22 03:00,0.437,4.3,0.373,0.233,3.4,0.057,0.206,1.8,0.186,-0.1,3.7,-0.1,2.7,100,8519,64.86,-6.7
2024-06-22 03:15,0.437,4.3,0.373,0.233,3.4,0.057,0.206,1.8,0.187,-0.1,3.7,-0.1,2.7,100,8518,64.85,-6.8
2024-06-22 03:30,0.437,4.3,0.374,0.233,3.4,0.058,0.206,1.8,0.186,-0.1,3.7,-0.1,2.7,100,8517,64.84,-6.6
2024-06-22 03:45,0.437,4.3,0.373,0.233,3.4,0.057,0.205,1.8,0.186,-0.1,3.7,-0.1,2.6,100,8518,64.84,-6.2
2024-06-22 04:00,0.437,4.3,0.373,0.233,3.4,0.056,0.205,1.8,0.186,-0.1,3.7,-0.1,2.6,100,8516,64.84,-6.1
2024-06-22 04:15,0.437,4.3,0.373,0.233,3.4,0.058,0.205,1.8,0.186,-0.1,3.7,-0.1,2.6,100,8517,64.84,-5.6
2024-06-22 04:30,0.437,4.3,0.372,0.233,3.4,0.057,0.205,1.8,0.185,-0.1,3.7,-0.1,2.6,100,8510,64.84,-4.9
2024-06-22 04:45,0.437,4.3,0.373,0.233,3.4,0.058,0.205,1.8,0.187,-0.1,3.7,-0.1,2.6,100,8512,64.83,-4.8
2024-06-22 05:00,0.437,4.3,0.373,0.233,3.4,0.057,0.205,1.7,0.187,-0.1,3.7,-0.1,2.6,100,8511,64.84,-5
2024-06-22 05:15,0.437,4.3,0.373,0.233,3.4,0.057,0.205,1.7,0.186,-0.1,3.7,-0.1,2.6,100,8505,64.84,-5.6
2024-06-22 05:30,0.437,4.3,0.373,0.233,3.4,0.059,0.205,1.7,0.184,-0.1,3.7,-0.1,2.6,100,8505,64.84,-6
2024-06-22 05:45,0.437,4.3,0.374,0.233,3.4,0.058,0.205,1.7,0.183,-0.1,3.7,-0.1,2.6,100,8508,64.83,-6.4
2024-06-22 06:00,0.437,4.3,0.373,0.233,3.4,0.058,0.205,1.7,0.185,-0.1,3.7,-0.1,2.6,100,8506,64.82,-6.8
2024-06-22 06:15,0.437,4.3,0.373,0.233,3.4,0.058,0.205,1.7,0.182,-0.1,3.7,-0.1,2.6,100,8506,64.82,-7
2024-06-22 06:30,0.437,4.3,0.373,0.233,3.4,0.058,0.205,1.7,0.185,-0.1,3.7,-0.1,2.6,100,8500,64.83,-6.8
2024-06-22 06:45,0.437,4.3,0.372,0.233,3.4,0.058,0.205,1.6,0.186,-0.1,3.8,-0.1,2.6,100,8502,64.83,-7.5
2024-06-22 07:00,0.437,4.3,0.372,0.233,3.4,0.058,0.205,1.6,0.185,-0.1,3.8,-0.1,2.6,100,8501,64.84,-7.9
2024-06-22 07:15,0.437,4.3,0.373,0.233,3.4,0.058,0.205,1.6,0.186,-0.1,3.8,-0.1,2.6,100,8501,64.86,-8.4
2024-06-22 07:30,0.437,4.3,0.372,0.233,3.4,0.057,0.204,1.6,0.183,-0.1,3.8,-0.1,2.6,100,8497,64.87,-8.7
2024-06-22 07:45,0.437,4.3,0.372,0.233,3.4,0.057,0.204,1.6,0.185,-0.1,3.8,-0.1,2.6,100,8528,64.87,-8.6
2024-06-22 08:00,0.437,4.3,0.373,0.232,3.4,0.059,0.204,1.6,0.185,-0.1,3.8,-0.1,2.6,100,8560,64.9,-7.2
2024-06-22 08:15,0.437,4.3,0.373,0.232,3.4,0.058,0.204,1.6,0.185,-0.1,3.8,-0.1,2.6,100,8592,64.92,-5.5
2024-06-22 08:30,0.437,4.3,0.373,0.232,3.4,0.057,0.204,1.6,0.184,-0.1,3.8,-0.1,2.6,100,8630,64.95,-3.2
2024-06-22 08:45,0.437,4.3,0.373,0.232,3.4,0.059,0.204,1.5,0.185,-0.1,3.8,-0.1,2.5,100,8667,64.98,-0.6
2024-06-22 09:00,0.436,4.3,0.373,0.232,3.4,0.057,0.204,1.5,0.184,-0.1,3.8,-0.1,2.5,100,8699,65,1.7
2024-06-22 09:15,0.437,4.3,0.374,0.232,3.4,0.057,0.204,1.5,0.184,-0.1,3.8,-0.1,2.5,100,8720,65.02,3.6
2024-06-22 09:30,0.437,4.3,0.373,0.233,3.4,0.057,0.204,1.5,0.184,-0.1,3.8,-0.1,2.5,100,8730,65.03,5.7
2024-06-22 09:45,0.437,4.3,0.374,0.233,3.4,0.057,0.204,1.5,0.183,-0.1,3.8,-0.1,2.5,100,8744,65.05,7.8
2024-06-22 10:00,0.436,4.3,0.372,0.233,3.4,0.059,0.204,1.5,0.185,-0.1,3.8,-0.1,2.5,100,8748,65.06,9.5
2024-06-22 10:15,0.437,4.3,0.373,0.232,3.4,0.058,0.204,1.5,0.184,-0.1,3.8,-0.1,2.5,100,8744,65.07,11.2
2024-06-22 10:30,0.437,4.3,0.372,0.232,3.4,0.056,0.204,1.5,0.183,-0.1,3.8,-0.1,2.5,100,8742,65.08,12
2024-06-22 10:45,0.437,4.3,0.374,0.232,3.4,0.058,0.204,1.5,0.183,-0.1,3.8,-0.1,2.5,100,8738,65.08,12.6
2024-06-22 11:00,0.437,4.3,0.374,0.232,3.4,0.058,0.204,1.4,0.183,-0.1,3.8,-0.1,2.5,100,8735,65.08,13.2
2024-06-22 11:15,0.437,4.3,0.373,0.232,3.4,0.057,0.204,1.4,0.183,-0.1,3.8,-0.1,2.5,100,8733,65.07,13.3
2024-06-22 11:30,0.437,4.3,0.373,0.232,3.4,0.057,0.204,1.4,0.185,-0.1,3.8,-0.1,2.5,100,8735,65.06,13.7
2024-06-22 11:45,0.437,4.3,0.373,0.232,3.4,0.058,0.204,1.4,0.185,-0.1,3.8,-0.1,2.5,100,8733,65.06,14
2024-06-22 12:00,0.437,4.3,0.374,0.232,3.4,0.057,0.204,1.4,0.184,-0.1,3.7,-0.1,2.5,100,8731,65.05,14.3
2024-06-22 12:15,0.437,4.3,0.374,0.232,3.4,0.058,0.205,1.4,0.184,-0.1,3.7,-0.1,2.5,100,8728,65.02,15.1
2024-06-22 12:30,0.437,4.3,0.373,0.232,3.4,0.058,0.205,1.4,0.184,-0.1,3.7,-0.1,2.5,100,8722,65,16
2024-06-22 12:45,0.437,4.3,0.373,0.232,3.4,0.056,0.205,1.4,0.186,-0.1,3.7,-0.1,2.5,100,8708,64.98,17
2024-06-22 13:00,0.437,4.3,0.373,0.232,3.4,0.057,0.205,1.4,0.184,-0.1,3.7,-0.1,2.4,100,8700,64.95,17
2024-06-22 13:15,0.437,4.3,0.374,0.232,3.4,0.058,0.205,1.4,0.186,-0.1,3.7,-0.1,2.4,100,8700,64.93,16.2
2024-06-22 13:30,0.437,4.3,0.373,0.232,3.4,0.057,0.206,1.4,0.186,-0.1,3.7,-0.1,2.4,100,8704,64.93,15.5
2024-06-22 13:45,0.437,4.3,0.373,0.232,3.4,0.058,0.206,1.4,0.183,-0.1,3.7,-0.1,2.4,100,8707,64.92,15.1
2024-06-22 14:00,0.437,4.3,0.374,0.232,3.4,0.057,0.207,1.4,0.187,-0.1,3.7,-0.1,2.4,100,8712,64.91,14.8
2024-06-22 14:15,0.437,4.3,0.374,0.232,3.4,0.057,0.208,1.4,0.187,-0.1,3.7,-0.1,2.4,100,8714,64.89,14.5
2024-06-22 14:30,0.437,4.3,0.374,0.232,3.4,0.058,0.208,1.4,0.187,-0.1,3.7,-0.1,2.4,100,8719,64.88,14.2
2024-06-22 14:45,0.437,4.3,0.374,0.232,3.4,0.058,0.209,1.4,0.187,-0.1,3.7,-0.1,2.4,100,8717,64.89,14.2
2024-06-22 15:00,0.437,4.3,0.375,0.232,3.4,0.06,0.21,1.4,0.189,-0.1,3.7,-0.1,2.4,100,8716,64.88,13.9
2024-06-22 15:15,0.437,4.3,0.375,0.232,3.4,0.059,0.21,1.4,0.189,-0.1,3.7,-0.1,2.4,100,8716,64.89,13.7
2024-06-22 15:30,0.437,4.3,0.374,0.232,3.4,0.057,0.21,1.5,0.193,-0.1,3.7,-0.1,2.4,100,8712,64.88,13.5
2024-06-22 15:45,0.437,4.3,0.375,0.232,3.3,0.058,0.211,1.6,0.192,-0.1,3.7,-0.1,2.4,100,8709,64.88,13.4
2024-06-22 16:00,0.437,4.3,0.374,0.232,3.3,0.058,0.211,1.7,0.193,-0.1,3.7,-0.1,2.4,100,8702,64.88,13.1
2024-06-22 16:15,0.437,4.3,0.375,0.233,3.3,0.058,0.211,1.8,0.192,-0.1,3.7,-0.1,2.4,100,8700,64.88,12.7
2024-06-22 16:30,0.437,4.3,0.375,0.233,3.3,0.057,0.211,1.9,0.193,-0.1,3.7,-0.1,2.4,100,8690,64.87,12.3
2024-06-22 16:45,0.437,4.3,0.375,0.233,3.3,0.059,0.211,2,0.193,-0.1,3.7,-0.1,2.5,100,8686,64.86,11.8
2024-06-22 17:00,0.437,4.3,0.375,0.233,3.3,0.058,0.211,2.1,0.195,-0.1,3.7,-0.1,2.5,100,8675,64.85,11
2024-06-22 17:15,0.437,4.3,0.375,0.233,3.3,0.059,0.211,2.2,0.194,-0.1,3.7,-0.1,2.5,100,8665,64.85,10.2
2024-06-22 17:30,0.437,4.3,0.374,0.233,3.3,0.059,0.21,2.3,0.194,-0.1,3.7,-0.1,2.5,100,8650,64.85,9.4
2024-06-22 17:45,0.437,4.3,0.375,0.233,3.3,0.058,0.21,2.4,0.193,-0.1,3.7,-0.1,2.6,100,8632,64.85,7.9
2024-06-22 18:00,0.437,4.3,0.375,0.233,3.3,0.061,0.21,2.4,0.195,-0.1,3.7,-0.1,2.6,100,8623,64.85,6.5
2024-06-22 18:15,0.437,4.3,0.375,0.233,3.3,0.06,0.21,2.5,0.193,-0.1,3.7,-0.1,2.6,100,8609,64.85,5.3
2024-06-22 18:30,0.437,4.3,0.375,0.233,3.3,0.061,0.21,2.6,0.193,-0.1,3.7,-0.1,2.6,100,8601,64.86,3.9
2024-06-22 18:45,0.437,4.3,0.374,0.233,3.4,0.06,0.21,2.6,0.193,-0.1,3.7,-0.1,2.7,100,8596,64.85,2.4
2024-06-22 19:00,0.437,4.3,0.375,0.233,3.4,0.06,0.209,2.7,0.195,-0.1,3.7,-0.1,2.7,100,8592,64.85,1.2
2024-06-22 19:15,0.437,4.3,0.375,0.233,3.4,0.06,0.209,2.7,0.195,-0.1,3.7,-0.1,2.7,100,8586,64.85,0.9
2024-06-22 19:30,0.437,4.3,0.375,0.233,3.4,0.06,0.209,2.7,0.192,-0.1,3.7,-0.1,2.8,100,8583,64.85,0.3
2024-06-22 19:45,0.437,4.3,0.375,0.233,3.4,0.061,0.209,2.8,0.193,-0.1,3.7,-0.1,2.8,100,8576,64.85,-0.5
2024-06-22 20:00,0.437,4.3,0.375,0.233,3.4,0.06,0.209,2.8,0.193,-0.1,3.7,-0.1,2.8,100,8570,64.85,-1.5
2024-06-22 20:15,0.437,4.3,0.375,0.233,3.4,0.061,0.209,2.7,0.193,-0.1,3.7,-0.1,2.8,100,8570,64.84,-2.8
2024-06-22 20:30,0.437,4.3,0.375,0.233,3.4,0.061,0.208,2.7,0.193,-0.1,3.7,-0.1,2.9,100,8567,64.85,-3.5
2024-06-22 20:45,0.437,4.3,0.375,0.233,3.4,0.06,0.208,2.7,0.192,-0.1,3.7,-0.1,2.9,100,8563,64.86,-4.2
2024-06-22 21:00,0.437,4.3,0.375,0.234,3.4,0.06,0.208,2.7,0.193,-0.1,3.7,-0.1,2.9,100,8559,64.86,-5
2024-06-22 21:15,0.437,4.3,0.375,0.234,3.4,0.058,0.208,2.7,0.195,-0.1,3.7,-0.1,2.9,100,8561,64.86,-5.1
2024-06-22 21:30,0.437,4.3,0.375,0.234,3.5,0.059,0.208,2.6,0.193,-0.1,3.7,-0.1,2.9,100,8558,64.87,-5.2
2024-06-22 21:45,0.437,4.3,0.376,0.234,3.5,0.06,0.208,2.6,0.193,-0.1,3.7,-0.1,2.9,100,8552,64.87,-5.8
2024-06-22 22:00,0.437,4.3,0.375,0.234,3.5,0.06,0.208,2.6,0.194,-0.1,3.7,-0.1,2.9,100,8550,64.88,-5.9
2024-06-22 22:15,0.437,4.3,0.376,0.234,3.5,0.062,0.207,2.6,0.192,-0.1,3.7,-0.1,2.9,100,8543,64.88,-5.5
2024-06-22 22:30,0.437,4.3,0.376,0.234,3.5,0.06,0.207,2.5,0.191,-0.1,3.7,-0.1,3,100,8545,64.89,-6.7
2024-06-22 22:45,0.437,4.3,0.376,0.233,3.5,0.061,0.207,2.5,0.19,-0.1,3.7,-0.1,3,100,8546,64.89,-7.8
2024-06-22 23:00,0.437,4.3,0.375,0.234,3.5,0.06,0.207,2.5,0.191,-0.1,3.7,-0.1,3,100,8542,64.89,-8.2
2024-06-22 23:15,0.437,4.3,0.375,0.234,3.5,0.061,0.207,2.4,0.189,-0.1,3.8,-0.1,3,100,8542,64.89,-8.4
2024-06-22 23:30,0.437,4.3,0.374,0.233,3.5,0.06,0.207,2.4,0.188,-0.1,3.8,-0.1,3,100,8540,64.89,-8.6
2024-06-22 23:45,0.437,4.3,0.375,0.233,3.5,0.061,0.207,2.4,0.191,-0.1,3.8,-0.1,3,100,8541,64.89,-8.3